[0.032s] Invoking command in '/workspaces/isaac_ros-dev/src/isaac_ros_nvblox/build/nvblox_ros': AMENT_PREFIX_PATH=/workspaces/isaac_ros-dev/src/isaac_ros_nvblox/install/nvblox_rviz_plugin:/workspaces/isaac_ros-dev/src/isaac_ros_nvblox/install/nvblox_ros_python_utils:/workspaces/isaac_ros-dev/src/isaac_ros_nvblox/install/nvblox_ros_common:/workspaces/isaac_ros-dev/src/isaac_ros_nvblox/install/nvblox_msgs:${AMENT_PREFIX_PATH} CMAKE_PREFIX_PATH=/workspaces/isaac_ros-dev/src/isaac_ros_nvblox/install/nvblox_rviz_plugin:/workspaces/isaac_ros-dev/src/isaac_ros_nvblox/install/nvblox_ros_common:/workspaces/isaac_ros-dev/src/isaac_ros_nvblox/install/nvblox_msgs:/opt/ros/humble LD_LIBRARY_PATH=/workspaces/isaac_ros-dev/src/isaac_ros_nvblox/install/nvblox_rviz_plugin/lib:/workspaces/isaac_ros-dev/src/isaac_ros_nvblox/install/nvblox_ros_common/lib:/workspaces/isaac_ros-dev/src/isaac_ros_nvblox/install/nvblox_msgs/lib:${LD_LIBRARY_PATH} PYTHONPATH=/workspaces/isaac_ros-dev/src/isaac_ros_nvblox/build/nvblox_ros_python_utils:/workspaces/isaac_ros-dev/src/isaac_ros_nvblox/install/nvblox_ros_python_utils/lib/python3.10/site-packages:/workspaces/isaac_ros-dev/src/isaac_ros_nvblox/install/nvblox_msgs/local/lib/python3.10/dist-packages:${PYTHONPATH} _=/usr/bin/env /usr/bin/cmake --build /workspaces/isaac_ros-dev/src/isaac_ros_nvblox/build/nvblox_ros -- -j48 -l48
[0.096s] [35m[1mConsolidate compiler generated dependencies of target gtest[0m
[0.098s] [35m[1mConsolidate compiler generated dependencies of target stdgpu[0m
[0.115s] [  3%] Built target ext_eigen
[0.131s] [  4%] Built target gtest
[0.139s] [  6%] Built target stdgpu
[0.151s] [35m[1mConsolidate compiler generated dependencies of target gtest_main[0m
[0.165s] [35m[1mConsolidate compiler generated dependencies of target nvblox_gpu_hash[0m
[0.175s] [  7%] Built target gtest_main
[0.213s] [  9%] Built target nvblox_gpu_hash
[0.277s] [35m[1mConsolidate compiler generated dependencies of target nvblox_lib[0m
[0.430s] [  9%] [32mBuilding CUDA object nvblox_core/nvblox/CMakeFiles/nvblox_lib.dir/src/sensors/image.cu.o[0m
[124.346s] [ 99%] [32m[1mLinking CXX shared library libnvblox_lib.so[0m
[124.649s] [ 99%] Built target nvblox_lib
[124.674s] [35m[1mConsolidate compiler generated dependencies of target sphere_benchmark[0m
[124.675s] [35m[1mConsolidate compiler generated dependencies of target run_memcpy_on_default_cuda_stream[0m
[124.676s] [35m[1mConsolidate compiler generated dependencies of target load_map_and_mesh[0m
[124.679s] [35m[1mConsolidate compiler generated dependencies of target esdf_query[0m
[124.679s] [35m[1mConsolidate compiler generated dependencies of target nvblox_datasets[0m
[124.695s] [35m[1mConsolidate compiler generated dependencies of target nvblox_ros_lib[0m
[124.700s] [ 99%] [32m[1mLinking CXX executable run_memcpy_on_default_cuda_stream[0m
[124.707s] [ 99%] [32m[1mLinking CXX executable sphere_benchmark[0m
[124.711s] [ 99%] [32m[1mLinking CXX executable load_map_and_mesh[0m
[124.724s] [ 99%] [32m[1mLinking CXX shared library libnvblox_datasets.so[0m
[124.728s] [ 99%] [32m[1mLinking CXX executable esdf_query[0m
[124.824s] [ 99%] [32m[1mLinking CXX shared library libnvblox_ros_lib.so[0m
[124.825s] [ 99%] Built target run_memcpy_on_default_cuda_stream
[124.841s] [ 99%] Built target load_map_and_mesh
[124.843s] [ 99%] Built target sphere_benchmark
[124.843s] [ 99%] Built target nvblox_datasets
[124.860s] [ 99%] Built target esdf_query
[124.866s] [35m[1mConsolidate compiler generated dependencies of target fuse_3dmatch[0m
[124.866s] [35m[1mConsolidate compiler generated dependencies of target fuse_redwood[0m
[124.867s] [35m[1mConsolidate compiler generated dependencies of target fuse_replica[0m
[124.867s] [35m[1mConsolidate compiler generated dependencies of target test_bench[0m
[124.880s] [35m[1mConsolidate compiler generated dependencies of target nvblox_test_utils[0m
[124.902s] [ 99%] [32m[1mLinking CXX executable fuse_replica[0m
[124.902s] [ 99%] [32m[1mLinking CXX executable fuse_3dmatch[0m
[124.902s] [ 99%] [32m[1mLinking CXX executable test_bench[0m
[124.903s] [ 99%] [32m[1mLinking CXX executable fuse_redwood[0m
[124.961s] [ 99%] [32m[1mLinking CXX shared library libnvblox_test_utils.so[0m
[125.005s] [ 99%] Built target test_bench
[125.030s] [ 99%] Built target fuse_replica
[125.031s] [ 99%] Built target fuse_3dmatch
[125.045s] [ 99%] Built target fuse_redwood
[125.115s] [ 99%] Built target nvblox_test_utils
[125.152s] [35m[1mConsolidate compiler generated dependencies of target test_3d_interpolation[0m
[125.155s] [35m[1mConsolidate compiler generated dependencies of target test_blox[0m
[125.156s] [35m[1mConsolidate compiler generated dependencies of target test_bounding_spheres[0m
[125.156s] [35m[1mConsolidate compiler generated dependencies of target test_3dmatch[0m
[125.162s] [35m[1mConsolidate compiler generated dependencies of target test_camera[0m
[125.166s] [35m[1mConsolidate compiler generated dependencies of target test_connected_components[0m
[125.167s] [35m[1mConsolidate compiler generated dependencies of target test_color_image[0m
[125.167s] [35m[1mConsolidate compiler generated dependencies of target test_frustum[0m
[125.167s] [35m[1mConsolidate compiler generated dependencies of target test_cake[0m
[125.167s] [35m[1mConsolidate compiler generated dependencies of target test_color_integrator[0m
[125.167s] [35m[1mConsolidate compiler generated dependencies of target test_image_masker[0m
[125.167s] [35m[1mConsolidate compiler generated dependencies of target test_cuda_stream[0m
[125.167s] [35m[1mConsolidate compiler generated dependencies of target test_fuser[0m
[125.169s] [35m[1mConsolidate compiler generated dependencies of target test_gpu_layer_view[0m
[125.169s] [35m[1mConsolidate compiler generated dependencies of target test_for_memory_leaks[0m
[125.169s] [35m[1mConsolidate compiler generated dependencies of target test_indexing[0m
[125.170s] [35m[1mConsolidate compiler generated dependencies of target test_freespace_integrator[0m
[125.170s] [35m[1mConsolidate compiler generated dependencies of target test_depth_image[0m
[125.171s] [35m[1mConsolidate compiler generated dependencies of target test_image_io[0m
[125.177s] [35m[1mConsolidate compiler generated dependencies of target test_mesh_serializer[0m
[125.177s] [35m[1mConsolidate compiler generated dependencies of target test_scene[0m
[125.177s] [35m[1mConsolidate compiler generated dependencies of target test_mapper_block_allocation[0m
[125.177s] [35m[1mConsolidate compiler generated dependencies of target test_mapper[0m
[125.177s] [35m[1mConsolidate compiler generated dependencies of target test_dynamics[0m
[125.177s] [35m[1mConsolidate compiler generated dependencies of target test_occupancy_decay[0m
[125.177s] [35m[1mConsolidate compiler generated dependencies of target test_lidar_integration[0m
[125.177s] [35m[1mConsolidate compiler generated dependencies of target test_multi_mapper[0m
[125.177s] [35m[1mConsolidate compiler generated dependencies of target test_image_projector[0m
[125.177s] [35m[1mConsolidate compiler generated dependencies of target test_pointcloud[0m
[125.180s] [35m[1mConsolidate compiler generated dependencies of target test_ray_caster[0m
[125.180s] [35m[1mConsolidate compiler generated dependencies of target test_nvtx_ranges[0m
[125.180s] [35m[1mConsolidate compiler generated dependencies of target test_lidar[0m
[125.180s] [35m[1mConsolidate compiler generated dependencies of target test_serialization[0m
[125.180s] [35m[1mConsolidate compiler generated dependencies of target test_time[0m
[125.184s] [35m[1mConsolidate compiler generated dependencies of target test_mesh_coloring[0m
[125.184s] [35m[1mConsolidate compiler generated dependencies of target test_layer[0m
[125.184s] [35m[1mConsolidate compiler generated dependencies of target test_traits[0m
[125.184s] [35m[1mConsolidate compiler generated dependencies of target test_occupancy_integrator[0m
[125.184s] [35m[1mConsolidate compiler generated dependencies of target test_sphere_tracing[0m
[125.184s] [35m[1mConsolidate compiler generated dependencies of target test_tsdf_integrator_cuda_components[0m
[125.184s] [35m[1mConsolidate compiler generated dependencies of target test_tsdf_integrator[0m
[125.184s] [35m[1mConsolidate compiler generated dependencies of target test_unified_3d_grid[0m
[125.187s] [35m[1mConsolidate compiler generated dependencies of target test_mesh[0m
[125.188s] [35m[1mConsolidate compiler generated dependencies of target test_tsdf_decay[0m
[125.189s] [35m[1mConsolidate compiler generated dependencies of target test_unified_ptr[0m
[125.206s] [35m[1mConsolidate compiler generated dependencies of target test_weighting_function[0m
[125.209s] [ 99%] [32m[1mLinking CXX executable test_3d_interpolation[0m
[125.210s] [ 99%] [32m[1mLinking CXX executable test_bounding_spheres[0m
[125.217s] [35m[1mConsolidate compiler generated dependencies of target test_unified_vector[0m
[125.226s] [ 99%] [32m[1mLinking CXX executable test_color_integrator[0m
[125.226s] [ 99%] [32m[1mLinking CXX executable test_cuda_stream[0m
[125.227s] [ 99%] [32m[1mLinking CXX executable test_3dmatch[0m
[125.232s] [ 99%] [32m[1mLinking CXX executable test_blox[0m
[125.234s] [ 99%] [32m[1mLinking CXX executable test_connected_components[0m
[125.234s] [ 99%] [32m[1mLinking CXX executable test_color_image[0m
[125.237s] [ 99%] [32m[1mLinking CXX executable test_camera[0m
[125.238s] [ 99%] [32m[1mLinking CXX executable test_fuser[0m
[125.240s] [ 99%] [32m[1mLinking CXX executable test_cake[0m
[125.247s] [ 99%] [32m[1mLinking CXX executable test_gpu_layer_view[0m
[125.247s] [ 99%] [32m[1mLinking CXX executable test_for_memory_leaks[0m
[125.247s] [ 99%] [32m[1mLinking CXX executable test_dynamics[0m
[125.251s] [ 99%] [32m[1mLinking CXX executable test_depth_image[0m
[125.251s] [ 99%] [32m[1mLinking CXX executable test_indexing[0m
[125.258s] [ 99%] [32m[1mLinking CXX executable test_frustum[0m
[125.258s] [ 99%] [32m[1mLinking CXX executable test_mapper[0m
[125.258s] [ 99%] [32m[1mLinking CXX executable test_mapper_block_allocation[0m
[125.267s] [ 99%] [32m[1mLinking CXX executable test_image_masker[0m
[125.267s] [ 99%] [32m[1mLinking CXX executable test_freespace_integrator[0m
[125.282s] [ 99%] [32m[1mLinking CXX executable test_pointcloud[0m
[125.283s] [ 99%] [32m[1mLinking CXX executable test_multi_mapper[0m
[125.283s] [ 99%] [32m[1mLinking CXX executable test_image_io[0m
[125.283s] [ 99%] [32m[1mLinking CXX executable test_ray_caster[0m
[125.283s] [ 99%] [32m[1mLinking CXX executable test_mesh_serializer[0m
[125.283s] [ 99%] [32m[1mLinking CXX executable test_time[0m
[125.283s] [ 99%] [32m[1mLinking CXX executable test_image_projector[0m
[125.284s] [ 99%] [32m[1mLinking CXX executable test_occupancy_decay[0m
[125.284s] [ 99%] [32m[1mLinking CXX executable test_mesh_coloring[0m
[125.286s] [ 99%] [32m[1mLinking CXX executable test_lidar[0m
[125.286s] [ 99%] [32m[1mLinking CXX executable test_lidar_integration[0m
[125.287s] [ 99%] [32m[1mLinking CXX executable test_layer[0m
[125.294s] [ 99%] [32m[1mLinking CXX executable test_sphere_tracing[0m
[125.294s] [ 99%] [32m[1mLinking CXX executable test_mesh[0m
[125.297s] [ 99%] [32m[1mLinking CXX executable test_scene[0m
[125.298s] [ 99%] [32m[1mLinking CXX executable test_serialization[0m
[125.298s] [ 99%] [32m[1mLinking CXX executable test_weighting_function[0m
[125.301s] [ 99%] [32m[1mLinking CXX executable test_unified_vector[0m
[125.301s] [ 99%] [32m[1mLinking CXX executable test_tsdf_decay[0m
[125.301s] [ 99%] [32m[1mLinking CXX executable test_nvtx_ranges[0m
[125.302s] [ 99%] [32m[1mLinking CXX executable test_occupancy_integrator[0m
[125.305s] [ 99%] [32m[1mLinking CXX executable test_traits[0m
[125.307s] [ 99%] [32m[1mLinking CXX executable test_unified_3d_grid[0m
[125.309s] [ 99%] [32m[1mLinking CXX executable test_unified_ptr[0m
[125.317s] [ 99%] [32m[1mLinking CXX executable test_tsdf_integrator[0m
[125.332s] [ 99%] [32m[1mLinking CXX executable test_tsdf_integrator_cuda_components[0m
[125.595s] [ 99%] Built target test_bounding_spheres
[125.597s] [ 99%] Built target test_3d_interpolation
[125.627s] [ 99%] Built target test_connected_components
[125.629s] [ 99%] Built target test_cake
[125.631s] [ 99%] Built target test_camera
[125.635s] [ 99%] Built target test_time
[125.635s] [ 99%] Built target test_3dmatch
[125.640s] [ 99%] Built target test_traits
[125.641s] [ 99%] Built target test_dynamics
[125.643s] [ 99%] Built target test_mapper
[125.646s] [ 99%] Built target test_gpu_layer_view
[125.648s] [ 99%] Built target test_freespace_integrator
[125.648s] [ 99%] Built target test_blox
[125.649s] [ 99%] Built target test_indexing
[125.650s] [ 99%] Built target test_multi_mapper
[125.651s] [ 99%] Built target test_frustum
[125.654s] [ 99%] Built target test_pointcloud
[125.654s] [35m[1mConsolidate compiler generated dependencies of target test_rates[0m
[125.654s] [ 99%] Built target test_ray_caster
[125.657s] [ 99%] Built target test_cuda_stream
[125.659s] [ 99%] Built target test_lidar_integration
[125.661s] [ 99%] Built target test_image_io
[125.663s] [ 99%] Built target test_mesh_serializer
[125.663s] [ 99%] Built target test_mapper_block_allocation
[125.669s] [ 99%] Built target test_for_memory_leaks
[125.669s] [ 99%] Built target test_occupancy_decay
[125.669s] [ 99%] Built target test_mesh
[125.670s] [ 99%] Built target test_unified_vector
[125.678s] [ 99%] Built target test_nvtx_ranges
[125.680s] [35m[1mConsolidate compiler generated dependencies of target test_mesh_streamer[0m
[125.680s] [ 99%] Built target test_color_image
[125.680s] [35m[1mConsolidate compiler generated dependencies of target test_npp_image_operations[0m
[125.682s] [ 99%] Built target test_layer
[125.682s] [35m[1mConsolidate compiler generated dependencies of target test_depth_image_preprocessing[0m
[125.682s] [ 99%] Built target test_image_masker
[125.683s] [ 99%] Built target test_lidar
[125.683s] [ 99%] Built target test_occupancy_integrator
[125.684s] [35m[1mConsolidate compiler generated dependencies of target test_image_cache[0m
[125.684s] [35m[1mConsolidate compiler generated dependencies of target test_layer_serializer_gpu[0m
[125.684s] [ 99%] Built target test_tsdf_decay
[125.685s] [ 99%] Built target test_fuser
[125.686s] [35m[1mConsolidate compiler generated dependencies of target test_params[0m
[125.688s] [ 99%] Built target test_sphere_tracing
[125.690s] [ 99%] Built target test_depth_image
[125.690s] [ 99%] Built target test_unified_3d_grid
[125.690s] [ 99%] Built target test_mesh_coloring
[125.691s] [ 99%] Built target test_color_integrator
[125.693s] [ 99%] Built target nvblox_ros_lib
[125.694s] [35m[1mConsolidate compiler generated dependencies of target test_block_memory_pool[0m
[125.695s] [35m[1mConsolidate compiler generated dependencies of target benchmark[0m
[125.696s] [35m[1mConsolidate compiler generated dependencies of target test_esdf_integrator[0m
[125.696s] [ 99%] [32m[1mLinking CXX executable test_rates[0m
[125.697s] [35m[1mConsolidate compiler generated dependencies of target test_delays[0m
[125.703s] [ 99%] Built target test_image_projector
[125.714s] [ 99%] Built target test_tsdf_integrator
[125.718s] [ 99%] Built target test_weighting_function
[125.722s] [ 99%] [32m[1mLinking CXX executable test_image_cache[0m
[125.723s] [ 99%] Built target test_scene
[125.724s] [ 99%] Built target test_serialization
[125.726s] [ 99%] [32m[1mLinking CXX executable test_params[0m
[125.726s] [ 99%] [32mBuilding CUDA object nvblox_core/nvblox/tests/CMakeFiles/regression_test_query_after_clear.dir/regression_test_query_after_clear.cu.o[0m
[125.727s] [ 99%] [32m[1mLinking CXX executable test_mesh_streamer[0m
[125.727s] [ 99%] [32mBuilding CUDA object nvblox_core/nvblox/tests/CMakeFiles/test_layer_to_3d_grid.dir/test_layer_to_3d_grid.cu.o[0m
[125.728s] [ 99%] [32m[1mLinking CXX executable test_depth_image_preprocessing[0m
[125.730s] [ 99%] [32m[1mLinking CXX executable test_npp_image_operations[0m
[125.731s] [ 99%] [32m[1mLinking CXX executable test_delays[0m
[125.731s] [ 99%] [32m[1mLinking CXX executable test_layer_serializer_gpu[0m
[125.732s] [ 99%] Built target test_tsdf_integrator_cuda_components
[125.735s] [ 99%] Built target test_unified_ptr
[125.741s] [ 99%] [32m[1mLinking CXX executable benchmark[0m
[125.742s] [ 99%] [32m[1mLinking CXX executable test_esdf_integrator[0m
[125.743s] [ 99%] [32m[1mLinking CXX executable test_block_memory_pool[0m
[125.751s] [ 99%] [32mBuilding CXX object test/unit_tests/CMakeFiles/test_esdf_and_gradient_conversions.dir/test_esdf_and_gradient_conversions.cpp.o[0m
[125.752s] [ 99%] [32mBuilding CXX object CMakeFiles/nvblox_human_node.dir/src/nvblox_human_node_main.cpp.o[0m
[125.753s] [ 99%] [32mBuilding CXX object test/unit_tests/CMakeFiles/test_nvblox_node_params.dir/test_nvblox_node_params.cpp.o[0m
[125.757s] [ 99%] [32mBuilding CXX object CMakeFiles/nvblox_node.dir/src/nvblox_node_main.cpp.o[0m
[125.887s] [ 99%] Built target benchmark
[125.888s] [ 99%] Built target test_rates
[125.913s] [ 99%] Built target test_delays
[125.917s] [ 99%] Built target test_params
[125.920s] [ 99%] Built target test_depth_image_preprocessing
[125.931s] [ 99%] Built target test_npp_image_operations
[125.934s] [ 99%] Built target test_image_cache
[125.940s] [ 99%] Built target test_layer_serializer_gpu
[125.940s] [ 99%] Built target test_block_memory_pool
[125.940s] [ 99%] Built target test_mesh_streamer
[125.946s] [ 99%] Built target test_esdf_integrator
[130.640s] [100%] [32m[1mLinking CXX executable test_esdf_and_gradient_conversions[0m
[131.012s] [100%] Built target test_esdf_and_gradient_conversions
[131.244s] [100%] [32m[1mLinking CXX executable test_nvblox_node_params[0m
[131.586s] [100%] Built target test_nvblox_node_params
[138.241s] [100%] [32m[1mLinking CXX executable nvblox_node[0m
[138.552s] [100%] Built target nvblox_node
[144.280s] [100%] [32m[1mLinking CXX executable nvblox_human_node[0m
[144.671s] [100%] Built target nvblox_human_node
[166.152s] [100%] [32m[1mLinking CXX executable regression_test_query_after_clear[0m
[166.314s] [100%] Built target regression_test_query_after_clear
[179.924s] [32m[1mLinking CXX executable test_layer_to_3d_grid[0m
[180.084s] Built target test_layer_to_3d_grid
[180.098s] Invoked command in '/workspaces/isaac_ros-dev/src/isaac_ros_nvblox/build/nvblox_ros' returned '0': AMENT_PREFIX_PATH=/workspaces/isaac_ros-dev/src/isaac_ros_nvblox/install/nvblox_rviz_plugin:/workspaces/isaac_ros-dev/src/isaac_ros_nvblox/install/nvblox_ros_python_utils:/workspaces/isaac_ros-dev/src/isaac_ros_nvblox/install/nvblox_ros_common:/workspaces/isaac_ros-dev/src/isaac_ros_nvblox/install/nvblox_msgs:${AMENT_PREFIX_PATH} CMAKE_PREFIX_PATH=/workspaces/isaac_ros-dev/src/isaac_ros_nvblox/install/nvblox_rviz_plugin:/workspaces/isaac_ros-dev/src/isaac_ros_nvblox/install/nvblox_ros_common:/workspaces/isaac_ros-dev/src/isaac_ros_nvblox/install/nvblox_msgs:/opt/ros/humble LD_LIBRARY_PATH=/workspaces/isaac_ros-dev/src/isaac_ros_nvblox/install/nvblox_rviz_plugin/lib:/workspaces/isaac_ros-dev/src/isaac_ros_nvblox/install/nvblox_ros_common/lib:/workspaces/isaac_ros-dev/src/isaac_ros_nvblox/install/nvblox_msgs/lib:${LD_LIBRARY_PATH} PYTHONPATH=/workspaces/isaac_ros-dev/src/isaac_ros_nvblox/build/nvblox_ros_python_utils:/workspaces/isaac_ros-dev/src/isaac_ros_nvblox/install/nvblox_ros_python_utils/lib/python3.10/site-packages:/workspaces/isaac_ros-dev/src/isaac_ros_nvblox/install/nvblox_msgs/local/lib/python3.10/dist-packages:${PYTHONPATH} _=/usr/bin/env /usr/bin/cmake --build /workspaces/isaac_ros-dev/src/isaac_ros_nvblox/build/nvblox_ros -- -j48 -l48
[181.691s] Invoking command in '/workspaces/isaac_ros-dev/src/isaac_ros_nvblox/build/nvblox_ros': AMENT_PREFIX_PATH=/workspaces/isaac_ros-dev/src/isaac_ros_nvblox/install/nvblox_rviz_plugin:/workspaces/isaac_ros-dev/src/isaac_ros_nvblox/install/nvblox_ros_python_utils:/workspaces/isaac_ros-dev/src/isaac_ros_nvblox/install/nvblox_ros_common:/workspaces/isaac_ros-dev/src/isaac_ros_nvblox/install/nvblox_msgs:${AMENT_PREFIX_PATH} CMAKE_PREFIX_PATH=/workspaces/isaac_ros-dev/src/isaac_ros_nvblox/install/nvblox_rviz_plugin:/workspaces/isaac_ros-dev/src/isaac_ros_nvblox/install/nvblox_ros_common:/workspaces/isaac_ros-dev/src/isaac_ros_nvblox/install/nvblox_msgs:/opt/ros/humble LD_LIBRARY_PATH=/workspaces/isaac_ros-dev/src/isaac_ros_nvblox/install/nvblox_rviz_plugin/lib:/workspaces/isaac_ros-dev/src/isaac_ros_nvblox/install/nvblox_ros_common/lib:/workspaces/isaac_ros-dev/src/isaac_ros_nvblox/install/nvblox_msgs/lib:${LD_LIBRARY_PATH} PYTHONPATH=/workspaces/isaac_ros-dev/src/isaac_ros_nvblox/build/nvblox_ros_python_utils:/workspaces/isaac_ros-dev/src/isaac_ros_nvblox/install/nvblox_ros_python_utils/lib/python3.10/site-packages:/workspaces/isaac_ros-dev/src/isaac_ros_nvblox/install/nvblox_msgs/local/lib/python3.10/dist-packages:${PYTHONPATH} _=/usr/bin/env /usr/bin/cmake --install /workspaces/isaac_ros-dev/src/isaac_ros_nvblox/build/nvblox_ros
[181.699s] -- Install configuration: "Release"
[181.700s] -- Execute custom install script
[181.702s] -- Up-to-date symlink: /workspaces/isaac_ros-dev/src/isaac_ros_nvblox/install/nvblox_ros/include/nvblox/core/color.h
[181.702s] -- Up-to-date symlink: /workspaces/isaac_ros-dev/src/isaac_ros_nvblox/install/nvblox_ros/include/nvblox/core/cuda_stream.h
[181.702s] -- Up-to-date symlink: /workspaces/isaac_ros-dev/src/isaac_ros_nvblox/install/nvblox_ros/include/nvblox/core/hash.h
[181.702s] -- Up-to-date symlink: /workspaces/isaac_ros-dev/src/isaac_ros_nvblox/install/nvblox_ros/include/nvblox/core/indexing.h
[181.702s] -- Up-to-date symlink: /workspaces/isaac_ros-dev/src/isaac_ros_nvblox/install/nvblox_ros/include/nvblox/core/internal/cuda/atomic_float.cuh
[181.703s] -- Up-to-date symlink: /workspaces/isaac_ros-dev/src/isaac_ros_nvblox/install/nvblox_ros/include/nvblox/core/internal/cuda/impl/atomic_float_impl.cuh
[181.703s] -- Up-to-date symlink: /workspaces/isaac_ros-dev/src/isaac_ros_nvblox/install/nvblox_ros/include/nvblox/core/internal/error_check.h
[181.703s] -- Up-to-date symlink: /workspaces/isaac_ros-dev/src/isaac_ros_nvblox/install/nvblox_ros/include/nvblox/core/internal/impl/indexing_impl.h
[181.703s] -- Up-to-date symlink: /workspaces/isaac_ros-dev/src/isaac_ros_nvblox/install/nvblox_ros/include/nvblox/core/internal/impl/unified_ptr_impl.h
[181.703s] -- Up-to-date symlink: /workspaces/isaac_ros-dev/src/isaac_ros_nvblox/install/nvblox_ros/include/nvblox/core/internal/impl/unified_vector_impl.h
[181.703s] -- Up-to-date symlink: /workspaces/isaac_ros-dev/src/isaac_ros_nvblox/install/nvblox_ros/include/nvblox/core/internal/impl/variadic_template_tools_impl.h
[181.703s] -- Up-to-date symlink: /workspaces/isaac_ros-dev/src/isaac_ros_nvblox/install/nvblox_ros/include/nvblox/core/internal/warmup_cuda.h
[181.703s] -- Up-to-date symlink: /workspaces/isaac_ros-dev/src/isaac_ros_nvblox/install/nvblox_ros/include/nvblox/core/iterator.h
[181.704s] -- Up-to-date symlink: /workspaces/isaac_ros-dev/src/isaac_ros_nvblox/install/nvblox_ros/include/nvblox/core/log_odds.h
[181.704s] -- Up-to-date symlink: /workspaces/isaac_ros-dev/src/isaac_ros_nvblox/install/nvblox_ros/include/nvblox/core/parameter_tree.h
[181.704s] -- Up-to-date symlink: /workspaces/isaac_ros-dev/src/isaac_ros_nvblox/install/nvblox_ros/include/nvblox/core/time.h
[181.704s] -- Up-to-date symlink: /workspaces/isaac_ros-dev/src/isaac_ros_nvblox/install/nvblox_ros/include/nvblox/core/traits.h
[181.704s] -- Up-to-date symlink: /workspaces/isaac_ros-dev/src/isaac_ros_nvblox/install/nvblox_ros/include/nvblox/core/types.h
[181.704s] -- Up-to-date symlink: /workspaces/isaac_ros-dev/src/isaac_ros_nvblox/install/nvblox_ros/include/nvblox/core/unified_ptr.h
[181.704s] -- Up-to-date symlink: /workspaces/isaac_ros-dev/src/isaac_ros_nvblox/install/nvblox_ros/include/nvblox/core/unified_vector.h
[181.704s] -- Up-to-date symlink: /workspaces/isaac_ros-dev/src/isaac_ros_nvblox/install/nvblox_ros/include/nvblox/core/variadic_template_tools.h
[181.704s] -- Up-to-date symlink: /workspaces/isaac_ros-dev/src/isaac_ros_nvblox/install/nvblox_ros/include/nvblox/dynamics/dynamics_detection.h
[181.704s] -- Up-to-date symlink: /workspaces/isaac_ros-dev/src/isaac_ros_nvblox/install/nvblox_ros/include/nvblox/geometry/bounding_boxes.h
[181.705s] -- Up-to-date symlink: /workspaces/isaac_ros-dev/src/isaac_ros_nvblox/install/nvblox_ros/include/nvblox/geometry/bounding_spheres.h
[181.705s] -- Up-to-date symlink: /workspaces/isaac_ros-dev/src/isaac_ros_nvblox/install/nvblox_ros/include/nvblox/geometry/internal/impl/bounding_boxes_impl.h
[181.705s] -- Up-to-date symlink: /workspaces/isaac_ros-dev/src/isaac_ros_nvblox/install/nvblox_ros/include/nvblox/gpu_hash/gpu_layer_view.h
[181.705s] -- Up-to-date symlink: /workspaces/isaac_ros-dev/src/isaac_ros_nvblox/install/nvblox_ros/include/nvblox/gpu_hash/internal/cuda/gpu_hash_interface.cuh
[181.705s] -- Up-to-date symlink: /workspaces/isaac_ros-dev/src/isaac_ros_nvblox/install/nvblox_ros/include/nvblox/gpu_hash/internal/cuda/gpu_indexing.cuh
[181.705s] -- Up-to-date symlink: /workspaces/isaac_ros-dev/src/isaac_ros_nvblox/install/nvblox_ros/include/nvblox/gpu_hash/internal/cuda/gpu_set.cuh
[181.705s] -- Up-to-date symlink: /workspaces/isaac_ros-dev/src/isaac_ros_nvblox/install/nvblox_ros/include/nvblox/gpu_hash/internal/cuda/impl/gpu_hash_interface_impl.cuh
[181.705s] -- Up-to-date symlink: /workspaces/isaac_ros-dev/src/isaac_ros_nvblox/install/nvblox_ros/include/nvblox/gpu_hash/internal/cuda/impl/gpu_layer_view_impl.cuh
[181.706s] -- Up-to-date symlink: /workspaces/isaac_ros-dev/src/isaac_ros_nvblox/install/nvblox_ros/include/nvblox/integrators/esdf_integrator.h
[181.706s] -- Up-to-date symlink: /workspaces/isaac_ros-dev/src/isaac_ros_nvblox/install/nvblox_ros/include/nvblox/integrators/esdf_integrator_params.h
[181.706s] -- Up-to-date symlink: /workspaces/isaac_ros-dev/src/isaac_ros_nvblox/install/nvblox_ros/include/nvblox/integrators/esdf_slicer.h
[181.706s] -- Up-to-date symlink: /workspaces/isaac_ros-dev/src/isaac_ros_nvblox/install/nvblox_ros/include/nvblox/integrators/freespace_integrator.h
[181.706s] -- Up-to-date symlink: /workspaces/isaac_ros-dev/src/isaac_ros_nvblox/install/nvblox_ros/include/nvblox/integrators/freespace_integrator_params.h
[181.706s] -- Up-to-date symlink: /workspaces/isaac_ros-dev/src/isaac_ros_nvblox/install/nvblox_ros/include/nvblox/integrators/internal/cuda/impl/decayer_impl.cuh
[181.706s] -- Up-to-date symlink: /workspaces/isaac_ros-dev/src/isaac_ros_nvblox/install/nvblox_ros/include/nvblox/integrators/internal/cuda/impl/projective_integrator_impl.cuh
[181.706s] -- Up-to-date symlink: /workspaces/isaac_ros-dev/src/isaac_ros_nvblox/install/nvblox_ros/include/nvblox/integrators/internal/cuda/impl/projective_integrators_common_impl.cuh
[181.706s] -- Up-to-date symlink: /workspaces/isaac_ros-dev/src/isaac_ros_nvblox/install/nvblox_ros/include/nvblox/integrators/internal/cuda/projective_integrators_common.cuh
[181.707s] -- Up-to-date symlink: /workspaces/isaac_ros-dev/src/isaac_ros_nvblox/install/nvblox_ros/include/nvblox/integrators/internal/decay_integrator_base.h
[181.707s] -- Up-to-date symlink: /workspaces/isaac_ros-dev/src/isaac_ros_nvblox/install/nvblox_ros/include/nvblox/integrators/internal/decay_integrator_base_params.h
[181.707s] -- Up-to-date symlink: /workspaces/isaac_ros-dev/src/isaac_ros_nvblox/install/nvblox_ros/include/nvblox/integrators/internal/decayer.h
[181.707s] -- Up-to-date symlink: /workspaces/isaac_ros-dev/src/isaac_ros_nvblox/install/nvblox_ros/include/nvblox/integrators/internal/impl/decay_integrator_impl.h
[181.707s] -- Up-to-date symlink: /workspaces/isaac_ros-dev/src/isaac_ros_nvblox/install/nvblox_ros/include/nvblox/integrators/internal/impl/integrators_common_impl.h
[181.707s] -- Up-to-date symlink: /workspaces/isaac_ros-dev/src/isaac_ros_nvblox/install/nvblox_ros/include/nvblox/integrators/internal/impl/projective_integrator_impl.h
[181.707s] -- Up-to-date symlink: /workspaces/isaac_ros-dev/src/isaac_ros_nvblox/install/nvblox_ros/include/nvblox/integrators/internal/impl/weighting_function_impl.h
[181.707s] -- Up-to-date symlink: /workspaces/isaac_ros-dev/src/isaac_ros_nvblox/install/nvblox_ros/include/nvblox/integrators/internal/integrators_common.h
[181.708s] -- Up-to-date symlink: /workspaces/isaac_ros-dev/src/isaac_ros_nvblox/install/nvblox_ros/include/nvblox/integrators/internal/projective_integrator.h
[181.708s] -- Up-to-date symlink: /workspaces/isaac_ros-dev/src/isaac_ros_nvblox/install/nvblox_ros/include/nvblox/integrators/mesh_integrator_params.h
[181.708s] -- Up-to-date symlink: /workspaces/isaac_ros-dev/src/isaac_ros_nvblox/install/nvblox_ros/include/nvblox/integrators/occupancy_decay_integrator.h
[181.708s] -- Up-to-date symlink: /workspaces/isaac_ros-dev/src/isaac_ros_nvblox/install/nvblox_ros/include/nvblox/integrators/occupancy_decay_integrator_params.h
[181.708s] -- Up-to-date symlink: /workspaces/isaac_ros-dev/src/isaac_ros_nvblox/install/nvblox_ros/include/nvblox/integrators/occupancy_integrator_params.h
[181.708s] -- Up-to-date symlink: /workspaces/isaac_ros-dev/src/isaac_ros_nvblox/install/nvblox_ros/include/nvblox/integrators/projective_color_integrator.h
[181.708s] -- Up-to-date symlink: /workspaces/isaac_ros-dev/src/isaac_ros_nvblox/install/nvblox_ros/include/nvblox/integrators/projective_integrator_params.h
[181.708s] -- Up-to-date symlink: /workspaces/isaac_ros-dev/src/isaac_ros_nvblox/install/nvblox_ros/include/nvblox/integrators/projective_occupancy_integrator.h
[181.708s] -- Up-to-date symlink: /workspaces/isaac_ros-dev/src/isaac_ros_nvblox/install/nvblox_ros/include/nvblox/integrators/projective_tsdf_integrator.h
[181.709s] -- Up-to-date symlink: /workspaces/isaac_ros-dev/src/isaac_ros_nvblox/install/nvblox_ros/include/nvblox/integrators/tsdf_decay_integrator.h
[181.709s] -- Up-to-date symlink: /workspaces/isaac_ros-dev/src/isaac_ros_nvblox/install/nvblox_ros/include/nvblox/integrators/tsdf_decay_integrator_params.h
[181.709s] -- Up-to-date symlink: /workspaces/isaac_ros-dev/src/isaac_ros_nvblox/install/nvblox_ros/include/nvblox/integrators/view_calculator.h
[181.709s] -- Up-to-date symlink: /workspaces/isaac_ros-dev/src/isaac_ros_nvblox/install/nvblox_ros/include/nvblox/integrators/weighting_function.h
[181.709s] -- Up-to-date symlink: /workspaces/isaac_ros-dev/src/isaac_ros_nvblox/install/nvblox_ros/include/nvblox/interpolation/internal/impl/interpolation_2d_impl.h
[181.709s] -- Up-to-date symlink: /workspaces/isaac_ros-dev/src/isaac_ros_nvblox/install/nvblox_ros/include/nvblox/interpolation/internal/impl/interpolation_3d_impl.h
[181.709s] -- Up-to-date symlink: /workspaces/isaac_ros-dev/src/isaac_ros_nvblox/install/nvblox_ros/include/nvblox/interpolation/interpolation_2d.h
[181.709s] -- Up-to-date symlink: /workspaces/isaac_ros-dev/src/isaac_ros_nvblox/install/nvblox_ros/include/nvblox/interpolation/interpolation_3d.h
[181.709s] -- Up-to-date symlink: /workspaces/isaac_ros-dev/src/isaac_ros_nvblox/install/nvblox_ros/include/nvblox/io/csv.h
[181.709s] -- Up-to-date symlink: /workspaces/isaac_ros-dev/src/isaac_ros_nvblox/install/nvblox_ros/include/nvblox/io/image_io.h
[181.710s] -- Up-to-date symlink: /workspaces/isaac_ros-dev/src/isaac_ros_nvblox/install/nvblox_ros/include/nvblox/io/internal/impl/csv_impl.h
[181.710s] -- Up-to-date symlink: /workspaces/isaac_ros-dev/src/isaac_ros_nvblox/install/nvblox_ros/include/nvblox/io/internal/impl/pointcloud_io_impl.h
[181.710s] -- Up-to-date symlink: /workspaces/isaac_ros-dev/src/isaac_ros_nvblox/install/nvblox_ros/include/nvblox/io/internal/thirdparty/stb_image.h
[181.710s] -- Up-to-date symlink: /workspaces/isaac_ros-dev/src/isaac_ros_nvblox/install/nvblox_ros/include/nvblox/io/internal/thirdparty/stb_image_write.h
[181.710s] -- Up-to-date symlink: /workspaces/isaac_ros-dev/src/isaac_ros_nvblox/install/nvblox_ros/include/nvblox/io/layer_cake_io.h
[181.710s] -- Up-to-date symlink: /workspaces/isaac_ros-dev/src/isaac_ros_nvblox/install/nvblox_ros/include/nvblox/io/mesh_io.h
[181.710s] -- Up-to-date symlink: /workspaces/isaac_ros-dev/src/isaac_ros_nvblox/install/nvblox_ros/include/nvblox/io/ply_writer.h
[181.710s] -- Up-to-date symlink: /workspaces/isaac_ros-dev/src/isaac_ros_nvblox/install/nvblox_ros/include/nvblox/io/pointcloud_io.h
[181.710s] -- Up-to-date symlink: /workspaces/isaac_ros-dev/src/isaac_ros_nvblox/install/nvblox_ros/include/nvblox/map/accessors.h
[181.711s] -- Up-to-date symlink: /workspaces/isaac_ros-dev/src/isaac_ros_nvblox/install/nvblox_ros/include/nvblox/map/blocks_to_update_tracker.h
[181.711s] -- Up-to-date symlink: /workspaces/isaac_ros-dev/src/isaac_ros_nvblox/install/nvblox_ros/include/nvblox/map/blox.h
[181.711s] -- Up-to-date symlink: /workspaces/isaac_ros-dev/src/isaac_ros_nvblox/install/nvblox_ros/include/nvblox/map/common_names.h
[181.711s] -- Up-to-date symlink: /workspaces/isaac_ros-dev/src/isaac_ros_nvblox/install/nvblox_ros/include/nvblox/map/internal/block_memory_pool.h
[181.711s] -- Up-to-date symlink: /workspaces/isaac_ros-dev/src/isaac_ros_nvblox/install/nvblox_ros/include/nvblox/map/internal/cuda/impl/layer_impl.cuh
[181.711s] -- Up-to-date symlink: /workspaces/isaac_ros-dev/src/isaac_ros_nvblox/install/nvblox_ros/include/nvblox/map/internal/cuda/impl/layer_to_3d_grid_impl.cuh
[181.711s] -- Up-to-date symlink: /workspaces/isaac_ros-dev/src/isaac_ros_nvblox/install/nvblox_ros/include/nvblox/map/internal/cuda/layer_to_3d_grid.cuh
[181.711s] -- Up-to-date symlink: /workspaces/isaac_ros-dev/src/isaac_ros_nvblox/install/nvblox_ros/include/nvblox/map/internal/impl/accessors_impl.h
[181.711s] -- Up-to-date symlink: /workspaces/isaac_ros-dev/src/isaac_ros_nvblox/install/nvblox_ros/include/nvblox/map/internal/impl/block_memory_pool_impl.h
[181.712s] -- Up-to-date symlink: /workspaces/isaac_ros-dev/src/isaac_ros_nvblox/install/nvblox_ros/include/nvblox/map/internal/impl/blox_impl.h
[181.712s] -- Up-to-date symlink: /workspaces/isaac_ros-dev/src/isaac_ros_nvblox/install/nvblox_ros/include/nvblox/map/internal/impl/layer_cake_impl.h
[181.712s] -- Up-to-date symlink: /workspaces/isaac_ros-dev/src/isaac_ros_nvblox/install/nvblox_ros/include/nvblox/map/internal/impl/layer_impl.h
[181.712s] -- Up-to-date symlink: /workspaces/isaac_ros-dev/src/isaac_ros_nvblox/install/nvblox_ros/include/nvblox/map/internal/impl/unified_3d_grid_impl.h
[181.712s] -- Up-to-date symlink: /workspaces/isaac_ros-dev/src/isaac_ros_nvblox/install/nvblox_ros/include/nvblox/map/layer.h
[181.712s] -- Up-to-date symlink: /workspaces/isaac_ros-dev/src/isaac_ros_nvblox/install/nvblox_ros/include/nvblox/map/layer_cake.h
[181.712s] -- Up-to-date symlink: /workspaces/isaac_ros-dev/src/isaac_ros_nvblox/install/nvblox_ros/include/nvblox/map/unified_3d_grid.h
[181.712s] -- Up-to-date symlink: /workspaces/isaac_ros-dev/src/isaac_ros_nvblox/install/nvblox_ros/include/nvblox/map/voxels.h
[181.712s] -- Up-to-date symlink: /workspaces/isaac_ros-dev/src/isaac_ros_nvblox/install/nvblox_ros/include/nvblox/map_saving/internal/block_serialization.h
[181.713s] -- Up-to-date symlink: /workspaces/isaac_ros-dev/src/isaac_ros_nvblox/install/nvblox_ros/include/nvblox/map_saving/internal/common_types.h
[181.713s] -- Up-to-date symlink: /workspaces/isaac_ros-dev/src/isaac_ros_nvblox/install/nvblox_ros/include/nvblox/map_saving/internal/impl/block_serialization_impl.h
[181.713s] -- Up-to-date symlink: /workspaces/isaac_ros-dev/src/isaac_ros_nvblox/install/nvblox_ros/include/nvblox/map_saving/internal/impl/common_types_impl.h
[181.713s] -- Up-to-date symlink: /workspaces/isaac_ros-dev/src/isaac_ros_nvblox/install/nvblox_ros/include/nvblox/map_saving/internal/impl/layer_serialization_impl.h
[181.713s] -- Up-to-date symlink: /workspaces/isaac_ros-dev/src/isaac_ros_nvblox/install/nvblox_ros/include/nvblox/map_saving/internal/layer_serialization.h
[181.713s] -- Up-to-date symlink: /workspaces/isaac_ros-dev/src/isaac_ros_nvblox/install/nvblox_ros/include/nvblox/map_saving/internal/layer_type_register.h
[181.713s] -- Up-to-date symlink: /workspaces/isaac_ros-dev/src/isaac_ros_nvblox/install/nvblox_ros/include/nvblox/map_saving/internal/serializer.h
[181.713s] -- Up-to-date symlink: /workspaces/isaac_ros-dev/src/isaac_ros_nvblox/install/nvblox_ros/include/nvblox/map_saving/internal/sqlite_database.h
[181.713s] -- Up-to-date symlink: /workspaces/isaac_ros-dev/src/isaac_ros_nvblox/install/nvblox_ros/include/nvblox/mapper/mapper.h
[181.714s] -- Up-to-date symlink: /workspaces/isaac_ros-dev/src/isaac_ros_nvblox/install/nvblox_ros/include/nvblox/mapper/mapper_params.h
[181.714s] -- Up-to-date symlink: /workspaces/isaac_ros-dev/src/isaac_ros_nvblox/install/nvblox_ros/include/nvblox/mapper/multi_mapper.h
[181.714s] -- Up-to-date symlink: /workspaces/isaac_ros-dev/src/isaac_ros_nvblox/install/nvblox_ros/include/nvblox/mesh/internal/cuda/marching_cubes.cuh
[181.714s] -- Up-to-date symlink: /workspaces/isaac_ros-dev/src/isaac_ros_nvblox/install/nvblox_ros/include/nvblox/mesh/internal/impl/cuda/marching_cubes_impl.cuh
[181.714s] -- Up-to-date symlink: /workspaces/isaac_ros-dev/src/isaac_ros_nvblox/install/nvblox_ros/include/nvblox/mesh/internal/impl/marching_cubes_impl.h
[181.714s] -- Up-to-date symlink: /workspaces/isaac_ros-dev/src/isaac_ros_nvblox/install/nvblox_ros/include/nvblox/mesh/internal/impl/marching_cubes_table.h
[181.714s] -- Up-to-date symlink: /workspaces/isaac_ros-dev/src/isaac_ros_nvblox/install/nvblox_ros/include/nvblox/mesh/internal/marching_cubes.h
[181.714s] -- Up-to-date symlink: /workspaces/isaac_ros-dev/src/isaac_ros_nvblox/install/nvblox_ros/include/nvblox/mesh/mesh.h
[181.715s] -- Up-to-date symlink: /workspaces/isaac_ros-dev/src/isaac_ros_nvblox/install/nvblox_ros/include/nvblox/mesh/mesh_block.h
[181.715s] -- Up-to-date symlink: /workspaces/isaac_ros-dev/src/isaac_ros_nvblox/install/nvblox_ros/include/nvblox/mesh/mesh_integrator.h
[181.715s] -- Up-to-date symlink: /workspaces/isaac_ros-dev/src/isaac_ros_nvblox/install/nvblox_ros/include/nvblox/mesh/mesh_streamer.h
[181.715s] -- Up-to-date symlink: /workspaces/isaac_ros-dev/src/isaac_ros_nvblox/install/nvblox_ros/include/nvblox/nvblox.h
[181.715s] -- Up-to-date symlink: /workspaces/isaac_ros-dev/src/isaac_ros_nvblox/install/nvblox_ros/include/nvblox/primitives/internal/impl/scene_impl.h
[181.715s] -- Up-to-date symlink: /workspaces/isaac_ros-dev/src/isaac_ros_nvblox/install/nvblox_ros/include/nvblox/primitives/primitives.h
[181.715s] -- Up-to-date symlink: /workspaces/isaac_ros-dev/src/isaac_ros_nvblox/install/nvblox_ros/include/nvblox/primitives/scene.h
[181.715s] -- Up-to-date symlink: /workspaces/isaac_ros-dev/src/isaac_ros_nvblox/install/nvblox_ros/include/nvblox/rays/internal/impl/ray_caster_impl.h
[181.715s] -- Up-to-date symlink: /workspaces/isaac_ros-dev/src/isaac_ros_nvblox/install/nvblox_ros/include/nvblox/rays/ray_caster.h
[181.716s] -- Up-to-date symlink: /workspaces/isaac_ros-dev/src/isaac_ros_nvblox/install/nvblox_ros/include/nvblox/rays/sphere_tracer.h
[181.716s] -- Up-to-date symlink: /workspaces/isaac_ros-dev/src/isaac_ros_nvblox/install/nvblox_ros/include/nvblox/semantics/image_masker.h
[181.716s] -- Up-to-date symlink: /workspaces/isaac_ros-dev/src/isaac_ros_nvblox/install/nvblox_ros/include/nvblox/semantics/image_projector.h
[181.716s] -- Up-to-date symlink: /workspaces/isaac_ros-dev/src/isaac_ros_nvblox/install/nvblox_ros/include/nvblox/sensors/camera.h
[181.716s] -- Up-to-date symlink: /workspaces/isaac_ros-dev/src/isaac_ros_nvblox/install/nvblox_ros/include/nvblox/sensors/connected_components.h
[181.716s] -- Up-to-date symlink: /workspaces/isaac_ros-dev/src/isaac_ros_nvblox/install/nvblox_ros/include/nvblox/sensors/depth_preprocessing.h
[181.716s] -- Up-to-date symlink: /workspaces/isaac_ros-dev/src/isaac_ros_nvblox/install/nvblox_ros/include/nvblox/sensors/image.h
[181.716s] -- Up-to-date symlink: /workspaces/isaac_ros-dev/src/isaac_ros_nvblox/install/nvblox_ros/include/nvblox/sensors/internal/image_cache.h
[181.716s] -- Up-to-date symlink: /workspaces/isaac_ros-dev/src/isaac_ros_nvblox/install/nvblox_ros/include/nvblox/sensors/internal/impl/camera_impl.h
[181.716s] -- Up-to-date symlink: /workspaces/isaac_ros-dev/src/isaac_ros_nvblox/install/nvblox_ros/include/nvblox/sensors/internal/impl/image_cache_impl.h
[181.717s] -- Up-to-date symlink: /workspaces/isaac_ros-dev/src/isaac_ros_nvblox/install/nvblox_ros/include/nvblox/sensors/internal/impl/image_cuda_impl.h
[181.717s] -- Up-to-date symlink: /workspaces/isaac_ros-dev/src/isaac_ros_nvblox/install/nvblox_ros/include/nvblox/sensors/internal/impl/image_impl.h
[181.717s] -- Up-to-date symlink: /workspaces/isaac_ros-dev/src/isaac_ros_nvblox/install/nvblox_ros/include/nvblox/sensors/internal/impl/lidar_impl.h
[181.717s] -- Up-to-date symlink: /workspaces/isaac_ros-dev/src/isaac_ros_nvblox/install/nvblox_ros/include/nvblox/sensors/lidar.h
[181.717s] -- Up-to-date symlink: /workspaces/isaac_ros-dev/src/isaac_ros_nvblox/install/nvblox_ros/include/nvblox/sensors/npp_image_operations.h
[181.717s] -- Up-to-date symlink: /workspaces/isaac_ros-dev/src/isaac_ros_nvblox/install/nvblox_ros/include/nvblox/sensors/pointcloud.h
[181.717s] -- Up-to-date symlink: /workspaces/isaac_ros-dev/src/isaac_ros_nvblox/install/nvblox_ros/include/nvblox/serialization/internal/impl/layer_serializer_gpu_impl.h
[181.717s] -- Up-to-date symlink: /workspaces/isaac_ros-dev/src/isaac_ros_nvblox/install/nvblox_ros/include/nvblox/serialization/internal/serialization_gpu.h
[181.717s] -- Up-to-date symlink: /workspaces/isaac_ros-dev/src/isaac_ros_nvblox/install/nvblox_ros/include/nvblox/serialization/layer_serializer_gpu.h
[181.718s] -- Up-to-date symlink: /workspaces/isaac_ros-dev/src/isaac_ros_nvblox/install/nvblox_ros/include/nvblox/serialization/mesh_serializer_gpu.h
[181.718s] -- Up-to-date symlink: /workspaces/isaac_ros-dev/src/isaac_ros_nvblox/install/nvblox_ros/include/nvblox/utils/delays.h
[181.718s] -- Up-to-date symlink: /workspaces/isaac_ros-dev/src/isaac_ros_nvblox/install/nvblox_ros/include/nvblox/utils/internal/impl/rates_impl.h
[181.718s] -- Up-to-date symlink: /workspaces/isaac_ros-dev/src/isaac_ros_nvblox/install/nvblox_ros/include/nvblox/utils/logging.h
[181.718s] -- Up-to-date symlink: /workspaces/isaac_ros-dev/src/isaac_ros_nvblox/install/nvblox_ros/include/nvblox/utils/nvtx_ranges.h
[181.718s] -- Up-to-date symlink: /workspaces/isaac_ros-dev/src/isaac_ros_nvblox/install/nvblox_ros/include/nvblox/utils/params.h
[181.718s] -- Up-to-date symlink: /workspaces/isaac_ros-dev/src/isaac_ros_nvblox/install/nvblox_ros/include/nvblox/utils/rates.h
[181.718s] -- Up-to-date symlink: /workspaces/isaac_ros-dev/src/isaac_ros_nvblox/install/nvblox_ros/include/nvblox/utils/timing.h
[181.719s] -- Up-to-date symlink: /workspaces/isaac_ros-dev/src/isaac_ros_nvblox/install/nvblox_ros/include/nvblox/datasets/3dmatch.h
[181.719s] -- Up-to-date symlink: /workspaces/isaac_ros-dev/src/isaac_ros_nvblox/install/nvblox_ros/include/nvblox/datasets/data_loader.h
[181.719s] -- Up-to-date symlink: /workspaces/isaac_ros-dev/src/isaac_ros_nvblox/install/nvblox_ros/include/nvblox/datasets/image_loader.h
[181.719s] -- Up-to-date symlink: /workspaces/isaac_ros-dev/src/isaac_ros_nvblox/install/nvblox_ros/include/nvblox/datasets/impl/image_loader_impl.h
[181.719s] -- Up-to-date symlink: /workspaces/isaac_ros-dev/src/isaac_ros_nvblox/install/nvblox_ros/include/nvblox/datasets/redwood.h
[181.719s] -- Up-to-date symlink: /workspaces/isaac_ros-dev/src/isaac_ros_nvblox/install/nvblox_ros/include/nvblox/datasets/replica.h
[181.719s] -- Up-to-date symlink: /workspaces/isaac_ros-dev/src/isaac_ros_nvblox/install/nvblox_ros/include/nvblox/executables/fuser.h
[181.719s] -- Up-to-date symlink: /workspaces/isaac_ros-dev/src/isaac_ros_nvblox/install/nvblox_ros/include/nvblox/gflags_param_loading/fuser_params_from_gflags.h
[181.720s] -- Up-to-date symlink: /workspaces/isaac_ros-dev/src/isaac_ros_nvblox/install/nvblox_ros/include/nvblox/gflags_param_loading/mapper_params_from_gflags.h
[181.730s] -- Up-to-date symlink: /workspaces/isaac_ros-dev/src/isaac_ros_nvblox/install/nvblox_ros/include/eigen3/Eigen/Cholesky
[181.730s] -- Up-to-date symlink: /workspaces/isaac_ros-dev/src/isaac_ros_nvblox/install/nvblox_ros/include/eigen3/Eigen/CholmodSupport
[181.730s] -- Up-to-date symlink: /workspaces/isaac_ros-dev/src/isaac_ros_nvblox/install/nvblox_ros/include/eigen3/Eigen/Core
[181.730s] -- Up-to-date symlink: /workspaces/isaac_ros-dev/src/isaac_ros_nvblox/install/nvblox_ros/include/eigen3/Eigen/Dense
[181.730s] -- Up-to-date symlink: /workspaces/isaac_ros-dev/src/isaac_ros_nvblox/install/nvblox_ros/include/eigen3/Eigen/Eigen
[181.731s] -- Up-to-date symlink: /workspaces/isaac_ros-dev/src/isaac_ros_nvblox/install/nvblox_ros/include/eigen3/Eigen/Eigenvalues
[181.731s] -- Up-to-date symlink: /workspaces/isaac_ros-dev/src/isaac_ros_nvblox/install/nvblox_ros/include/eigen3/Eigen/Geometry
[181.731s] -- Up-to-date symlink: /workspaces/isaac_ros-dev/src/isaac_ros_nvblox/install/nvblox_ros/include/eigen3/Eigen/Householder
[181.731s] -- Up-to-date symlink: /workspaces/isaac_ros-dev/src/isaac_ros_nvblox/install/nvblox_ros/include/eigen3/Eigen/IterativeLinearSolvers
[181.731s] -- Up-to-date symlink: /workspaces/isaac_ros-dev/src/isaac_ros_nvblox/install/nvblox_ros/include/eigen3/Eigen/Jacobi
[181.731s] -- Up-to-date symlink: /workspaces/isaac_ros-dev/src/isaac_ros_nvblox/install/nvblox_ros/include/eigen3/Eigen/KLUSupport
[181.731s] -- Up-to-date symlink: /workspaces/isaac_ros-dev/src/isaac_ros_nvblox/install/nvblox_ros/include/eigen3/Eigen/LU
[181.731s] -- Up-to-date symlink: /workspaces/isaac_ros-dev/src/isaac_ros_nvblox/install/nvblox_ros/include/eigen3/Eigen/MetisSupport
[181.731s] -- Up-to-date symlink: /workspaces/isaac_ros-dev/src/isaac_ros_nvblox/install/nvblox_ros/include/eigen3/Eigen/OrderingMethods
[181.732s] -- Up-to-date symlink: /workspaces/isaac_ros-dev/src/isaac_ros_nvblox/install/nvblox_ros/include/eigen3/Eigen/PaStiXSupport
[181.732s] -- Up-to-date symlink: /workspaces/isaac_ros-dev/src/isaac_ros_nvblox/install/nvblox_ros/include/eigen3/Eigen/PardisoSupport
[181.732s] -- Up-to-date symlink: /workspaces/isaac_ros-dev/src/isaac_ros_nvblox/install/nvblox_ros/include/eigen3/Eigen/QR
[181.732s] -- Up-to-date symlink: /workspaces/isaac_ros-dev/src/isaac_ros_nvblox/install/nvblox_ros/include/eigen3/Eigen/QtAlignedMalloc
[181.732s] -- Up-to-date symlink: /workspaces/isaac_ros-dev/src/isaac_ros_nvblox/install/nvblox_ros/include/eigen3/Eigen/SPQRSupport
[181.732s] -- Up-to-date symlink: /workspaces/isaac_ros-dev/src/isaac_ros_nvblox/install/nvblox_ros/include/eigen3/Eigen/SVD
[181.732s] -- Up-to-date symlink: /workspaces/isaac_ros-dev/src/isaac_ros_nvblox/install/nvblox_ros/include/eigen3/Eigen/Sparse
[181.732s] -- Up-to-date symlink: /workspaces/isaac_ros-dev/src/isaac_ros_nvblox/install/nvblox_ros/include/eigen3/Eigen/SparseCholesky
[181.732s] -- Up-to-date symlink: /workspaces/isaac_ros-dev/src/isaac_ros_nvblox/install/nvblox_ros/include/eigen3/Eigen/SparseCore
[181.733s] -- Up-to-date symlink: /workspaces/isaac_ros-dev/src/isaac_ros_nvblox/install/nvblox_ros/include/eigen3/Eigen/SparseLU
[181.733s] -- Up-to-date symlink: /workspaces/isaac_ros-dev/src/isaac_ros_nvblox/install/nvblox_ros/include/eigen3/Eigen/SparseQR
[181.733s] -- Up-to-date symlink: /workspaces/isaac_ros-dev/src/isaac_ros_nvblox/install/nvblox_ros/include/eigen3/Eigen/StdDeque
[181.733s] -- Up-to-date symlink: /workspaces/isaac_ros-dev/src/isaac_ros_nvblox/install/nvblox_ros/include/eigen3/Eigen/StdList
[181.733s] -- Up-to-date symlink: /workspaces/isaac_ros-dev/src/isaac_ros_nvblox/install/nvblox_ros/include/eigen3/Eigen/StdVector
[181.733s] -- Up-to-date symlink: /workspaces/isaac_ros-dev/src/isaac_ros_nvblox/install/nvblox_ros/include/eigen3/Eigen/SuperLUSupport
[181.733s] -- Up-to-date symlink: /workspaces/isaac_ros-dev/src/isaac_ros_nvblox/install/nvblox_ros/include/eigen3/Eigen/UmfPackSupport
[181.733s] -- Up-to-date symlink: /workspaces/isaac_ros-dev/src/isaac_ros_nvblox/install/nvblox_ros/include/eigen3/Eigen/src/Cholesky/LDLT.h
[181.733s] -- Up-to-date symlink: /workspaces/isaac_ros-dev/src/isaac_ros_nvblox/install/nvblox_ros/include/eigen3/Eigen/src/Cholesky/LLT.h
[181.734s] -- Up-to-date symlink: /workspaces/isaac_ros-dev/src/isaac_ros_nvblox/install/nvblox_ros/include/eigen3/Eigen/src/Cholesky/LLT_LAPACKE.h
[181.734s] -- Up-to-date symlink: /workspaces/isaac_ros-dev/src/isaac_ros_nvblox/install/nvblox_ros/include/eigen3/Eigen/src/CholmodSupport/CholmodSupport.h
[181.734s] -- Up-to-date symlink: /workspaces/isaac_ros-dev/src/isaac_ros_nvblox/install/nvblox_ros/include/eigen3/Eigen/src/Core/ArithmeticSequence.h
[181.734s] -- Up-to-date symlink: /workspaces/isaac_ros-dev/src/isaac_ros_nvblox/install/nvblox_ros/include/eigen3/Eigen/src/Core/Array.h
[181.734s] -- Up-to-date symlink: /workspaces/isaac_ros-dev/src/isaac_ros_nvblox/install/nvblox_ros/include/eigen3/Eigen/src/Core/ArrayBase.h
[181.734s] -- Up-to-date symlink: /workspaces/isaac_ros-dev/src/isaac_ros_nvblox/install/nvblox_ros/include/eigen3/Eigen/src/Core/ArrayWrapper.h
[181.734s] -- Up-to-date symlink: /workspaces/isaac_ros-dev/src/isaac_ros_nvblox/install/nvblox_ros/include/eigen3/Eigen/src/Core/Assign.h
[181.734s] -- Up-to-date symlink: /workspaces/isaac_ros-dev/src/isaac_ros_nvblox/install/nvblox_ros/include/eigen3/Eigen/src/Core/AssignEvaluator.h
[181.735s] -- Up-to-date symlink: /workspaces/isaac_ros-dev/src/isaac_ros_nvblox/install/nvblox_ros/include/eigen3/Eigen/src/Core/Assign_MKL.h
[181.735s] -- Up-to-date symlink: /workspaces/isaac_ros-dev/src/isaac_ros_nvblox/install/nvblox_ros/include/eigen3/Eigen/src/Core/BandMatrix.h
[181.735s] -- Up-to-date symlink: /workspaces/isaac_ros-dev/src/isaac_ros_nvblox/install/nvblox_ros/include/eigen3/Eigen/src/Core/Block.h
[181.735s] -- Up-to-date symlink: /workspaces/isaac_ros-dev/src/isaac_ros_nvblox/install/nvblox_ros/include/eigen3/Eigen/src/Core/BooleanRedux.h
[181.735s] -- Up-to-date symlink: /workspaces/isaac_ros-dev/src/isaac_ros_nvblox/install/nvblox_ros/include/eigen3/Eigen/src/Core/CommaInitializer.h
[181.735s] -- Up-to-date symlink: /workspaces/isaac_ros-dev/src/isaac_ros_nvblox/install/nvblox_ros/include/eigen3/Eigen/src/Core/ConditionEstimator.h
[181.735s] -- Up-to-date symlink: /workspaces/isaac_ros-dev/src/isaac_ros_nvblox/install/nvblox_ros/include/eigen3/Eigen/src/Core/CoreEvaluators.h
[181.735s] -- Up-to-date symlink: /workspaces/isaac_ros-dev/src/isaac_ros_nvblox/install/nvblox_ros/include/eigen3/Eigen/src/Core/CoreIterators.h
[181.736s] -- Up-to-date symlink: /workspaces/isaac_ros-dev/src/isaac_ros_nvblox/install/nvblox_ros/include/eigen3/Eigen/src/Core/CwiseBinaryOp.h
[181.736s] -- Up-to-date symlink: /workspaces/isaac_ros-dev/src/isaac_ros_nvblox/install/nvblox_ros/include/eigen3/Eigen/src/Core/CwiseNullaryOp.h
[181.736s] -- Up-to-date symlink: /workspaces/isaac_ros-dev/src/isaac_ros_nvblox/install/nvblox_ros/include/eigen3/Eigen/src/Core/CwiseTernaryOp.h
[181.736s] -- Up-to-date symlink: /workspaces/isaac_ros-dev/src/isaac_ros_nvblox/install/nvblox_ros/include/eigen3/Eigen/src/Core/CwiseUnaryOp.h
[181.736s] -- Up-to-date symlink: /workspaces/isaac_ros-dev/src/isaac_ros_nvblox/install/nvblox_ros/include/eigen3/Eigen/src/Core/CwiseUnaryView.h
[181.736s] -- Up-to-date symlink: /workspaces/isaac_ros-dev/src/isaac_ros_nvblox/install/nvblox_ros/include/eigen3/Eigen/src/Core/DenseBase.h
[181.736s] -- Up-to-date symlink: /workspaces/isaac_ros-dev/src/isaac_ros_nvblox/install/nvblox_ros/include/eigen3/Eigen/src/Core/DenseCoeffsBase.h
[181.737s] -- Up-to-date symlink: /workspaces/isaac_ros-dev/src/isaac_ros_nvblox/install/nvblox_ros/include/eigen3/Eigen/src/Core/DenseStorage.h
[181.737s] -- Up-to-date symlink: /workspaces/isaac_ros-dev/src/isaac_ros_nvblox/install/nvblox_ros/include/eigen3/Eigen/src/Core/Diagonal.h
[181.737s] -- Up-to-date symlink: /workspaces/isaac_ros-dev/src/isaac_ros_nvblox/install/nvblox_ros/include/eigen3/Eigen/src/Core/DiagonalMatrix.h
[181.737s] -- Up-to-date symlink: /workspaces/isaac_ros-dev/src/isaac_ros_nvblox/install/nvblox_ros/include/eigen3/Eigen/src/Core/DiagonalProduct.h
[181.737s] -- Up-to-date symlink: /workspaces/isaac_ros-dev/src/isaac_ros_nvblox/install/nvblox_ros/include/eigen3/Eigen/src/Core/Dot.h
[181.737s] -- Up-to-date symlink: /workspaces/isaac_ros-dev/src/isaac_ros_nvblox/install/nvblox_ros/include/eigen3/Eigen/src/Core/EigenBase.h
[181.737s] -- Up-to-date symlink: /workspaces/isaac_ros-dev/src/isaac_ros_nvblox/install/nvblox_ros/include/eigen3/Eigen/src/Core/ForceAlignedAccess.h
[181.737s] -- Up-to-date symlink: /workspaces/isaac_ros-dev/src/isaac_ros_nvblox/install/nvblox_ros/include/eigen3/Eigen/src/Core/Fuzzy.h
[181.738s] -- Up-to-date symlink: /workspaces/isaac_ros-dev/src/isaac_ros_nvblox/install/nvblox_ros/include/eigen3/Eigen/src/Core/GeneralProduct.h
[181.738s] -- Up-to-date symlink: /workspaces/isaac_ros-dev/src/isaac_ros_nvblox/install/nvblox_ros/include/eigen3/Eigen/src/Core/GenericPacketMath.h
[181.738s] -- Up-to-date symlink: /workspaces/isaac_ros-dev/src/isaac_ros_nvblox/install/nvblox_ros/include/eigen3/Eigen/src/Core/GlobalFunctions.h
[181.738s] -- Up-to-date symlink: /workspaces/isaac_ros-dev/src/isaac_ros_nvblox/install/nvblox_ros/include/eigen3/Eigen/src/Core/IO.h
[181.738s] -- Up-to-date symlink: /workspaces/isaac_ros-dev/src/isaac_ros_nvblox/install/nvblox_ros/include/eigen3/Eigen/src/Core/IndexedView.h
[181.738s] -- Up-to-date symlink: /workspaces/isaac_ros-dev/src/isaac_ros_nvblox/install/nvblox_ros/include/eigen3/Eigen/src/Core/Inverse.h
[181.738s] -- Up-to-date symlink: /workspaces/isaac_ros-dev/src/isaac_ros_nvblox/install/nvblox_ros/include/eigen3/Eigen/src/Core/Map.h
[181.738s] -- Up-to-date symlink: /workspaces/isaac_ros-dev/src/isaac_ros_nvblox/install/nvblox_ros/include/eigen3/Eigen/src/Core/MapBase.h
[181.739s] -- Up-to-date symlink: /workspaces/isaac_ros-dev/src/isaac_ros_nvblox/install/nvblox_ros/include/eigen3/Eigen/src/Core/MathFunctions.h
[181.739s] -- Up-to-date symlink: /workspaces/isaac_ros-dev/src/isaac_ros_nvblox/install/nvblox_ros/include/eigen3/Eigen/src/Core/MathFunctionsImpl.h
[181.739s] -- Up-to-date symlink: /workspaces/isaac_ros-dev/src/isaac_ros_nvblox/install/nvblox_ros/include/eigen3/Eigen/src/Core/Matrix.h
[181.739s] -- Up-to-date symlink: /workspaces/isaac_ros-dev/src/isaac_ros_nvblox/install/nvblox_ros/include/eigen3/Eigen/src/Core/MatrixBase.h
[181.739s] -- Up-to-date symlink: /workspaces/isaac_ros-dev/src/isaac_ros_nvblox/install/nvblox_ros/include/eigen3/Eigen/src/Core/NestByValue.h
[181.739s] -- Up-to-date symlink: /workspaces/isaac_ros-dev/src/isaac_ros_nvblox/install/nvblox_ros/include/eigen3/Eigen/src/Core/NoAlias.h
[181.739s] -- Up-to-date symlink: /workspaces/isaac_ros-dev/src/isaac_ros_nvblox/install/nvblox_ros/include/eigen3/Eigen/src/Core/NumTraits.h
[181.739s] -- Up-to-date symlink: /workspaces/isaac_ros-dev/src/isaac_ros_nvblox/install/nvblox_ros/include/eigen3/Eigen/src/Core/PartialReduxEvaluator.h
[181.740s] -- Up-to-date symlink: /workspaces/isaac_ros-dev/src/isaac_ros_nvblox/install/nvblox_ros/include/eigen3/Eigen/src/Core/PermutationMatrix.h
[181.740s] -- Up-to-date symlink: /workspaces/isaac_ros-dev/src/isaac_ros_nvblox/install/nvblox_ros/include/eigen3/Eigen/src/Core/PlainObjectBase.h
[181.740s] -- Up-to-date symlink: /workspaces/isaac_ros-dev/src/isaac_ros_nvblox/install/nvblox_ros/include/eigen3/Eigen/src/Core/Product.h
[181.740s] -- Up-to-date symlink: /workspaces/isaac_ros-dev/src/isaac_ros_nvblox/install/nvblox_ros/include/eigen3/Eigen/src/Core/ProductEvaluators.h
[181.740s] -- Up-to-date symlink: /workspaces/isaac_ros-dev/src/isaac_ros_nvblox/install/nvblox_ros/include/eigen3/Eigen/src/Core/Random.h
[181.740s] -- Up-to-date symlink: /workspaces/isaac_ros-dev/src/isaac_ros_nvblox/install/nvblox_ros/include/eigen3/Eigen/src/Core/Redux.h
[181.740s] -- Up-to-date symlink: /workspaces/isaac_ros-dev/src/isaac_ros_nvblox/install/nvblox_ros/include/eigen3/Eigen/src/Core/Ref.h
[181.740s] -- Up-to-date symlink: /workspaces/isaac_ros-dev/src/isaac_ros_nvblox/install/nvblox_ros/include/eigen3/Eigen/src/Core/Replicate.h
[181.741s] -- Up-to-date symlink: /workspaces/isaac_ros-dev/src/isaac_ros_nvblox/install/nvblox_ros/include/eigen3/Eigen/src/Core/Reshaped.h
[181.741s] -- Up-to-date symlink: /workspaces/isaac_ros-dev/src/isaac_ros_nvblox/install/nvblox_ros/include/eigen3/Eigen/src/Core/ReturnByValue.h
[181.741s] -- Up-to-date symlink: /workspaces/isaac_ros-dev/src/isaac_ros_nvblox/install/nvblox_ros/include/eigen3/Eigen/src/Core/Reverse.h
[181.741s] -- Up-to-date symlink: /workspaces/isaac_ros-dev/src/isaac_ros_nvblox/install/nvblox_ros/include/eigen3/Eigen/src/Core/Select.h
[181.741s] -- Up-to-date symlink: /workspaces/isaac_ros-dev/src/isaac_ros_nvblox/install/nvblox_ros/include/eigen3/Eigen/src/Core/SelfAdjointView.h
[181.741s] -- Up-to-date symlink: /workspaces/isaac_ros-dev/src/isaac_ros_nvblox/install/nvblox_ros/include/eigen3/Eigen/src/Core/SelfCwiseBinaryOp.h
[181.741s] -- Up-to-date symlink: /workspaces/isaac_ros-dev/src/isaac_ros_nvblox/install/nvblox_ros/include/eigen3/Eigen/src/Core/Solve.h
[181.741s] -- Up-to-date symlink: /workspaces/isaac_ros-dev/src/isaac_ros_nvblox/install/nvblox_ros/include/eigen3/Eigen/src/Core/SolveTriangular.h
[181.741s] -- Up-to-date symlink: /workspaces/isaac_ros-dev/src/isaac_ros_nvblox/install/nvblox_ros/include/eigen3/Eigen/src/Core/SolverBase.h
[181.742s] -- Up-to-date symlink: /workspaces/isaac_ros-dev/src/isaac_ros_nvblox/install/nvblox_ros/include/eigen3/Eigen/src/Core/StableNorm.h
[181.742s] -- Up-to-date symlink: /workspaces/isaac_ros-dev/src/isaac_ros_nvblox/install/nvblox_ros/include/eigen3/Eigen/src/Core/StlIterators.h
[181.742s] -- Up-to-date symlink: /workspaces/isaac_ros-dev/src/isaac_ros_nvblox/install/nvblox_ros/include/eigen3/Eigen/src/Core/Stride.h
[181.742s] -- Up-to-date symlink: /workspaces/isaac_ros-dev/src/isaac_ros_nvblox/install/nvblox_ros/include/eigen3/Eigen/src/Core/Swap.h
[181.742s] -- Up-to-date symlink: /workspaces/isaac_ros-dev/src/isaac_ros_nvblox/install/nvblox_ros/include/eigen3/Eigen/src/Core/Transpose.h
[181.742s] -- Up-to-date symlink: /workspaces/isaac_ros-dev/src/isaac_ros_nvblox/install/nvblox_ros/include/eigen3/Eigen/src/Core/Transpositions.h
[181.742s] -- Up-to-date symlink: /workspaces/isaac_ros-dev/src/isaac_ros_nvblox/install/nvblox_ros/include/eigen3/Eigen/src/Core/TriangularMatrix.h
[181.743s] -- Up-to-date symlink: /workspaces/isaac_ros-dev/src/isaac_ros_nvblox/install/nvblox_ros/include/eigen3/Eigen/src/Core/VectorBlock.h
[181.743s] -- Up-to-date symlink: /workspaces/isaac_ros-dev/src/isaac_ros_nvblox/install/nvblox_ros/include/eigen3/Eigen/src/Core/VectorwiseOp.h
[181.743s] -- Up-to-date symlink: /workspaces/isaac_ros-dev/src/isaac_ros_nvblox/install/nvblox_ros/include/eigen3/Eigen/src/Core/Visitor.h
[181.743s] -- Up-to-date symlink: /workspaces/isaac_ros-dev/src/isaac_ros_nvblox/install/nvblox_ros/include/eigen3/Eigen/src/Core/arch/AVX/Complex.h
[181.743s] -- Up-to-date symlink: /workspaces/isaac_ros-dev/src/isaac_ros_nvblox/install/nvblox_ros/include/eigen3/Eigen/src/Core/arch/AVX/MathFunctions.h
[181.743s] -- Up-to-date symlink: /workspaces/isaac_ros-dev/src/isaac_ros_nvblox/install/nvblox_ros/include/eigen3/Eigen/src/Core/arch/AVX/PacketMath.h
[181.743s] -- Up-to-date symlink: /workspaces/isaac_ros-dev/src/isaac_ros_nvblox/install/nvblox_ros/include/eigen3/Eigen/src/Core/arch/AVX/TypeCasting.h
[181.744s] -- Up-to-date symlink: /workspaces/isaac_ros-dev/src/isaac_ros_nvblox/install/nvblox_ros/include/eigen3/Eigen/src/Core/arch/AVX512/Complex.h
[181.744s] -- Up-to-date symlink: /workspaces/isaac_ros-dev/src/isaac_ros_nvblox/install/nvblox_ros/include/eigen3/Eigen/src/Core/arch/AVX512/MathFunctions.h
[181.744s] -- Up-to-date symlink: /workspaces/isaac_ros-dev/src/isaac_ros_nvblox/install/nvblox_ros/include/eigen3/Eigen/src/Core/arch/AVX512/PacketMath.h
[181.744s] -- Up-to-date symlink: /workspaces/isaac_ros-dev/src/isaac_ros_nvblox/install/nvblox_ros/include/eigen3/Eigen/src/Core/arch/AVX512/TypeCasting.h
[181.744s] -- Up-to-date symlink: /workspaces/isaac_ros-dev/src/isaac_ros_nvblox/install/nvblox_ros/include/eigen3/Eigen/src/Core/arch/AltiVec/Complex.h
[181.744s] -- Up-to-date symlink: /workspaces/isaac_ros-dev/src/isaac_ros_nvblox/install/nvblox_ros/include/eigen3/Eigen/src/Core/arch/AltiVec/MathFunctions.h
[181.744s] -- Up-to-date symlink: /workspaces/isaac_ros-dev/src/isaac_ros_nvblox/install/nvblox_ros/include/eigen3/Eigen/src/Core/arch/AltiVec/MatrixProduct.h
[181.744s] -- Up-to-date symlink: /workspaces/isaac_ros-dev/src/isaac_ros_nvblox/install/nvblox_ros/include/eigen3/Eigen/src/Core/arch/AltiVec/MatrixProductCommon.h
[181.745s] -- Up-to-date symlink: /workspaces/isaac_ros-dev/src/isaac_ros_nvblox/install/nvblox_ros/include/eigen3/Eigen/src/Core/arch/AltiVec/MatrixProductMMA.h
[181.745s] -- Up-to-date symlink: /workspaces/isaac_ros-dev/src/isaac_ros_nvblox/install/nvblox_ros/include/eigen3/Eigen/src/Core/arch/AltiVec/PacketMath.h
[181.745s] -- Up-to-date symlink: /workspaces/isaac_ros-dev/src/isaac_ros_nvblox/install/nvblox_ros/include/eigen3/Eigen/src/Core/arch/CUDA/Complex.h
[181.745s] -- Up-to-date symlink: /workspaces/isaac_ros-dev/src/isaac_ros_nvblox/install/nvblox_ros/include/eigen3/Eigen/src/Core/arch/Default/BFloat16.h
[181.745s] -- Up-to-date symlink: /workspaces/isaac_ros-dev/src/isaac_ros_nvblox/install/nvblox_ros/include/eigen3/Eigen/src/Core/arch/Default/ConjHelper.h
[181.745s] -- Up-to-date symlink: /workspaces/isaac_ros-dev/src/isaac_ros_nvblox/install/nvblox_ros/include/eigen3/Eigen/src/Core/arch/Default/GenericPacketMathFunctions.h
[181.745s] -- Up-to-date symlink: /workspaces/isaac_ros-dev/src/isaac_ros_nvblox/install/nvblox_ros/include/eigen3/Eigen/src/Core/arch/Default/GenericPacketMathFunctionsFwd.h
[181.746s] -- Up-to-date symlink: /workspaces/isaac_ros-dev/src/isaac_ros_nvblox/install/nvblox_ros/include/eigen3/Eigen/src/Core/arch/Default/Half.h
[181.746s] -- Up-to-date symlink: /workspaces/isaac_ros-dev/src/isaac_ros_nvblox/install/nvblox_ros/include/eigen3/Eigen/src/Core/arch/Default/Settings.h
[181.746s] -- Up-to-date symlink: /workspaces/isaac_ros-dev/src/isaac_ros_nvblox/install/nvblox_ros/include/eigen3/Eigen/src/Core/arch/Default/TypeCasting.h
[181.746s] -- Up-to-date symlink: /workspaces/isaac_ros-dev/src/isaac_ros_nvblox/install/nvblox_ros/include/eigen3/Eigen/src/Core/arch/GPU/MathFunctions.h
[181.746s] -- Up-to-date symlink: /workspaces/isaac_ros-dev/src/isaac_ros_nvblox/install/nvblox_ros/include/eigen3/Eigen/src/Core/arch/GPU/PacketMath.h
[181.746s] -- Up-to-date symlink: /workspaces/isaac_ros-dev/src/isaac_ros_nvblox/install/nvblox_ros/include/eigen3/Eigen/src/Core/arch/GPU/TypeCasting.h
[181.746s] -- Up-to-date symlink: /workspaces/isaac_ros-dev/src/isaac_ros_nvblox/install/nvblox_ros/include/eigen3/Eigen/src/Core/arch/HIP/hcc/math_constants.h
[181.747s] -- Up-to-date symlink: /workspaces/isaac_ros-dev/src/isaac_ros_nvblox/install/nvblox_ros/include/eigen3/Eigen/src/Core/arch/MSA/Complex.h
[181.747s] -- Up-to-date symlink: /workspaces/isaac_ros-dev/src/isaac_ros_nvblox/install/nvblox_ros/include/eigen3/Eigen/src/Core/arch/MSA/MathFunctions.h
[181.747s] -- Up-to-date symlink: /workspaces/isaac_ros-dev/src/isaac_ros_nvblox/install/nvblox_ros/include/eigen3/Eigen/src/Core/arch/MSA/PacketMath.h
[181.747s] -- Up-to-date symlink: /workspaces/isaac_ros-dev/src/isaac_ros_nvblox/install/nvblox_ros/include/eigen3/Eigen/src/Core/arch/NEON/Complex.h
[181.747s] -- Up-to-date symlink: /workspaces/isaac_ros-dev/src/isaac_ros_nvblox/install/nvblox_ros/include/eigen3/Eigen/src/Core/arch/NEON/GeneralBlockPanelKernel.h
[181.747s] -- Up-to-date symlink: /workspaces/isaac_ros-dev/src/isaac_ros_nvblox/install/nvblox_ros/include/eigen3/Eigen/src/Core/arch/NEON/MathFunctions.h
[181.747s] -- Up-to-date symlink: /workspaces/isaac_ros-dev/src/isaac_ros_nvblox/install/nvblox_ros/include/eigen3/Eigen/src/Core/arch/NEON/PacketMath.h
[181.748s] -- Up-to-date symlink: /workspaces/isaac_ros-dev/src/isaac_ros_nvblox/install/nvblox_ros/include/eigen3/Eigen/src/Core/arch/NEON/TypeCasting.h
[181.748s] -- Up-to-date symlink: /workspaces/isaac_ros-dev/src/isaac_ros_nvblox/install/nvblox_ros/include/eigen3/Eigen/src/Core/arch/SSE/Complex.h
[181.748s] -- Up-to-date symlink: /workspaces/isaac_ros-dev/src/isaac_ros_nvblox/install/nvblox_ros/include/eigen3/Eigen/src/Core/arch/SSE/MathFunctions.h
[181.748s] -- Up-to-date symlink: /workspaces/isaac_ros-dev/src/isaac_ros_nvblox/install/nvblox_ros/include/eigen3/Eigen/src/Core/arch/SSE/PacketMath.h
[181.748s] -- Up-to-date symlink: /workspaces/isaac_ros-dev/src/isaac_ros_nvblox/install/nvblox_ros/include/eigen3/Eigen/src/Core/arch/SSE/TypeCasting.h
[181.748s] -- Up-to-date symlink: /workspaces/isaac_ros-dev/src/isaac_ros_nvblox/install/nvblox_ros/include/eigen3/Eigen/src/Core/arch/SVE/MathFunctions.h
[181.748s] -- Up-to-date symlink: /workspaces/isaac_ros-dev/src/isaac_ros_nvblox/install/nvblox_ros/include/eigen3/Eigen/src/Core/arch/SVE/PacketMath.h
[181.748s] -- Up-to-date symlink: /workspaces/isaac_ros-dev/src/isaac_ros_nvblox/install/nvblox_ros/include/eigen3/Eigen/src/Core/arch/SVE/TypeCasting.h
[181.749s] -- Up-to-date symlink: /workspaces/isaac_ros-dev/src/isaac_ros_nvblox/install/nvblox_ros/include/eigen3/Eigen/src/Core/arch/SYCL/InteropHeaders.h
[181.749s] -- Up-to-date symlink: /workspaces/isaac_ros-dev/src/isaac_ros_nvblox/install/nvblox_ros/include/eigen3/Eigen/src/Core/arch/SYCL/MathFunctions.h
[181.749s] -- Up-to-date symlink: /workspaces/isaac_ros-dev/src/isaac_ros_nvblox/install/nvblox_ros/include/eigen3/Eigen/src/Core/arch/SYCL/PacketMath.h
[181.749s] -- Up-to-date symlink: /workspaces/isaac_ros-dev/src/isaac_ros_nvblox/install/nvblox_ros/include/eigen3/Eigen/src/Core/arch/SYCL/SyclMemoryModel.h
[181.749s] -- Up-to-date symlink: /workspaces/isaac_ros-dev/src/isaac_ros_nvblox/install/nvblox_ros/include/eigen3/Eigen/src/Core/arch/SYCL/TypeCasting.h
[181.749s] -- Up-to-date symlink: /workspaces/isaac_ros-dev/src/isaac_ros_nvblox/install/nvblox_ros/include/eigen3/Eigen/src/Core/arch/ZVector/Complex.h
[181.749s] -- Up-to-date symlink: /workspaces/isaac_ros-dev/src/isaac_ros_nvblox/install/nvblox_ros/include/eigen3/Eigen/src/Core/arch/ZVector/MathFunctions.h
[181.750s] -- Up-to-date symlink: /workspaces/isaac_ros-dev/src/isaac_ros_nvblox/install/nvblox_ros/include/eigen3/Eigen/src/Core/arch/ZVector/PacketMath.h
[181.750s] -- Up-to-date symlink: /workspaces/isaac_ros-dev/src/isaac_ros_nvblox/install/nvblox_ros/include/eigen3/Eigen/src/Core/functors/AssignmentFunctors.h
[181.750s] -- Up-to-date symlink: /workspaces/isaac_ros-dev/src/isaac_ros_nvblox/install/nvblox_ros/include/eigen3/Eigen/src/Core/functors/BinaryFunctors.h
[181.750s] -- Up-to-date symlink: /workspaces/isaac_ros-dev/src/isaac_ros_nvblox/install/nvblox_ros/include/eigen3/Eigen/src/Core/functors/NullaryFunctors.h
[181.750s] -- Up-to-date symlink: /workspaces/isaac_ros-dev/src/isaac_ros_nvblox/install/nvblox_ros/include/eigen3/Eigen/src/Core/functors/StlFunctors.h
[181.750s] -- Up-to-date symlink: /workspaces/isaac_ros-dev/src/isaac_ros_nvblox/install/nvblox_ros/include/eigen3/Eigen/src/Core/functors/TernaryFunctors.h
[181.750s] -- Up-to-date symlink: /workspaces/isaac_ros-dev/src/isaac_ros_nvblox/install/nvblox_ros/include/eigen3/Eigen/src/Core/functors/UnaryFunctors.h
[181.750s] -- Up-to-date symlink: /workspaces/isaac_ros-dev/src/isaac_ros_nvblox/install/nvblox_ros/include/eigen3/Eigen/src/Core/products/GeneralBlockPanelKernel.h
[181.751s] -- Up-to-date symlink: /workspaces/isaac_ros-dev/src/isaac_ros_nvblox/install/nvblox_ros/include/eigen3/Eigen/src/Core/products/GeneralMatrixMatrix.h
[181.751s] -- Up-to-date symlink: /workspaces/isaac_ros-dev/src/isaac_ros_nvblox/install/nvblox_ros/include/eigen3/Eigen/src/Core/products/GeneralMatrixMatrixTriangular.h
[181.751s] -- Up-to-date symlink: /workspaces/isaac_ros-dev/src/isaac_ros_nvblox/install/nvblox_ros/include/eigen3/Eigen/src/Core/products/GeneralMatrixMatrixTriangular_BLAS.h
[181.751s] -- Up-to-date symlink: /workspaces/isaac_ros-dev/src/isaac_ros_nvblox/install/nvblox_ros/include/eigen3/Eigen/src/Core/products/GeneralMatrixMatrix_BLAS.h
[181.751s] -- Up-to-date symlink: /workspaces/isaac_ros-dev/src/isaac_ros_nvblox/install/nvblox_ros/include/eigen3/Eigen/src/Core/products/GeneralMatrixVector.h
[181.751s] -- Up-to-date symlink: /workspaces/isaac_ros-dev/src/isaac_ros_nvblox/install/nvblox_ros/include/eigen3/Eigen/src/Core/products/GeneralMatrixVector_BLAS.h
[181.751s] -- Up-to-date symlink: /workspaces/isaac_ros-dev/src/isaac_ros_nvblox/install/nvblox_ros/include/eigen3/Eigen/src/Core/products/Parallelizer.h
[181.751s] -- Up-to-date symlink: /workspaces/isaac_ros-dev/src/isaac_ros_nvblox/install/nvblox_ros/include/eigen3/Eigen/src/Core/products/SelfadjointMatrixMatrix.h
[181.752s] -- Up-to-date symlink: /workspaces/isaac_ros-dev/src/isaac_ros_nvblox/install/nvblox_ros/include/eigen3/Eigen/src/Core/products/SelfadjointMatrixMatrix_BLAS.h
[181.752s] -- Up-to-date symlink: /workspaces/isaac_ros-dev/src/isaac_ros_nvblox/install/nvblox_ros/include/eigen3/Eigen/src/Core/products/SelfadjointMatrixVector.h
[181.752s] -- Up-to-date symlink: /workspaces/isaac_ros-dev/src/isaac_ros_nvblox/install/nvblox_ros/include/eigen3/Eigen/src/Core/products/SelfadjointMatrixVector_BLAS.h
[181.752s] -- Up-to-date symlink: /workspaces/isaac_ros-dev/src/isaac_ros_nvblox/install/nvblox_ros/include/eigen3/Eigen/src/Core/products/SelfadjointProduct.h
[181.752s] -- Up-to-date symlink: /workspaces/isaac_ros-dev/src/isaac_ros_nvblox/install/nvblox_ros/include/eigen3/Eigen/src/Core/products/SelfadjointRank2Update.h
[181.752s] -- Up-to-date symlink: /workspaces/isaac_ros-dev/src/isaac_ros_nvblox/install/nvblox_ros/include/eigen3/Eigen/src/Core/products/TriangularMatrixMatrix.h
[181.752s] -- Up-to-date symlink: /workspaces/isaac_ros-dev/src/isaac_ros_nvblox/install/nvblox_ros/include/eigen3/Eigen/src/Core/products/TriangularMatrixMatrix_BLAS.h
[181.752s] -- Up-to-date symlink: /workspaces/isaac_ros-dev/src/isaac_ros_nvblox/install/nvblox_ros/include/eigen3/Eigen/src/Core/products/TriangularMatrixVector.h
[181.753s] -- Up-to-date symlink: /workspaces/isaac_ros-dev/src/isaac_ros_nvblox/install/nvblox_ros/include/eigen3/Eigen/src/Core/products/TriangularMatrixVector_BLAS.h
[181.753s] -- Up-to-date symlink: /workspaces/isaac_ros-dev/src/isaac_ros_nvblox/install/nvblox_ros/include/eigen3/Eigen/src/Core/products/TriangularSolverMatrix.h
[181.753s] -- Up-to-date symlink: /workspaces/isaac_ros-dev/src/isaac_ros_nvblox/install/nvblox_ros/include/eigen3/Eigen/src/Core/products/TriangularSolverMatrix_BLAS.h
[181.753s] -- Up-to-date symlink: /workspaces/isaac_ros-dev/src/isaac_ros_nvblox/install/nvblox_ros/include/eigen3/Eigen/src/Core/products/TriangularSolverVector.h
[181.753s] -- Up-to-date symlink: /workspaces/isaac_ros-dev/src/isaac_ros_nvblox/install/nvblox_ros/include/eigen3/Eigen/src/Core/util/BlasUtil.h
[181.753s] -- Up-to-date symlink: /workspaces/isaac_ros-dev/src/isaac_ros_nvblox/install/nvblox_ros/include/eigen3/Eigen/src/Core/util/ConfigureVectorization.h
[181.753s] -- Up-to-date symlink: /workspaces/isaac_ros-dev/src/isaac_ros_nvblox/install/nvblox_ros/include/eigen3/Eigen/src/Core/util/Constants.h
[181.754s] -- Up-to-date symlink: /workspaces/isaac_ros-dev/src/isaac_ros_nvblox/install/nvblox_ros/include/eigen3/Eigen/src/Core/util/DisableStupidWarnings.h
[181.754s] -- Up-to-date symlink: /workspaces/isaac_ros-dev/src/isaac_ros_nvblox/install/nvblox_ros/include/eigen3/Eigen/src/Core/util/ForwardDeclarations.h
[181.754s] -- Up-to-date symlink: /workspaces/isaac_ros-dev/src/isaac_ros_nvblox/install/nvblox_ros/include/eigen3/Eigen/src/Core/util/IndexedViewHelper.h
[181.754s] -- Up-to-date symlink: /workspaces/isaac_ros-dev/src/isaac_ros_nvblox/install/nvblox_ros/include/eigen3/Eigen/src/Core/util/IntegralConstant.h
[181.754s] -- Up-to-date symlink: /workspaces/isaac_ros-dev/src/isaac_ros_nvblox/install/nvblox_ros/include/eigen3/Eigen/src/Core/util/MKL_support.h
[181.754s] -- Up-to-date symlink: /workspaces/isaac_ros-dev/src/isaac_ros_nvblox/install/nvblox_ros/include/eigen3/Eigen/src/Core/util/Macros.h
[181.754s] -- Up-to-date symlink: /workspaces/isaac_ros-dev/src/isaac_ros_nvblox/install/nvblox_ros/include/eigen3/Eigen/src/Core/util/Memory.h
[181.754s] -- Up-to-date symlink: /workspaces/isaac_ros-dev/src/isaac_ros_nvblox/install/nvblox_ros/include/eigen3/Eigen/src/Core/util/Meta.h
[181.755s] -- Up-to-date symlink: /workspaces/isaac_ros-dev/src/isaac_ros_nvblox/install/nvblox_ros/include/eigen3/Eigen/src/Core/util/NonMPL2.h
[181.755s] -- Up-to-date symlink: /workspaces/isaac_ros-dev/src/isaac_ros_nvblox/install/nvblox_ros/include/eigen3/Eigen/src/Core/util/ReenableStupidWarnings.h
[181.755s] -- Up-to-date symlink: /workspaces/isaac_ros-dev/src/isaac_ros_nvblox/install/nvblox_ros/include/eigen3/Eigen/src/Core/util/ReshapedHelper.h
[181.755s] -- Up-to-date symlink: /workspaces/isaac_ros-dev/src/isaac_ros_nvblox/install/nvblox_ros/include/eigen3/Eigen/src/Core/util/StaticAssert.h
[181.755s] -- Up-to-date symlink: /workspaces/isaac_ros-dev/src/isaac_ros_nvblox/install/nvblox_ros/include/eigen3/Eigen/src/Core/util/SymbolicIndex.h
[181.755s] -- Up-to-date symlink: /workspaces/isaac_ros-dev/src/isaac_ros_nvblox/install/nvblox_ros/include/eigen3/Eigen/src/Core/util/XprHelper.h
[181.755s] -- Up-to-date symlink: /workspaces/isaac_ros-dev/src/isaac_ros_nvblox/install/nvblox_ros/include/eigen3/Eigen/src/Eigenvalues/ComplexEigenSolver.h
[181.755s] -- Up-to-date symlink: /workspaces/isaac_ros-dev/src/isaac_ros_nvblox/install/nvblox_ros/include/eigen3/Eigen/src/Eigenvalues/ComplexSchur.h
[181.756s] -- Up-to-date symlink: /workspaces/isaac_ros-dev/src/isaac_ros_nvblox/install/nvblox_ros/include/eigen3/Eigen/src/Eigenvalues/ComplexSchur_LAPACKE.h
[181.756s] -- Up-to-date symlink: /workspaces/isaac_ros-dev/src/isaac_ros_nvblox/install/nvblox_ros/include/eigen3/Eigen/src/Eigenvalues/EigenSolver.h
[181.756s] -- Up-to-date symlink: /workspaces/isaac_ros-dev/src/isaac_ros_nvblox/install/nvblox_ros/include/eigen3/Eigen/src/Eigenvalues/GeneralizedEigenSolver.h
[181.756s] -- Up-to-date symlink: /workspaces/isaac_ros-dev/src/isaac_ros_nvblox/install/nvblox_ros/include/eigen3/Eigen/src/Eigenvalues/GeneralizedSelfAdjointEigenSolver.h
[181.756s] -- Up-to-date symlink: /workspaces/isaac_ros-dev/src/isaac_ros_nvblox/install/nvblox_ros/include/eigen3/Eigen/src/Eigenvalues/HessenbergDecomposition.h
[181.756s] -- Up-to-date symlink: /workspaces/isaac_ros-dev/src/isaac_ros_nvblox/install/nvblox_ros/include/eigen3/Eigen/src/Eigenvalues/MatrixBaseEigenvalues.h
[181.756s] -- Up-to-date symlink: /workspaces/isaac_ros-dev/src/isaac_ros_nvblox/install/nvblox_ros/include/eigen3/Eigen/src/Eigenvalues/RealQZ.h
[181.756s] -- Up-to-date symlink: /workspaces/isaac_ros-dev/src/isaac_ros_nvblox/install/nvblox_ros/include/eigen3/Eigen/src/Eigenvalues/RealSchur.h
[181.757s] -- Up-to-date symlink: /workspaces/isaac_ros-dev/src/isaac_ros_nvblox/install/nvblox_ros/include/eigen3/Eigen/src/Eigenvalues/RealSchur_LAPACKE.h
[181.757s] -- Up-to-date symlink: /workspaces/isaac_ros-dev/src/isaac_ros_nvblox/install/nvblox_ros/include/eigen3/Eigen/src/Eigenvalues/SelfAdjointEigenSolver.h
[181.757s] -- Up-to-date symlink: /workspaces/isaac_ros-dev/src/isaac_ros_nvblox/install/nvblox_ros/include/eigen3/Eigen/src/Eigenvalues/SelfAdjointEigenSolver_LAPACKE.h
[181.757s] -- Up-to-date symlink: /workspaces/isaac_ros-dev/src/isaac_ros_nvblox/install/nvblox_ros/include/eigen3/Eigen/src/Eigenvalues/Tridiagonalization.h
[181.757s] -- Up-to-date symlink: /workspaces/isaac_ros-dev/src/isaac_ros_nvblox/install/nvblox_ros/include/eigen3/Eigen/src/Geometry/AlignedBox.h
[181.757s] -- Up-to-date symlink: /workspaces/isaac_ros-dev/src/isaac_ros_nvblox/install/nvblox_ros/include/eigen3/Eigen/src/Geometry/AngleAxis.h
[181.757s] -- Up-to-date symlink: /workspaces/isaac_ros-dev/src/isaac_ros_nvblox/install/nvblox_ros/include/eigen3/Eigen/src/Geometry/EulerAngles.h
[181.757s] -- Up-to-date symlink: /workspaces/isaac_ros-dev/src/isaac_ros_nvblox/install/nvblox_ros/include/eigen3/Eigen/src/Geometry/Homogeneous.h
[181.757s] -- Up-to-date symlink: /workspaces/isaac_ros-dev/src/isaac_ros_nvblox/install/nvblox_ros/include/eigen3/Eigen/src/Geometry/Hyperplane.h
[181.758s] -- Up-to-date symlink: /workspaces/isaac_ros-dev/src/isaac_ros_nvblox/install/nvblox_ros/include/eigen3/Eigen/src/Geometry/OrthoMethods.h
[181.758s] -- Up-to-date symlink: /workspaces/isaac_ros-dev/src/isaac_ros_nvblox/install/nvblox_ros/include/eigen3/Eigen/src/Geometry/ParametrizedLine.h
[181.758s] -- Up-to-date symlink: /workspaces/isaac_ros-dev/src/isaac_ros_nvblox/install/nvblox_ros/include/eigen3/Eigen/src/Geometry/Quaternion.h
[181.758s] -- Up-to-date symlink: /workspaces/isaac_ros-dev/src/isaac_ros_nvblox/install/nvblox_ros/include/eigen3/Eigen/src/Geometry/Rotation2D.h
[181.758s] -- Up-to-date symlink: /workspaces/isaac_ros-dev/src/isaac_ros_nvblox/install/nvblox_ros/include/eigen3/Eigen/src/Geometry/RotationBase.h
[181.758s] -- Up-to-date symlink: /workspaces/isaac_ros-dev/src/isaac_ros_nvblox/install/nvblox_ros/include/eigen3/Eigen/src/Geometry/Scaling.h
[181.758s] -- Up-to-date symlink: /workspaces/isaac_ros-dev/src/isaac_ros_nvblox/install/nvblox_ros/include/eigen3/Eigen/src/Geometry/Transform.h
[181.758s] -- Up-to-date symlink: /workspaces/isaac_ros-dev/src/isaac_ros_nvblox/install/nvblox_ros/include/eigen3/Eigen/src/Geometry/Translation.h
[181.759s] -- Up-to-date symlink: /workspaces/isaac_ros-dev/src/isaac_ros_nvblox/install/nvblox_ros/include/eigen3/Eigen/src/Geometry/Umeyama.h
[181.759s] -- Up-to-date symlink: /workspaces/isaac_ros-dev/src/isaac_ros_nvblox/install/nvblox_ros/include/eigen3/Eigen/src/Geometry/arch/Geometry_SIMD.h
[181.759s] -- Up-to-date symlink: /workspaces/isaac_ros-dev/src/isaac_ros_nvblox/install/nvblox_ros/include/eigen3/Eigen/src/Householder/BlockHouseholder.h
[181.759s] -- Up-to-date symlink: /workspaces/isaac_ros-dev/src/isaac_ros_nvblox/install/nvblox_ros/include/eigen3/Eigen/src/Householder/Householder.h
[181.759s] -- Up-to-date symlink: /workspaces/isaac_ros-dev/src/isaac_ros_nvblox/install/nvblox_ros/include/eigen3/Eigen/src/Householder/HouseholderSequence.h
[181.759s] -- Up-to-date symlink: /workspaces/isaac_ros-dev/src/isaac_ros_nvblox/install/nvblox_ros/include/eigen3/Eigen/src/IterativeLinearSolvers/BasicPreconditioners.h
[181.759s] -- Up-to-date symlink: /workspaces/isaac_ros-dev/src/isaac_ros_nvblox/install/nvblox_ros/include/eigen3/Eigen/src/IterativeLinearSolvers/BiCGSTAB.h
[181.759s] -- Up-to-date symlink: /workspaces/isaac_ros-dev/src/isaac_ros_nvblox/install/nvblox_ros/include/eigen3/Eigen/src/IterativeLinearSolvers/ConjugateGradient.h
[181.760s] -- Up-to-date symlink: /workspaces/isaac_ros-dev/src/isaac_ros_nvblox/install/nvblox_ros/include/eigen3/Eigen/src/IterativeLinearSolvers/IncompleteCholesky.h
[181.760s] -- Up-to-date symlink: /workspaces/isaac_ros-dev/src/isaac_ros_nvblox/install/nvblox_ros/include/eigen3/Eigen/src/IterativeLinearSolvers/IncompleteLUT.h
[181.760s] -- Up-to-date symlink: /workspaces/isaac_ros-dev/src/isaac_ros_nvblox/install/nvblox_ros/include/eigen3/Eigen/src/IterativeLinearSolvers/IterativeSolverBase.h
[181.760s] -- Up-to-date symlink: /workspaces/isaac_ros-dev/src/isaac_ros_nvblox/install/nvblox_ros/include/eigen3/Eigen/src/IterativeLinearSolvers/LeastSquareConjugateGradient.h
[181.760s] -- Up-to-date symlink: /workspaces/isaac_ros-dev/src/isaac_ros_nvblox/install/nvblox_ros/include/eigen3/Eigen/src/IterativeLinearSolvers/SolveWithGuess.h
[181.760s] -- Up-to-date symlink: /workspaces/isaac_ros-dev/src/isaac_ros_nvblox/install/nvblox_ros/include/eigen3/Eigen/src/Jacobi/Jacobi.h
[181.760s] -- Up-to-date symlink: /workspaces/isaac_ros-dev/src/isaac_ros_nvblox/install/nvblox_ros/include/eigen3/Eigen/src/KLUSupport/KLUSupport.h
[181.760s] -- Up-to-date symlink: /workspaces/isaac_ros-dev/src/isaac_ros_nvblox/install/nvblox_ros/include/eigen3/Eigen/src/LU/Determinant.h
[181.761s] -- Up-to-date symlink: /workspaces/isaac_ros-dev/src/isaac_ros_nvblox/install/nvblox_ros/include/eigen3/Eigen/src/LU/FullPivLU.h
[181.761s] -- Up-to-date symlink: /workspaces/isaac_ros-dev/src/isaac_ros_nvblox/install/nvblox_ros/include/eigen3/Eigen/src/LU/InverseImpl.h
[181.761s] -- Up-to-date symlink: /workspaces/isaac_ros-dev/src/isaac_ros_nvblox/install/nvblox_ros/include/eigen3/Eigen/src/LU/PartialPivLU.h
[181.761s] -- Up-to-date symlink: /workspaces/isaac_ros-dev/src/isaac_ros_nvblox/install/nvblox_ros/include/eigen3/Eigen/src/LU/PartialPivLU_LAPACKE.h
[181.761s] -- Up-to-date symlink: /workspaces/isaac_ros-dev/src/isaac_ros_nvblox/install/nvblox_ros/include/eigen3/Eigen/src/LU/arch/InverseSize4.h
[181.761s] -- Up-to-date symlink: /workspaces/isaac_ros-dev/src/isaac_ros_nvblox/install/nvblox_ros/include/eigen3/Eigen/src/MetisSupport/MetisSupport.h
[181.761s] -- Up-to-date symlink: /workspaces/isaac_ros-dev/src/isaac_ros_nvblox/install/nvblox_ros/include/eigen3/Eigen/src/OrderingMethods/Amd.h
[181.761s] -- Up-to-date symlink: /workspaces/isaac_ros-dev/src/isaac_ros_nvblox/install/nvblox_ros/include/eigen3/Eigen/src/OrderingMethods/Eigen_Colamd.h
[181.761s] -- Up-to-date symlink: /workspaces/isaac_ros-dev/src/isaac_ros_nvblox/install/nvblox_ros/include/eigen3/Eigen/src/OrderingMethods/Ordering.h
[181.762s] -- Up-to-date symlink: /workspaces/isaac_ros-dev/src/isaac_ros_nvblox/install/nvblox_ros/include/eigen3/Eigen/src/PaStiXSupport/PaStiXSupport.h
[181.762s] -- Up-to-date symlink: /workspaces/isaac_ros-dev/src/isaac_ros_nvblox/install/nvblox_ros/include/eigen3/Eigen/src/PardisoSupport/PardisoSupport.h
[181.762s] -- Up-to-date symlink: /workspaces/isaac_ros-dev/src/isaac_ros_nvblox/install/nvblox_ros/include/eigen3/Eigen/src/QR/ColPivHouseholderQR.h
[181.762s] -- Up-to-date symlink: /workspaces/isaac_ros-dev/src/isaac_ros_nvblox/install/nvblox_ros/include/eigen3/Eigen/src/QR/ColPivHouseholderQR_LAPACKE.h
[181.762s] -- Up-to-date symlink: /workspaces/isaac_ros-dev/src/isaac_ros_nvblox/install/nvblox_ros/include/eigen3/Eigen/src/QR/CompleteOrthogonalDecomposition.h
[181.762s] -- Up-to-date symlink: /workspaces/isaac_ros-dev/src/isaac_ros_nvblox/install/nvblox_ros/include/eigen3/Eigen/src/QR/FullPivHouseholderQR.h
[181.762s] -- Up-to-date symlink: /workspaces/isaac_ros-dev/src/isaac_ros_nvblox/install/nvblox_ros/include/eigen3/Eigen/src/QR/HouseholderQR.h
[181.762s] -- Up-to-date symlink: /workspaces/isaac_ros-dev/src/isaac_ros_nvblox/install/nvblox_ros/include/eigen3/Eigen/src/QR/HouseholderQR_LAPACKE.h
[181.763s] -- Up-to-date symlink: /workspaces/isaac_ros-dev/src/isaac_ros_nvblox/install/nvblox_ros/include/eigen3/Eigen/src/SPQRSupport/SuiteSparseQRSupport.h
[181.763s] -- Up-to-date symlink: /workspaces/isaac_ros-dev/src/isaac_ros_nvblox/install/nvblox_ros/include/eigen3/Eigen/src/SVD/BDCSVD.h
[181.763s] -- Up-to-date symlink: /workspaces/isaac_ros-dev/src/isaac_ros_nvblox/install/nvblox_ros/include/eigen3/Eigen/src/SVD/JacobiSVD.h
[181.763s] -- Up-to-date symlink: /workspaces/isaac_ros-dev/src/isaac_ros_nvblox/install/nvblox_ros/include/eigen3/Eigen/src/SVD/JacobiSVD_LAPACKE.h
[181.763s] -- Up-to-date symlink: /workspaces/isaac_ros-dev/src/isaac_ros_nvblox/install/nvblox_ros/include/eigen3/Eigen/src/SVD/SVDBase.h
[181.763s] -- Up-to-date symlink: /workspaces/isaac_ros-dev/src/isaac_ros_nvblox/install/nvblox_ros/include/eigen3/Eigen/src/SVD/UpperBidiagonalization.h
[181.763s] -- Up-to-date symlink: /workspaces/isaac_ros-dev/src/isaac_ros_nvblox/install/nvblox_ros/include/eigen3/Eigen/src/SparseCholesky/SimplicialCholesky.h
[181.763s] -- Up-to-date symlink: /workspaces/isaac_ros-dev/src/isaac_ros_nvblox/install/nvblox_ros/include/eigen3/Eigen/src/SparseCholesky/SimplicialCholesky_impl.h
[181.764s] -- Up-to-date symlink: /workspaces/isaac_ros-dev/src/isaac_ros_nvblox/install/nvblox_ros/include/eigen3/Eigen/src/SparseCore/AmbiVector.h
[181.764s] -- Up-to-date symlink: /workspaces/isaac_ros-dev/src/isaac_ros_nvblox/install/nvblox_ros/include/eigen3/Eigen/src/SparseCore/CompressedStorage.h
[181.764s] -- Up-to-date symlink: /workspaces/isaac_ros-dev/src/isaac_ros_nvblox/install/nvblox_ros/include/eigen3/Eigen/src/SparseCore/ConservativeSparseSparseProduct.h
[181.764s] -- Up-to-date symlink: /workspaces/isaac_ros-dev/src/isaac_ros_nvblox/install/nvblox_ros/include/eigen3/Eigen/src/SparseCore/MappedSparseMatrix.h
[181.764s] -- Up-to-date symlink: /workspaces/isaac_ros-dev/src/isaac_ros_nvblox/install/nvblox_ros/include/eigen3/Eigen/src/SparseCore/SparseAssign.h
[181.764s] -- Up-to-date symlink: /workspaces/isaac_ros-dev/src/isaac_ros_nvblox/install/nvblox_ros/include/eigen3/Eigen/src/SparseCore/SparseBlock.h
[181.764s] -- Up-to-date symlink: /workspaces/isaac_ros-dev/src/isaac_ros_nvblox/install/nvblox_ros/include/eigen3/Eigen/src/SparseCore/SparseColEtree.h
[181.764s] -- Up-to-date symlink: /workspaces/isaac_ros-dev/src/isaac_ros_nvblox/install/nvblox_ros/include/eigen3/Eigen/src/SparseCore/SparseCompressedBase.h
[181.765s] -- Up-to-date symlink: /workspaces/isaac_ros-dev/src/isaac_ros_nvblox/install/nvblox_ros/include/eigen3/Eigen/src/SparseCore/SparseCwiseBinaryOp.h
[181.765s] -- Up-to-date symlink: /workspaces/isaac_ros-dev/src/isaac_ros_nvblox/install/nvblox_ros/include/eigen3/Eigen/src/SparseCore/SparseCwiseUnaryOp.h
[181.765s] -- Up-to-date symlink: /workspaces/isaac_ros-dev/src/isaac_ros_nvblox/install/nvblox_ros/include/eigen3/Eigen/src/SparseCore/SparseDenseProduct.h
[181.765s] -- Up-to-date symlink: /workspaces/isaac_ros-dev/src/isaac_ros_nvblox/install/nvblox_ros/include/eigen3/Eigen/src/SparseCore/SparseDiagonalProduct.h
[181.765s] -- Up-to-date symlink: /workspaces/isaac_ros-dev/src/isaac_ros_nvblox/install/nvblox_ros/include/eigen3/Eigen/src/SparseCore/SparseDot.h
[181.765s] -- Up-to-date symlink: /workspaces/isaac_ros-dev/src/isaac_ros_nvblox/install/nvblox_ros/include/eigen3/Eigen/src/SparseCore/SparseFuzzy.h
[181.765s] -- Up-to-date symlink: /workspaces/isaac_ros-dev/src/isaac_ros_nvblox/install/nvblox_ros/include/eigen3/Eigen/src/SparseCore/SparseMap.h
[181.765s] -- Up-to-date symlink: /workspaces/isaac_ros-dev/src/isaac_ros_nvblox/install/nvblox_ros/include/eigen3/Eigen/src/SparseCore/SparseMatrix.h
[181.766s] -- Up-to-date symlink: /workspaces/isaac_ros-dev/src/isaac_ros_nvblox/install/nvblox_ros/include/eigen3/Eigen/src/SparseCore/SparseMatrixBase.h
[181.766s] -- Up-to-date symlink: /workspaces/isaac_ros-dev/src/isaac_ros_nvblox/install/nvblox_ros/include/eigen3/Eigen/src/SparseCore/SparsePermutation.h
[181.766s] -- Up-to-date symlink: /workspaces/isaac_ros-dev/src/isaac_ros_nvblox/install/nvblox_ros/include/eigen3/Eigen/src/SparseCore/SparseProduct.h
[181.766s] -- Up-to-date symlink: /workspaces/isaac_ros-dev/src/isaac_ros_nvblox/install/nvblox_ros/include/eigen3/Eigen/src/SparseCore/SparseRedux.h
[181.766s] -- Up-to-date symlink: /workspaces/isaac_ros-dev/src/isaac_ros_nvblox/install/nvblox_ros/include/eigen3/Eigen/src/SparseCore/SparseRef.h
[181.766s] -- Up-to-date symlink: /workspaces/isaac_ros-dev/src/isaac_ros_nvblox/install/nvblox_ros/include/eigen3/Eigen/src/SparseCore/SparseSelfAdjointView.h
[181.766s] -- Up-to-date symlink: /workspaces/isaac_ros-dev/src/isaac_ros_nvblox/install/nvblox_ros/include/eigen3/Eigen/src/SparseCore/SparseSolverBase.h
[181.766s] -- Up-to-date symlink: /workspaces/isaac_ros-dev/src/isaac_ros_nvblox/install/nvblox_ros/include/eigen3/Eigen/src/SparseCore/SparseSparseProductWithPruning.h
[181.767s] -- Up-to-date symlink: /workspaces/isaac_ros-dev/src/isaac_ros_nvblox/install/nvblox_ros/include/eigen3/Eigen/src/SparseCore/SparseTranspose.h
[181.767s] -- Up-to-date symlink: /workspaces/isaac_ros-dev/src/isaac_ros_nvblox/install/nvblox_ros/include/eigen3/Eigen/src/SparseCore/SparseTriangularView.h
[181.767s] -- Up-to-date symlink: /workspaces/isaac_ros-dev/src/isaac_ros_nvblox/install/nvblox_ros/include/eigen3/Eigen/src/SparseCore/SparseUtil.h
[181.767s] -- Up-to-date symlink: /workspaces/isaac_ros-dev/src/isaac_ros_nvblox/install/nvblox_ros/include/eigen3/Eigen/src/SparseCore/SparseVector.h
[181.767s] -- Up-to-date symlink: /workspaces/isaac_ros-dev/src/isaac_ros_nvblox/install/nvblox_ros/include/eigen3/Eigen/src/SparseCore/SparseView.h
[181.767s] -- Up-to-date symlink: /workspaces/isaac_ros-dev/src/isaac_ros_nvblox/install/nvblox_ros/include/eigen3/Eigen/src/SparseCore/TriangularSolver.h
[181.767s] -- Up-to-date symlink: /workspaces/isaac_ros-dev/src/isaac_ros_nvblox/install/nvblox_ros/include/eigen3/Eigen/src/SparseLU/SparseLU.h
[181.767s] -- Up-to-date symlink: /workspaces/isaac_ros-dev/src/isaac_ros_nvblox/install/nvblox_ros/include/eigen3/Eigen/src/SparseLU/SparseLUImpl.h
[181.768s] -- Up-to-date symlink: /workspaces/isaac_ros-dev/src/isaac_ros_nvblox/install/nvblox_ros/include/eigen3/Eigen/src/SparseLU/SparseLU_Memory.h
[181.768s] -- Up-to-date symlink: /workspaces/isaac_ros-dev/src/isaac_ros_nvblox/install/nvblox_ros/include/eigen3/Eigen/src/SparseLU/SparseLU_Structs.h
[181.768s] -- Up-to-date symlink: /workspaces/isaac_ros-dev/src/isaac_ros_nvblox/install/nvblox_ros/include/eigen3/Eigen/src/SparseLU/SparseLU_SupernodalMatrix.h
[181.768s] -- Up-to-date symlink: /workspaces/isaac_ros-dev/src/isaac_ros_nvblox/install/nvblox_ros/include/eigen3/Eigen/src/SparseLU/SparseLU_Utils.h
[181.768s] -- Up-to-date symlink: /workspaces/isaac_ros-dev/src/isaac_ros_nvblox/install/nvblox_ros/include/eigen3/Eigen/src/SparseLU/SparseLU_column_bmod.h
[181.768s] -- Up-to-date symlink: /workspaces/isaac_ros-dev/src/isaac_ros_nvblox/install/nvblox_ros/include/eigen3/Eigen/src/SparseLU/SparseLU_column_dfs.h
[181.768s] -- Up-to-date symlink: /workspaces/isaac_ros-dev/src/isaac_ros_nvblox/install/nvblox_ros/include/eigen3/Eigen/src/SparseLU/SparseLU_copy_to_ucol.h
[181.768s] -- Up-to-date symlink: /workspaces/isaac_ros-dev/src/isaac_ros_nvblox/install/nvblox_ros/include/eigen3/Eigen/src/SparseLU/SparseLU_gemm_kernel.h
[181.769s] -- Up-to-date symlink: /workspaces/isaac_ros-dev/src/isaac_ros_nvblox/install/nvblox_ros/include/eigen3/Eigen/src/SparseLU/SparseLU_heap_relax_snode.h
[181.769s] -- Up-to-date symlink: /workspaces/isaac_ros-dev/src/isaac_ros_nvblox/install/nvblox_ros/include/eigen3/Eigen/src/SparseLU/SparseLU_kernel_bmod.h
[181.769s] -- Up-to-date symlink: /workspaces/isaac_ros-dev/src/isaac_ros_nvblox/install/nvblox_ros/include/eigen3/Eigen/src/SparseLU/SparseLU_panel_bmod.h
[181.769s] -- Up-to-date symlink: /workspaces/isaac_ros-dev/src/isaac_ros_nvblox/install/nvblox_ros/include/eigen3/Eigen/src/SparseLU/SparseLU_panel_dfs.h
[181.769s] -- Up-to-date symlink: /workspaces/isaac_ros-dev/src/isaac_ros_nvblox/install/nvblox_ros/include/eigen3/Eigen/src/SparseLU/SparseLU_pivotL.h
[181.769s] -- Up-to-date symlink: /workspaces/isaac_ros-dev/src/isaac_ros_nvblox/install/nvblox_ros/include/eigen3/Eigen/src/SparseLU/SparseLU_pruneL.h
[181.769s] -- Up-to-date symlink: /workspaces/isaac_ros-dev/src/isaac_ros_nvblox/install/nvblox_ros/include/eigen3/Eigen/src/SparseLU/SparseLU_relax_snode.h
[181.769s] -- Up-to-date symlink: /workspaces/isaac_ros-dev/src/isaac_ros_nvblox/install/nvblox_ros/include/eigen3/Eigen/src/SparseQR/SparseQR.h
[181.770s] -- Up-to-date symlink: /workspaces/isaac_ros-dev/src/isaac_ros_nvblox/install/nvblox_ros/include/eigen3/Eigen/src/StlSupport/StdDeque.h
[181.770s] -- Up-to-date symlink: /workspaces/isaac_ros-dev/src/isaac_ros_nvblox/install/nvblox_ros/include/eigen3/Eigen/src/StlSupport/StdList.h
[181.770s] -- Up-to-date symlink: /workspaces/isaac_ros-dev/src/isaac_ros_nvblox/install/nvblox_ros/include/eigen3/Eigen/src/StlSupport/StdVector.h
[181.770s] -- Up-to-date symlink: /workspaces/isaac_ros-dev/src/isaac_ros_nvblox/install/nvblox_ros/include/eigen3/Eigen/src/StlSupport/details.h
[181.770s] -- Up-to-date symlink: /workspaces/isaac_ros-dev/src/isaac_ros_nvblox/install/nvblox_ros/include/eigen3/Eigen/src/SuperLUSupport/SuperLUSupport.h
[181.770s] -- Up-to-date symlink: /workspaces/isaac_ros-dev/src/isaac_ros_nvblox/install/nvblox_ros/include/eigen3/Eigen/src/UmfPackSupport/UmfPackSupport.h
[181.770s] -- Up-to-date symlink: /workspaces/isaac_ros-dev/src/isaac_ros_nvblox/install/nvblox_ros/include/eigen3/Eigen/src/misc/Image.h
[181.770s] -- Up-to-date symlink: /workspaces/isaac_ros-dev/src/isaac_ros_nvblox/install/nvblox_ros/include/eigen3/Eigen/src/misc/Kernel.h
[181.771s] -- Up-to-date symlink: /workspaces/isaac_ros-dev/src/isaac_ros_nvblox/install/nvblox_ros/include/eigen3/Eigen/src/misc/RealSvd2x2.h
[181.771s] -- Up-to-date symlink: /workspaces/isaac_ros-dev/src/isaac_ros_nvblox/install/nvblox_ros/include/eigen3/Eigen/src/misc/blas.h
[181.771s] -- Up-to-date symlink: /workspaces/isaac_ros-dev/src/isaac_ros_nvblox/install/nvblox_ros/include/eigen3/Eigen/src/misc/lapack.h
[181.771s] -- Up-to-date symlink: /workspaces/isaac_ros-dev/src/isaac_ros_nvblox/install/nvblox_ros/include/eigen3/Eigen/src/misc/lapacke.h
[181.771s] -- Up-to-date symlink: /workspaces/isaac_ros-dev/src/isaac_ros_nvblox/install/nvblox_ros/include/eigen3/Eigen/src/misc/lapacke_mangling.h
[181.771s] -- Up-to-date symlink: /workspaces/isaac_ros-dev/src/isaac_ros_nvblox/install/nvblox_ros/include/eigen3/Eigen/src/plugins/ArrayCwiseBinaryOps.h
[181.771s] -- Up-to-date symlink: /workspaces/isaac_ros-dev/src/isaac_ros_nvblox/install/nvblox_ros/include/eigen3/Eigen/src/plugins/ArrayCwiseUnaryOps.h
[181.771s] -- Up-to-date symlink: /workspaces/isaac_ros-dev/src/isaac_ros_nvblox/install/nvblox_ros/include/eigen3/Eigen/src/plugins/BlockMethods.h
[181.771s] -- Up-to-date symlink: /workspaces/isaac_ros-dev/src/isaac_ros_nvblox/install/nvblox_ros/include/eigen3/Eigen/src/plugins/CommonCwiseBinaryOps.h
[181.772s] -- Up-to-date symlink: /workspaces/isaac_ros-dev/src/isaac_ros_nvblox/install/nvblox_ros/include/eigen3/Eigen/src/plugins/CommonCwiseUnaryOps.h
[181.772s] -- Up-to-date symlink: /workspaces/isaac_ros-dev/src/isaac_ros_nvblox/install/nvblox_ros/include/eigen3/Eigen/src/plugins/IndexedViewMethods.h
[181.772s] -- Up-to-date symlink: /workspaces/isaac_ros-dev/src/isaac_ros_nvblox/install/nvblox_ros/include/eigen3/Eigen/src/plugins/MatrixCwiseBinaryOps.h
[181.772s] -- Up-to-date symlink: /workspaces/isaac_ros-dev/src/isaac_ros_nvblox/install/nvblox_ros/include/eigen3/Eigen/src/plugins/MatrixCwiseUnaryOps.h
[181.772s] -- Up-to-date symlink: /workspaces/isaac_ros-dev/src/isaac_ros_nvblox/install/nvblox_ros/include/eigen3/Eigen/src/plugins/ReshapedMethods.h
[181.772s] -- Up-to-date symlink: /workspaces/isaac_ros-dev/src/isaac_ros_nvblox/install/nvblox_ros/include/eigen3/signature_of_eigen3_matrix_library
[181.772s] -- Up-to-date symlink: /workspaces/isaac_ros-dev/src/isaac_ros_nvblox/install/nvblox_ros/include/eigen3/unsupported/Eigen/AdolcForward
[181.772s] -- Up-to-date symlink: /workspaces/isaac_ros-dev/src/isaac_ros_nvblox/install/nvblox_ros/include/eigen3/unsupported/Eigen/AlignedVector3
[181.773s] -- Up-to-date symlink: /workspaces/isaac_ros-dev/src/isaac_ros_nvblox/install/nvblox_ros/include/eigen3/unsupported/Eigen/ArpackSupport
[181.773s] -- Up-to-date symlink: /workspaces/isaac_ros-dev/src/isaac_ros_nvblox/install/nvblox_ros/include/eigen3/unsupported/Eigen/AutoDiff
[181.773s] -- Up-to-date symlink: /workspaces/isaac_ros-dev/src/isaac_ros_nvblox/install/nvblox_ros/include/eigen3/unsupported/Eigen/BVH
[181.773s] -- Up-to-date symlink: /workspaces/isaac_ros-dev/src/isaac_ros_nvblox/install/nvblox_ros/include/eigen3/unsupported/Eigen/CXX11/Tensor
[181.773s] -- Up-to-date symlink: /workspaces/isaac_ros-dev/src/isaac_ros_nvblox/install/nvblox_ros/include/eigen3/unsupported/Eigen/CXX11/TensorSymmetry
[181.773s] -- Up-to-date symlink: /workspaces/isaac_ros-dev/src/isaac_ros_nvblox/install/nvblox_ros/include/eigen3/unsupported/Eigen/CXX11/ThreadPool
[181.773s] -- Up-to-date symlink: /workspaces/isaac_ros-dev/src/isaac_ros_nvblox/install/nvblox_ros/include/eigen3/unsupported/Eigen/CXX11/src/Tensor/Tensor.h
[181.773s] -- Up-to-date symlink: /workspaces/isaac_ros-dev/src/isaac_ros_nvblox/install/nvblox_ros/include/eigen3/unsupported/Eigen/CXX11/src/Tensor/TensorArgMax.h
[181.774s] -- Up-to-date symlink: /workspaces/isaac_ros-dev/src/isaac_ros_nvblox/install/nvblox_ros/include/eigen3/unsupported/Eigen/CXX11/src/Tensor/TensorAssign.h
[181.774s] -- Up-to-date symlink: /workspaces/isaac_ros-dev/src/isaac_ros_nvblox/install/nvblox_ros/include/eigen3/unsupported/Eigen/CXX11/src/Tensor/TensorBase.h
[181.774s] -- Up-to-date symlink: /workspaces/isaac_ros-dev/src/isaac_ros_nvblox/install/nvblox_ros/include/eigen3/unsupported/Eigen/CXX11/src/Tensor/TensorBlock.h
[181.774s] -- Up-to-date symlink: /workspaces/isaac_ros-dev/src/isaac_ros_nvblox/install/nvblox_ros/include/eigen3/unsupported/Eigen/CXX11/src/Tensor/TensorBroadcasting.h
[181.774s] -- Up-to-date symlink: /workspaces/isaac_ros-dev/src/isaac_ros_nvblox/install/nvblox_ros/include/eigen3/unsupported/Eigen/CXX11/src/Tensor/TensorChipping.h
[181.774s] -- Up-to-date symlink: /workspaces/isaac_ros-dev/src/isaac_ros_nvblox/install/nvblox_ros/include/eigen3/unsupported/Eigen/CXX11/src/Tensor/TensorConcatenation.h
[181.774s] -- Up-to-date symlink: /workspaces/isaac_ros-dev/src/isaac_ros_nvblox/install/nvblox_ros/include/eigen3/unsupported/Eigen/CXX11/src/Tensor/TensorContraction.h
[181.775s] -- Up-to-date symlink: /workspaces/isaac_ros-dev/src/isaac_ros_nvblox/install/nvblox_ros/include/eigen3/unsupported/Eigen/CXX11/src/Tensor/TensorContractionBlocking.h
[181.775s] -- Up-to-date symlink: /workspaces/isaac_ros-dev/src/isaac_ros_nvblox/install/nvblox_ros/include/eigen3/unsupported/Eigen/CXX11/src/Tensor/TensorContractionCuda.h
[181.775s] -- Up-to-date symlink: /workspaces/isaac_ros-dev/src/isaac_ros_nvblox/install/nvblox_ros/include/eigen3/unsupported/Eigen/CXX11/src/Tensor/TensorContractionGpu.h
[181.775s] -- Up-to-date symlink: /workspaces/isaac_ros-dev/src/isaac_ros_nvblox/install/nvblox_ros/include/eigen3/unsupported/Eigen/CXX11/src/Tensor/TensorContractionMapper.h
[181.775s] -- Up-to-date symlink: /workspaces/isaac_ros-dev/src/isaac_ros_nvblox/install/nvblox_ros/include/eigen3/unsupported/Eigen/CXX11/src/Tensor/TensorContractionSycl.h
[181.775s] -- Up-to-date symlink: /workspaces/isaac_ros-dev/src/isaac_ros_nvblox/install/nvblox_ros/include/eigen3/unsupported/Eigen/CXX11/src/Tensor/TensorContractionThreadPool.h
[181.775s] -- Up-to-date symlink: /workspaces/isaac_ros-dev/src/isaac_ros_nvblox/install/nvblox_ros/include/eigen3/unsupported/Eigen/CXX11/src/Tensor/TensorConversion.h
[181.776s] -- Up-to-date symlink: /workspaces/isaac_ros-dev/src/isaac_ros_nvblox/install/nvblox_ros/include/eigen3/unsupported/Eigen/CXX11/src/Tensor/TensorConvolution.h
[181.776s] -- Up-to-date symlink: /workspaces/isaac_ros-dev/src/isaac_ros_nvblox/install/nvblox_ros/include/eigen3/unsupported/Eigen/CXX11/src/Tensor/TensorConvolutionSycl.h
[181.776s] -- Up-to-date symlink: /workspaces/isaac_ros-dev/src/isaac_ros_nvblox/install/nvblox_ros/include/eigen3/unsupported/Eigen/CXX11/src/Tensor/TensorCostModel.h
[181.776s] -- Up-to-date symlink: /workspaces/isaac_ros-dev/src/isaac_ros_nvblox/install/nvblox_ros/include/eigen3/unsupported/Eigen/CXX11/src/Tensor/TensorCustomOp.h
[181.776s] -- Up-to-date symlink: /workspaces/isaac_ros-dev/src/isaac_ros_nvblox/install/nvblox_ros/include/eigen3/unsupported/Eigen/CXX11/src/Tensor/TensorDevice.h
[181.776s] -- Up-to-date symlink: /workspaces/isaac_ros-dev/src/isaac_ros_nvblox/install/nvblox_ros/include/eigen3/unsupported/Eigen/CXX11/src/Tensor/TensorDeviceCuda.h
[181.776s] -- Up-to-date symlink: /workspaces/isaac_ros-dev/src/isaac_ros_nvblox/install/nvblox_ros/include/eigen3/unsupported/Eigen/CXX11/src/Tensor/TensorDeviceDefault.h
[181.776s] -- Up-to-date symlink: /workspaces/isaac_ros-dev/src/isaac_ros_nvblox/install/nvblox_ros/include/eigen3/unsupported/Eigen/CXX11/src/Tensor/TensorDeviceGpu.h
[181.777s] -- Up-to-date symlink: /workspaces/isaac_ros-dev/src/isaac_ros_nvblox/install/nvblox_ros/include/eigen3/unsupported/Eigen/CXX11/src/Tensor/TensorDeviceSycl.h
[181.777s] -- Up-to-date symlink: /workspaces/isaac_ros-dev/src/isaac_ros_nvblox/install/nvblox_ros/include/eigen3/unsupported/Eigen/CXX11/src/Tensor/TensorDeviceThreadPool.h
[181.777s] -- Up-to-date symlink: /workspaces/isaac_ros-dev/src/isaac_ros_nvblox/install/nvblox_ros/include/eigen3/unsupported/Eigen/CXX11/src/Tensor/TensorDimensionList.h
[181.777s] -- Up-to-date symlink: /workspaces/isaac_ros-dev/src/isaac_ros_nvblox/install/nvblox_ros/include/eigen3/unsupported/Eigen/CXX11/src/Tensor/TensorDimensions.h
[181.777s] -- Up-to-date symlink: /workspaces/isaac_ros-dev/src/isaac_ros_nvblox/install/nvblox_ros/include/eigen3/unsupported/Eigen/CXX11/src/Tensor/TensorEvalTo.h
[181.777s] -- Up-to-date symlink: /workspaces/isaac_ros-dev/src/isaac_ros_nvblox/install/nvblox_ros/include/eigen3/unsupported/Eigen/CXX11/src/Tensor/TensorEvaluator.h
[181.777s] -- Up-to-date symlink: /workspaces/isaac_ros-dev/src/isaac_ros_nvblox/install/nvblox_ros/include/eigen3/unsupported/Eigen/CXX11/src/Tensor/TensorExecutor.h
[181.778s] -- Up-to-date symlink: /workspaces/isaac_ros-dev/src/isaac_ros_nvblox/install/nvblox_ros/include/eigen3/unsupported/Eigen/CXX11/src/Tensor/TensorExpr.h
[181.778s] -- Up-to-date symlink: /workspaces/isaac_ros-dev/src/isaac_ros_nvblox/install/nvblox_ros/include/eigen3/unsupported/Eigen/CXX11/src/Tensor/TensorFFT.h
[181.778s] -- Up-to-date symlink: /workspaces/isaac_ros-dev/src/isaac_ros_nvblox/install/nvblox_ros/include/eigen3/unsupported/Eigen/CXX11/src/Tensor/TensorFixedSize.h
[181.778s] -- Up-to-date symlink: /workspaces/isaac_ros-dev/src/isaac_ros_nvblox/install/nvblox_ros/include/eigen3/unsupported/Eigen/CXX11/src/Tensor/TensorForcedEval.h
[181.778s] -- Up-to-date symlink: /workspaces/isaac_ros-dev/src/isaac_ros_nvblox/install/nvblox_ros/include/eigen3/unsupported/Eigen/CXX11/src/Tensor/TensorForwardDeclarations.h
[181.778s] -- Up-to-date symlink: /workspaces/isaac_ros-dev/src/isaac_ros_nvblox/install/nvblox_ros/include/eigen3/unsupported/Eigen/CXX11/src/Tensor/TensorFunctors.h
[181.778s] -- Up-to-date symlink: /workspaces/isaac_ros-dev/src/isaac_ros_nvblox/install/nvblox_ros/include/eigen3/unsupported/Eigen/CXX11/src/Tensor/TensorGenerator.h
[181.779s] -- Up-to-date symlink: /workspaces/isaac_ros-dev/src/isaac_ros_nvblox/install/nvblox_ros/include/eigen3/unsupported/Eigen/CXX11/src/Tensor/TensorGlobalFunctions.h
[181.779s] -- Up-to-date symlink: /workspaces/isaac_ros-dev/src/isaac_ros_nvblox/install/nvblox_ros/include/eigen3/unsupported/Eigen/CXX11/src/Tensor/TensorGpuHipCudaDefines.h
[181.779s] -- Up-to-date symlink: /workspaces/isaac_ros-dev/src/isaac_ros_nvblox/install/nvblox_ros/include/eigen3/unsupported/Eigen/CXX11/src/Tensor/TensorGpuHipCudaUndefines.h
[181.779s] -- Up-to-date symlink: /workspaces/isaac_ros-dev/src/isaac_ros_nvblox/install/nvblox_ros/include/eigen3/unsupported/Eigen/CXX11/src/Tensor/TensorIO.h
[181.779s] -- Up-to-date symlink: /workspaces/isaac_ros-dev/src/isaac_ros_nvblox/install/nvblox_ros/include/eigen3/unsupported/Eigen/CXX11/src/Tensor/TensorImagePatch.h
[181.779s] -- Up-to-date symlink: /workspaces/isaac_ros-dev/src/isaac_ros_nvblox/install/nvblox_ros/include/eigen3/unsupported/Eigen/CXX11/src/Tensor/TensorIndexList.h
[181.779s] -- Up-to-date symlink: /workspaces/isaac_ros-dev/src/isaac_ros_nvblox/install/nvblox_ros/include/eigen3/unsupported/Eigen/CXX11/src/Tensor/TensorInflation.h
[181.780s] -- Up-to-date symlink: /workspaces/isaac_ros-dev/src/isaac_ros_nvblox/install/nvblox_ros/include/eigen3/unsupported/Eigen/CXX11/src/Tensor/TensorInitializer.h
[181.780s] -- Up-to-date symlink: /workspaces/isaac_ros-dev/src/isaac_ros_nvblox/install/nvblox_ros/include/eigen3/unsupported/Eigen/CXX11/src/Tensor/TensorIntDiv.h
[181.780s] -- Up-to-date symlink: /workspaces/isaac_ros-dev/src/isaac_ros_nvblox/install/nvblox_ros/include/eigen3/unsupported/Eigen/CXX11/src/Tensor/TensorLayoutSwap.h
[181.780s] -- Up-to-date symlink: /workspaces/isaac_ros-dev/src/isaac_ros_nvblox/install/nvblox_ros/include/eigen3/unsupported/Eigen/CXX11/src/Tensor/TensorMacros.h
[181.780s] -- Up-to-date symlink: /workspaces/isaac_ros-dev/src/isaac_ros_nvblox/install/nvblox_ros/include/eigen3/unsupported/Eigen/CXX11/src/Tensor/TensorMap.h
[181.780s] -- Up-to-date symlink: /workspaces/isaac_ros-dev/src/isaac_ros_nvblox/install/nvblox_ros/include/eigen3/unsupported/Eigen/CXX11/src/Tensor/TensorMeta.h
[181.780s] -- Up-to-date symlink: /workspaces/isaac_ros-dev/src/isaac_ros_nvblox/install/nvblox_ros/include/eigen3/unsupported/Eigen/CXX11/src/Tensor/TensorMorphing.h
[181.781s] -- Up-to-date symlink: /workspaces/isaac_ros-dev/src/isaac_ros_nvblox/install/nvblox_ros/include/eigen3/unsupported/Eigen/CXX11/src/Tensor/TensorPadding.h
[181.781s] -- Up-to-date symlink: /workspaces/isaac_ros-dev/src/isaac_ros_nvblox/install/nvblox_ros/include/eigen3/unsupported/Eigen/CXX11/src/Tensor/TensorPatch.h
[181.781s] -- Up-to-date symlink: /workspaces/isaac_ros-dev/src/isaac_ros_nvblox/install/nvblox_ros/include/eigen3/unsupported/Eigen/CXX11/src/Tensor/TensorRandom.h
[181.781s] -- Up-to-date symlink: /workspaces/isaac_ros-dev/src/isaac_ros_nvblox/install/nvblox_ros/include/eigen3/unsupported/Eigen/CXX11/src/Tensor/TensorReduction.h
[181.781s] -- Up-to-date symlink: /workspaces/isaac_ros-dev/src/isaac_ros_nvblox/install/nvblox_ros/include/eigen3/unsupported/Eigen/CXX11/src/Tensor/TensorReductionCuda.h
[181.781s] -- Up-to-date symlink: /workspaces/isaac_ros-dev/src/isaac_ros_nvblox/install/nvblox_ros/include/eigen3/unsupported/Eigen/CXX11/src/Tensor/TensorReductionGpu.h
[181.781s] -- Up-to-date symlink: /workspaces/isaac_ros-dev/src/isaac_ros_nvblox/install/nvblox_ros/include/eigen3/unsupported/Eigen/CXX11/src/Tensor/TensorReductionSycl.h
[181.782s] -- Up-to-date symlink: /workspaces/isaac_ros-dev/src/isaac_ros_nvblox/install/nvblox_ros/include/eigen3/unsupported/Eigen/CXX11/src/Tensor/TensorRef.h
[181.782s] -- Up-to-date symlink: /workspaces/isaac_ros-dev/src/isaac_ros_nvblox/install/nvblox_ros/include/eigen3/unsupported/Eigen/CXX11/src/Tensor/TensorReverse.h
[181.782s] -- Up-to-date symlink: /workspaces/isaac_ros-dev/src/isaac_ros_nvblox/install/nvblox_ros/include/eigen3/unsupported/Eigen/CXX11/src/Tensor/TensorScan.h
[181.782s] -- Up-to-date symlink: /workspaces/isaac_ros-dev/src/isaac_ros_nvblox/install/nvblox_ros/include/eigen3/unsupported/Eigen/CXX11/src/Tensor/TensorScanSycl.h
[181.782s] -- Up-to-date symlink: /workspaces/isaac_ros-dev/src/isaac_ros_nvblox/install/nvblox_ros/include/eigen3/unsupported/Eigen/CXX11/src/Tensor/TensorShuffling.h
[181.782s] -- Up-to-date symlink: /workspaces/isaac_ros-dev/src/isaac_ros_nvblox/install/nvblox_ros/include/eigen3/unsupported/Eigen/CXX11/src/Tensor/TensorStorage.h
[181.782s] -- Up-to-date symlink: /workspaces/isaac_ros-dev/src/isaac_ros_nvblox/install/nvblox_ros/include/eigen3/unsupported/Eigen/CXX11/src/Tensor/TensorStriding.h
[181.783s] -- Up-to-date symlink: /workspaces/isaac_ros-dev/src/isaac_ros_nvblox/install/nvblox_ros/include/eigen3/unsupported/Eigen/CXX11/src/Tensor/TensorTrace.h
[181.783s] -- Up-to-date symlink: /workspaces/isaac_ros-dev/src/isaac_ros_nvblox/install/nvblox_ros/include/eigen3/unsupported/Eigen/CXX11/src/Tensor/TensorTraits.h
[181.783s] -- Up-to-date symlink: /workspaces/isaac_ros-dev/src/isaac_ros_nvblox/install/nvblox_ros/include/eigen3/unsupported/Eigen/CXX11/src/Tensor/TensorUInt128.h
[181.783s] -- Up-to-date symlink: /workspaces/isaac_ros-dev/src/isaac_ros_nvblox/install/nvblox_ros/include/eigen3/unsupported/Eigen/CXX11/src/Tensor/TensorVolumePatch.h
[181.783s] -- Up-to-date symlink: /workspaces/isaac_ros-dev/src/isaac_ros_nvblox/install/nvblox_ros/include/eigen3/unsupported/Eigen/CXX11/src/TensorSymmetry/DynamicSymmetry.h
[181.783s] -- Up-to-date symlink: /workspaces/isaac_ros-dev/src/isaac_ros_nvblox/install/nvblox_ros/include/eigen3/unsupported/Eigen/CXX11/src/TensorSymmetry/StaticSymmetry.h
[181.783s] -- Up-to-date symlink: /workspaces/isaac_ros-dev/src/isaac_ros_nvblox/install/nvblox_ros/include/eigen3/unsupported/Eigen/CXX11/src/TensorSymmetry/Symmetry.h
[181.783s] -- Up-to-date symlink: /workspaces/isaac_ros-dev/src/isaac_ros_nvblox/install/nvblox_ros/include/eigen3/unsupported/Eigen/CXX11/src/TensorSymmetry/util/TemplateGroupTheory.h
[181.784s] -- Up-to-date symlink: /workspaces/isaac_ros-dev/src/isaac_ros_nvblox/install/nvblox_ros/include/eigen3/unsupported/Eigen/CXX11/src/ThreadPool/Barrier.h
[181.784s] -- Up-to-date symlink: /workspaces/isaac_ros-dev/src/isaac_ros_nvblox/install/nvblox_ros/include/eigen3/unsupported/Eigen/CXX11/src/ThreadPool/EventCount.h
[181.784s] -- Up-to-date symlink: /workspaces/isaac_ros-dev/src/isaac_ros_nvblox/install/nvblox_ros/include/eigen3/unsupported/Eigen/CXX11/src/ThreadPool/NonBlockingThreadPool.h
[181.784s] -- Up-to-date symlink: /workspaces/isaac_ros-dev/src/isaac_ros_nvblox/install/nvblox_ros/include/eigen3/unsupported/Eigen/CXX11/src/ThreadPool/RunQueue.h
[181.784s] -- Up-to-date symlink: /workspaces/isaac_ros-dev/src/isaac_ros_nvblox/install/nvblox_ros/include/eigen3/unsupported/Eigen/CXX11/src/ThreadPool/ThreadCancel.h
[181.784s] -- Up-to-date symlink: /workspaces/isaac_ros-dev/src/isaac_ros_nvblox/install/nvblox_ros/include/eigen3/unsupported/Eigen/CXX11/src/ThreadPool/ThreadEnvironment.h
[181.784s] -- Up-to-date symlink: /workspaces/isaac_ros-dev/src/isaac_ros_nvblox/install/nvblox_ros/include/eigen3/unsupported/Eigen/CXX11/src/ThreadPool/ThreadLocal.h
[181.785s] -- Up-to-date symlink: /workspaces/isaac_ros-dev/src/isaac_ros_nvblox/install/nvblox_ros/include/eigen3/unsupported/Eigen/CXX11/src/ThreadPool/ThreadPoolInterface.h
[181.785s] -- Up-to-date symlink: /workspaces/isaac_ros-dev/src/isaac_ros_nvblox/install/nvblox_ros/include/eigen3/unsupported/Eigen/CXX11/src/ThreadPool/ThreadYield.h
[181.785s] -- Up-to-date symlink: /workspaces/isaac_ros-dev/src/isaac_ros_nvblox/install/nvblox_ros/include/eigen3/unsupported/Eigen/CXX11/src/util/CXX11Meta.h
[181.785s] -- Up-to-date symlink: /workspaces/isaac_ros-dev/src/isaac_ros_nvblox/install/nvblox_ros/include/eigen3/unsupported/Eigen/CXX11/src/util/CXX11Workarounds.h
[181.785s] -- Up-to-date symlink: /workspaces/isaac_ros-dev/src/isaac_ros_nvblox/install/nvblox_ros/include/eigen3/unsupported/Eigen/CXX11/src/util/EmulateArray.h
[181.785s] -- Up-to-date symlink: /workspaces/isaac_ros-dev/src/isaac_ros_nvblox/install/nvblox_ros/include/eigen3/unsupported/Eigen/CXX11/src/util/MaxSizeVector.h
[181.785s] -- Up-to-date symlink: /workspaces/isaac_ros-dev/src/isaac_ros_nvblox/install/nvblox_ros/include/eigen3/unsupported/Eigen/EulerAngles
[181.785s] -- Up-to-date symlink: /workspaces/isaac_ros-dev/src/isaac_ros_nvblox/install/nvblox_ros/include/eigen3/unsupported/Eigen/FFT
[181.786s] -- Up-to-date symlink: /workspaces/isaac_ros-dev/src/isaac_ros_nvblox/install/nvblox_ros/include/eigen3/unsupported/Eigen/IterativeSolvers
[181.786s] -- Up-to-date symlink: /workspaces/isaac_ros-dev/src/isaac_ros_nvblox/install/nvblox_ros/include/eigen3/unsupported/Eigen/KroneckerProduct
[181.786s] -- Up-to-date symlink: /workspaces/isaac_ros-dev/src/isaac_ros_nvblox/install/nvblox_ros/include/eigen3/unsupported/Eigen/LevenbergMarquardt
[181.786s] -- Up-to-date symlink: /workspaces/isaac_ros-dev/src/isaac_ros_nvblox/install/nvblox_ros/include/eigen3/unsupported/Eigen/MPRealSupport
[181.786s] -- Up-to-date symlink: /workspaces/isaac_ros-dev/src/isaac_ros_nvblox/install/nvblox_ros/include/eigen3/unsupported/Eigen/MatrixFunctions
[181.786s] -- Up-to-date symlink: /workspaces/isaac_ros-dev/src/isaac_ros_nvblox/install/nvblox_ros/include/eigen3/unsupported/Eigen/MoreVectorization
[181.786s] -- Up-to-date symlink: /workspaces/isaac_ros-dev/src/isaac_ros_nvblox/install/nvblox_ros/include/eigen3/unsupported/Eigen/NonLinearOptimization
[181.786s] -- Up-to-date symlink: /workspaces/isaac_ros-dev/src/isaac_ros_nvblox/install/nvblox_ros/include/eigen3/unsupported/Eigen/NumericalDiff
[181.787s] -- Up-to-date symlink: /workspaces/isaac_ros-dev/src/isaac_ros_nvblox/install/nvblox_ros/include/eigen3/unsupported/Eigen/OpenGLSupport
[181.787s] -- Up-to-date symlink: /workspaces/isaac_ros-dev/src/isaac_ros_nvblox/install/nvblox_ros/include/eigen3/unsupported/Eigen/Polynomials
[181.787s] -- Up-to-date symlink: /workspaces/isaac_ros-dev/src/isaac_ros_nvblox/install/nvblox_ros/include/eigen3/unsupported/Eigen/Skyline
[181.787s] -- Up-to-date symlink: /workspaces/isaac_ros-dev/src/isaac_ros_nvblox/install/nvblox_ros/include/eigen3/unsupported/Eigen/SparseExtra
[181.787s] -- Up-to-date symlink: /workspaces/isaac_ros-dev/src/isaac_ros_nvblox/install/nvblox_ros/include/eigen3/unsupported/Eigen/SpecialFunctions
[181.787s] -- Up-to-date symlink: /workspaces/isaac_ros-dev/src/isaac_ros_nvblox/install/nvblox_ros/include/eigen3/unsupported/Eigen/Splines
[181.788s] -- Up-to-date symlink: /workspaces/isaac_ros-dev/src/isaac_ros_nvblox/install/nvblox_ros/include/eigen3/unsupported/Eigen/src/AutoDiff/AutoDiffJacobian.h
[181.788s] -- Up-to-date symlink: /workspaces/isaac_ros-dev/src/isaac_ros_nvblox/install/nvblox_ros/include/eigen3/unsupported/Eigen/src/AutoDiff/AutoDiffScalar.h
[181.788s] -- Up-to-date symlink: /workspaces/isaac_ros-dev/src/isaac_ros_nvblox/install/nvblox_ros/include/eigen3/unsupported/Eigen/src/AutoDiff/AutoDiffVector.h
[181.788s] -- Up-to-date symlink: /workspaces/isaac_ros-dev/src/isaac_ros_nvblox/install/nvblox_ros/include/eigen3/unsupported/Eigen/src/BVH/BVAlgorithms.h
[181.788s] -- Up-to-date symlink: /workspaces/isaac_ros-dev/src/isaac_ros_nvblox/install/nvblox_ros/include/eigen3/unsupported/Eigen/src/BVH/KdBVH.h
[181.788s] -- Up-to-date symlink: /workspaces/isaac_ros-dev/src/isaac_ros_nvblox/install/nvblox_ros/include/eigen3/unsupported/Eigen/src/Eigenvalues/ArpackSelfAdjointEigenSolver.h
[181.788s] -- Up-to-date symlink: /workspaces/isaac_ros-dev/src/isaac_ros_nvblox/install/nvblox_ros/include/eigen3/unsupported/Eigen/src/EulerAngles/EulerAngles.h
[181.788s] -- Up-to-date symlink: /workspaces/isaac_ros-dev/src/isaac_ros_nvblox/install/nvblox_ros/include/eigen3/unsupported/Eigen/src/EulerAngles/EulerSystem.h
[181.788s] -- Up-to-date symlink: /workspaces/isaac_ros-dev/src/isaac_ros_nvblox/install/nvblox_ros/include/eigen3/unsupported/Eigen/src/FFT/ei_fftw_impl.h
[181.789s] -- Up-to-date symlink: /workspaces/isaac_ros-dev/src/isaac_ros_nvblox/install/nvblox_ros/include/eigen3/unsupported/Eigen/src/FFT/ei_kissfft_impl.h
[181.789s] -- Up-to-date symlink: /workspaces/isaac_ros-dev/src/isaac_ros_nvblox/install/nvblox_ros/include/eigen3/unsupported/Eigen/src/IterativeSolvers/ConstrainedConjGrad.h
[181.789s] -- Up-to-date symlink: /workspaces/isaac_ros-dev/src/isaac_ros_nvblox/install/nvblox_ros/include/eigen3/unsupported/Eigen/src/IterativeSolvers/DGMRES.h
[181.789s] -- Up-to-date symlink: /workspaces/isaac_ros-dev/src/isaac_ros_nvblox/install/nvblox_ros/include/eigen3/unsupported/Eigen/src/IterativeSolvers/GMRES.h
[181.789s] -- Up-to-date symlink: /workspaces/isaac_ros-dev/src/isaac_ros_nvblox/install/nvblox_ros/include/eigen3/unsupported/Eigen/src/IterativeSolvers/IDRS.h
[181.789s] -- Up-to-date symlink: /workspaces/isaac_ros-dev/src/isaac_ros_nvblox/install/nvblox_ros/include/eigen3/unsupported/Eigen/src/IterativeSolvers/IncompleteLU.h
[181.789s] -- Up-to-date symlink: /workspaces/isaac_ros-dev/src/isaac_ros_nvblox/install/nvblox_ros/include/eigen3/unsupported/Eigen/src/IterativeSolvers/IterationController.h
[181.790s] -- Up-to-date symlink: /workspaces/isaac_ros-dev/src/isaac_ros_nvblox/install/nvblox_ros/include/eigen3/unsupported/Eigen/src/IterativeSolvers/MINRES.h
[181.790s] -- Up-to-date symlink: /workspaces/isaac_ros-dev/src/isaac_ros_nvblox/install/nvblox_ros/include/eigen3/unsupported/Eigen/src/IterativeSolvers/Scaling.h
[181.790s] -- Up-to-date symlink: /workspaces/isaac_ros-dev/src/isaac_ros_nvblox/install/nvblox_ros/include/eigen3/unsupported/Eigen/src/KroneckerProduct/KroneckerTensorProduct.h
[181.790s] -- Up-to-date symlink: /workspaces/isaac_ros-dev/src/isaac_ros_nvblox/install/nvblox_ros/include/eigen3/unsupported/Eigen/src/LevenbergMarquardt/LMcovar.h
[181.790s] -- Up-to-date symlink: /workspaces/isaac_ros-dev/src/isaac_ros_nvblox/install/nvblox_ros/include/eigen3/unsupported/Eigen/src/LevenbergMarquardt/LMonestep.h
[181.790s] -- Up-to-date symlink: /workspaces/isaac_ros-dev/src/isaac_ros_nvblox/install/nvblox_ros/include/eigen3/unsupported/Eigen/src/LevenbergMarquardt/LMpar.h
[181.790s] -- Up-to-date symlink: /workspaces/isaac_ros-dev/src/isaac_ros_nvblox/install/nvblox_ros/include/eigen3/unsupported/Eigen/src/LevenbergMarquardt/LMqrsolv.h
[181.791s] -- Up-to-date symlink: /workspaces/isaac_ros-dev/src/isaac_ros_nvblox/install/nvblox_ros/include/eigen3/unsupported/Eigen/src/LevenbergMarquardt/LevenbergMarquardt.h
[181.791s] -- Up-to-date symlink: /workspaces/isaac_ros-dev/src/isaac_ros_nvblox/install/nvblox_ros/include/eigen3/unsupported/Eigen/src/MatrixFunctions/MatrixExponential.h
[181.791s] -- Up-to-date symlink: /workspaces/isaac_ros-dev/src/isaac_ros_nvblox/install/nvblox_ros/include/eigen3/unsupported/Eigen/src/MatrixFunctions/MatrixFunction.h
[181.791s] -- Up-to-date symlink: /workspaces/isaac_ros-dev/src/isaac_ros_nvblox/install/nvblox_ros/include/eigen3/unsupported/Eigen/src/MatrixFunctions/MatrixLogarithm.h
[181.791s] -- Up-to-date symlink: /workspaces/isaac_ros-dev/src/isaac_ros_nvblox/install/nvblox_ros/include/eigen3/unsupported/Eigen/src/MatrixFunctions/MatrixPower.h
[181.791s] -- Up-to-date symlink: /workspaces/isaac_ros-dev/src/isaac_ros_nvblox/install/nvblox_ros/include/eigen3/unsupported/Eigen/src/MatrixFunctions/MatrixSquareRoot.h
[181.791s] -- Up-to-date symlink: /workspaces/isaac_ros-dev/src/isaac_ros_nvblox/install/nvblox_ros/include/eigen3/unsupported/Eigen/src/MatrixFunctions/StemFunction.h
[181.792s] -- Up-to-date symlink: /workspaces/isaac_ros-dev/src/isaac_ros_nvblox/install/nvblox_ros/include/eigen3/unsupported/Eigen/src/MoreVectorization/MathFunctions.h
[181.792s] -- Up-to-date symlink: /workspaces/isaac_ros-dev/src/isaac_ros_nvblox/install/nvblox_ros/include/eigen3/unsupported/Eigen/src/NonLinearOptimization/HybridNonLinearSolver.h
[181.792s] -- Up-to-date symlink: /workspaces/isaac_ros-dev/src/isaac_ros_nvblox/install/nvblox_ros/include/eigen3/unsupported/Eigen/src/NonLinearOptimization/LevenbergMarquardt.h
[181.792s] -- Up-to-date symlink: /workspaces/isaac_ros-dev/src/isaac_ros_nvblox/install/nvblox_ros/include/eigen3/unsupported/Eigen/src/NonLinearOptimization/chkder.h
[181.792s] -- Up-to-date symlink: /workspaces/isaac_ros-dev/src/isaac_ros_nvblox/install/nvblox_ros/include/eigen3/unsupported/Eigen/src/NonLinearOptimization/covar.h
[181.792s] -- Up-to-date symlink: /workspaces/isaac_ros-dev/src/isaac_ros_nvblox/install/nvblox_ros/include/eigen3/unsupported/Eigen/src/NonLinearOptimization/dogleg.h
[181.792s] -- Up-to-date symlink: /workspaces/isaac_ros-dev/src/isaac_ros_nvblox/install/nvblox_ros/include/eigen3/unsupported/Eigen/src/NonLinearOptimization/fdjac1.h
[181.792s] -- Up-to-date symlink: /workspaces/isaac_ros-dev/src/isaac_ros_nvblox/install/nvblox_ros/include/eigen3/unsupported/Eigen/src/NonLinearOptimization/lmpar.h
[181.793s] -- Up-to-date symlink: /workspaces/isaac_ros-dev/src/isaac_ros_nvblox/install/nvblox_ros/include/eigen3/unsupported/Eigen/src/NonLinearOptimization/qrsolv.h
[181.793s] -- Up-to-date symlink: /workspaces/isaac_ros-dev/src/isaac_ros_nvblox/install/nvblox_ros/include/eigen3/unsupported/Eigen/src/NonLinearOptimization/r1mpyq.h
[181.793s] -- Up-to-date symlink: /workspaces/isaac_ros-dev/src/isaac_ros_nvblox/install/nvblox_ros/include/eigen3/unsupported/Eigen/src/NonLinearOptimization/r1updt.h
[181.793s] -- Up-to-date symlink: /workspaces/isaac_ros-dev/src/isaac_ros_nvblox/install/nvblox_ros/include/eigen3/unsupported/Eigen/src/NonLinearOptimization/rwupdt.h
[181.793s] -- Up-to-date symlink: /workspaces/isaac_ros-dev/src/isaac_ros_nvblox/install/nvblox_ros/include/eigen3/unsupported/Eigen/src/NumericalDiff/NumericalDiff.h
[181.793s] -- Up-to-date symlink: /workspaces/isaac_ros-dev/src/isaac_ros_nvblox/install/nvblox_ros/include/eigen3/unsupported/Eigen/src/Polynomials/Companion.h
[181.793s] -- Up-to-date symlink: /workspaces/isaac_ros-dev/src/isaac_ros_nvblox/install/nvblox_ros/include/eigen3/unsupported/Eigen/src/Polynomials/PolynomialSolver.h
[181.794s] -- Up-to-date symlink: /workspaces/isaac_ros-dev/src/isaac_ros_nvblox/install/nvblox_ros/include/eigen3/unsupported/Eigen/src/Polynomials/PolynomialUtils.h
[181.794s] -- Up-to-date symlink: /workspaces/isaac_ros-dev/src/isaac_ros_nvblox/install/nvblox_ros/include/eigen3/unsupported/Eigen/src/Skyline/SkylineInplaceLU.h
[181.794s] -- Up-to-date symlink: /workspaces/isaac_ros-dev/src/isaac_ros_nvblox/install/nvblox_ros/include/eigen3/unsupported/Eigen/src/Skyline/SkylineMatrix.h
[181.794s] -- Up-to-date symlink: /workspaces/isaac_ros-dev/src/isaac_ros_nvblox/install/nvblox_ros/include/eigen3/unsupported/Eigen/src/Skyline/SkylineMatrixBase.h
[181.794s] -- Up-to-date symlink: /workspaces/isaac_ros-dev/src/isaac_ros_nvblox/install/nvblox_ros/include/eigen3/unsupported/Eigen/src/Skyline/SkylineProduct.h
[181.794s] -- Up-to-date symlink: /workspaces/isaac_ros-dev/src/isaac_ros_nvblox/install/nvblox_ros/include/eigen3/unsupported/Eigen/src/Skyline/SkylineStorage.h
[181.794s] -- Up-to-date symlink: /workspaces/isaac_ros-dev/src/isaac_ros_nvblox/install/nvblox_ros/include/eigen3/unsupported/Eigen/src/Skyline/SkylineUtil.h
[181.794s] -- Up-to-date symlink: /workspaces/isaac_ros-dev/src/isaac_ros_nvblox/install/nvblox_ros/include/eigen3/unsupported/Eigen/src/SparseExtra/BlockOfDynamicSparseMatrix.h
[181.795s] -- Up-to-date symlink: /workspaces/isaac_ros-dev/src/isaac_ros_nvblox/install/nvblox_ros/include/eigen3/unsupported/Eigen/src/SparseExtra/BlockSparseMatrix.h
[181.795s] -- Up-to-date symlink: /workspaces/isaac_ros-dev/src/isaac_ros_nvblox/install/nvblox_ros/include/eigen3/unsupported/Eigen/src/SparseExtra/DynamicSparseMatrix.h
[181.795s] -- Up-to-date symlink: /workspaces/isaac_ros-dev/src/isaac_ros_nvblox/install/nvblox_ros/include/eigen3/unsupported/Eigen/src/SparseExtra/MarketIO.h
[181.795s] -- Up-to-date symlink: /workspaces/isaac_ros-dev/src/isaac_ros_nvblox/install/nvblox_ros/include/eigen3/unsupported/Eigen/src/SparseExtra/MatrixMarketIterator.h
[181.795s] -- Up-to-date symlink: /workspaces/isaac_ros-dev/src/isaac_ros_nvblox/install/nvblox_ros/include/eigen3/unsupported/Eigen/src/SparseExtra/RandomSetter.h
[181.795s] -- Up-to-date symlink: /workspaces/isaac_ros-dev/src/isaac_ros_nvblox/install/nvblox_ros/include/eigen3/unsupported/Eigen/src/SpecialFunctions/BesselFunctionsArrayAPI.h
[181.795s] -- Up-to-date symlink: /workspaces/isaac_ros-dev/src/isaac_ros_nvblox/install/nvblox_ros/include/eigen3/unsupported/Eigen/src/SpecialFunctions/BesselFunctionsBFloat16.h
[181.796s] -- Up-to-date symlink: /workspaces/isaac_ros-dev/src/isaac_ros_nvblox/install/nvblox_ros/include/eigen3/unsupported/Eigen/src/SpecialFunctions/BesselFunctionsFunctors.h
[181.796s] -- Up-to-date symlink: /workspaces/isaac_ros-dev/src/isaac_ros_nvblox/install/nvblox_ros/include/eigen3/unsupported/Eigen/src/SpecialFunctions/BesselFunctionsHalf.h
[181.796s] -- Up-to-date symlink: /workspaces/isaac_ros-dev/src/isaac_ros_nvblox/install/nvblox_ros/include/eigen3/unsupported/Eigen/src/SpecialFunctions/BesselFunctionsImpl.h
[181.796s] -- Up-to-date symlink: /workspaces/isaac_ros-dev/src/isaac_ros_nvblox/install/nvblox_ros/include/eigen3/unsupported/Eigen/src/SpecialFunctions/BesselFunctionsPacketMath.h
[181.796s] -- Up-to-date symlink: /workspaces/isaac_ros-dev/src/isaac_ros_nvblox/install/nvblox_ros/include/eigen3/unsupported/Eigen/src/SpecialFunctions/HipVectorCompatibility.h
[181.796s] -- Up-to-date symlink: /workspaces/isaac_ros-dev/src/isaac_ros_nvblox/install/nvblox_ros/include/eigen3/unsupported/Eigen/src/SpecialFunctions/SpecialFunctionsArrayAPI.h
[181.796s] -- Up-to-date symlink: /workspaces/isaac_ros-dev/src/isaac_ros_nvblox/install/nvblox_ros/include/eigen3/unsupported/Eigen/src/SpecialFunctions/SpecialFunctionsBFloat16.h
[181.796s] -- Up-to-date symlink: /workspaces/isaac_ros-dev/src/isaac_ros_nvblox/install/nvblox_ros/include/eigen3/unsupported/Eigen/src/SpecialFunctions/SpecialFunctionsFunctors.h
[181.797s] -- Up-to-date symlink: /workspaces/isaac_ros-dev/src/isaac_ros_nvblox/install/nvblox_ros/include/eigen3/unsupported/Eigen/src/SpecialFunctions/SpecialFunctionsHalf.h
[181.797s] -- Up-to-date symlink: /workspaces/isaac_ros-dev/src/isaac_ros_nvblox/install/nvblox_ros/include/eigen3/unsupported/Eigen/src/SpecialFunctions/SpecialFunctionsImpl.h
[181.797s] -- Up-to-date symlink: /workspaces/isaac_ros-dev/src/isaac_ros_nvblox/install/nvblox_ros/include/eigen3/unsupported/Eigen/src/SpecialFunctions/SpecialFunctionsPacketMath.h
[181.797s] -- Up-to-date symlink: /workspaces/isaac_ros-dev/src/isaac_ros_nvblox/install/nvblox_ros/include/eigen3/unsupported/Eigen/src/SpecialFunctions/arch/AVX/BesselFunctions.h
[181.797s] -- Up-to-date symlink: /workspaces/isaac_ros-dev/src/isaac_ros_nvblox/install/nvblox_ros/include/eigen3/unsupported/Eigen/src/SpecialFunctions/arch/AVX/SpecialFunctions.h
[181.797s] -- Up-to-date symlink: /workspaces/isaac_ros-dev/src/isaac_ros_nvblox/install/nvblox_ros/include/eigen3/unsupported/Eigen/src/SpecialFunctions/arch/AVX512/BesselFunctions.h
[181.797s] -- Up-to-date symlink: /workspaces/isaac_ros-dev/src/isaac_ros_nvblox/install/nvblox_ros/include/eigen3/unsupported/Eigen/src/SpecialFunctions/arch/AVX512/SpecialFunctions.h
[181.798s] -- Up-to-date symlink: /workspaces/isaac_ros-dev/src/isaac_ros_nvblox/install/nvblox_ros/include/eigen3/unsupported/Eigen/src/SpecialFunctions/arch/GPU/SpecialFunctions.h
[181.798s] -- Up-to-date symlink: /workspaces/isaac_ros-dev/src/isaac_ros_nvblox/install/nvblox_ros/include/eigen3/unsupported/Eigen/src/SpecialFunctions/arch/NEON/BesselFunctions.h
[181.798s] -- Up-to-date symlink: /workspaces/isaac_ros-dev/src/isaac_ros_nvblox/install/nvblox_ros/include/eigen3/unsupported/Eigen/src/SpecialFunctions/arch/NEON/SpecialFunctions.h
[181.798s] -- Up-to-date symlink: /workspaces/isaac_ros-dev/src/isaac_ros_nvblox/install/nvblox_ros/include/eigen3/unsupported/Eigen/src/Splines/Spline.h
[181.798s] -- Up-to-date symlink: /workspaces/isaac_ros-dev/src/isaac_ros_nvblox/install/nvblox_ros/include/eigen3/unsupported/Eigen/src/Splines/SplineFitting.h
[181.798s] -- Up-to-date symlink: /workspaces/isaac_ros-dev/src/isaac_ros_nvblox/install/nvblox_ros/include/eigen3/unsupported/Eigen/src/Splines/SplineFwd.h
[181.799s] -- Up-to-date symlink: /workspaces/isaac_ros-dev/src/isaac_ros_nvblox/install/nvblox_ros/share/nvblox/cmake/nvbloxConfig.cmake
[181.799s] -- Up-to-date symlink: /workspaces/isaac_ros-dev/src/isaac_ros_nvblox/install/nvblox_ros/share/nvblox/cmake/nvbloxConfigVersion.cmake
[181.799s] -- Up-to-date symlink: /workspaces/isaac_ros-dev/src/isaac_ros_nvblox/install/nvblox_ros/include/nvblox_ros/camera_cache.hpp
[181.799s] -- Up-to-date symlink: /workspaces/isaac_ros-dev/src/isaac_ros_nvblox/install/nvblox_ros/include/nvblox_ros/conversions/esdf_and_gradients_conversions.hpp
[181.799s] -- Up-to-date symlink: /workspaces/isaac_ros-dev/src/isaac_ros_nvblox/install/nvblox_ros/include/nvblox_ros/conversions/esdf_slice_conversions.hpp
[181.799s] -- Up-to-date symlink: /workspaces/isaac_ros-dev/src/isaac_ros_nvblox/install/nvblox_ros/include/nvblox_ros/conversions/image_conversions.hpp
[181.799s] -- Up-to-date symlink: /workspaces/isaac_ros-dev/src/isaac_ros_nvblox/install/nvblox_ros/include/nvblox_ros/conversions/image_conversions_thrust.hpp
[181.800s] -- Up-to-date symlink: /workspaces/isaac_ros-dev/src/isaac_ros_nvblox/install/nvblox_ros/include/nvblox_ros/conversions/layer_conversions.hpp
[181.800s] -- Up-to-date symlink: /workspaces/isaac_ros-dev/src/isaac_ros_nvblox/install/nvblox_ros/include/nvblox_ros/conversions/mesh_conversions.hpp
[181.800s] -- Up-to-date symlink: /workspaces/isaac_ros-dev/src/isaac_ros_nvblox/install/nvblox_ros/include/nvblox_ros/conversions/pointcloud_conversions.hpp
[181.800s] -- Up-to-date symlink: /workspaces/isaac_ros-dev/src/isaac_ros_nvblox/install/nvblox_ros/include/nvblox_ros/impl/mapper_initialization_impl.hpp
[181.800s] -- Up-to-date symlink: /workspaces/isaac_ros-dev/src/isaac_ros_nvblox/install/nvblox_ros/include/nvblox_ros/impl/nvblox_node_impl.hpp
[181.800s] -- Up-to-date symlink: /workspaces/isaac_ros-dev/src/isaac_ros_nvblox/install/nvblox_ros/include/nvblox_ros/mapper_initialization.hpp
[181.800s] -- Up-to-date symlink: /workspaces/isaac_ros-dev/src/isaac_ros_nvblox/install/nvblox_ros/include/nvblox_ros/nitros_types.hpp
[181.800s] -- Up-to-date symlink: /workspaces/isaac_ros-dev/src/isaac_ros_nvblox/install/nvblox_ros/include/nvblox_ros/nvblox_human_node.hpp
[181.800s] -- Up-to-date symlink: /workspaces/isaac_ros-dev/src/isaac_ros_nvblox/install/nvblox_ros/include/nvblox_ros/nvblox_node.hpp
[181.800s] -- Up-to-date symlink: /workspaces/isaac_ros-dev/src/isaac_ros_nvblox/install/nvblox_ros/include/nvblox_ros/nvblox_node_params.hpp
[181.801s] -- Up-to-date symlink: /workspaces/isaac_ros-dev/src/isaac_ros_nvblox/install/nvblox_ros/include/nvblox_ros/transformer.hpp
[181.801s] -- Up-to-date symlink: /workspaces/isaac_ros-dev/src/isaac_ros_nvblox/install/nvblox_ros/include/nvblox_ros/utils.hpp
[181.801s] -- Up-to-date symlink: /workspaces/isaac_ros-dev/src/isaac_ros_nvblox/install/nvblox_ros/include/nvblox_ros/visualization.hpp
[181.801s] -- Up-to-date symlink: /workspaces/isaac_ros-dev/src/isaac_ros_nvblox/install/nvblox_ros/lib/nvblox_ros/nvblox_node
[181.801s] -- Up-to-date symlink: /workspaces/isaac_ros-dev/src/isaac_ros_nvblox/install/nvblox_ros/lib/nvblox_ros/nvblox_human_node
[181.801s] -- Up-to-date symlink: /workspaces/isaac_ros-dev/src/isaac_ros_nvblox/install/nvblox_ros/share/nvblox_ros/test/integration_tests/CMakeLists.txt
[181.802s] -- Up-to-date symlink: /workspaces/isaac_ros-dev/src/isaac_ros_nvblox/install/nvblox_ros/share/nvblox_ros/test/integration_tests/isaac_ros_nvblox_pol.py
[181.802s] -- Up-to-date symlink: /workspaces/isaac_ros-dev/src/isaac_ros_nvblox/install/nvblox_ros/share/nvblox_ros/test/integration_tests/isaac_ros_nvblox_srv_save_and_load_map.py
[181.802s] -- Up-to-date symlink: /workspaces/isaac_ros-dev/src/isaac_ros_nvblox/install/nvblox_ros/share/nvblox_ros/test/integration_tests/isaac_ros_nvblox_srv_save_ply.py
[181.802s] -- Up-to-date symlink: /workspaces/isaac_ros-dev/src/isaac_ros_nvblox/install/nvblox_ros/share/nvblox_ros/test/integration_tests/isaac_ros_nvblox_srv_save_timings_and_rates.py
[181.802s] -- Up-to-date symlink: /workspaces/isaac_ros-dev/src/isaac_ros_nvblox/install/nvblox_ros/share/nvblox_ros/test/integration_tests/test_cases/rosbags/nvblox_pol/metadata.yaml
[181.802s] -- Up-to-date symlink: /workspaces/isaac_ros-dev/src/isaac_ros_nvblox/install/nvblox_ros/share/nvblox_ros/test/integration_tests/test_cases/rosbags/nvblox_pol/rosbag2_2024_05_07-11_54_22_0.db3
[181.802s] -- Up-to-date symlink: /workspaces/isaac_ros-dev/src/isaac_ros_nvblox/install/nvblox_ros/share/nvblox_ros/test/integration_tests/test_utils/__init__.py
[181.802s] -- Up-to-date symlink: /workspaces/isaac_ros-dev/src/isaac_ros_nvblox/install/nvblox_ros/share/nvblox_ros/test/unit_tests/CMakeLists.txt
[181.802s] -- Up-to-date symlink: /workspaces/isaac_ros-dev/src/isaac_ros_nvblox/install/nvblox_ros/share/nvblox_ros/test/unit_tests/test_esdf_and_gradient_conversions.cpp
[181.803s] -- Up-to-date symlink: /workspaces/isaac_ros-dev/src/isaac_ros_nvblox/install/nvblox_ros/share/nvblox_ros/test/unit_tests/test_nvblox_node_params.cpp
[181.803s] -- Up-to-date symlink: /workspaces/isaac_ros-dev/src/isaac_ros_nvblox/install/nvblox_ros/share/nvblox_ros/scripts//scripts/print_ros_params.sh
[181.803s] -- Up-to-date symlink: /workspaces/isaac_ros-dev/src/isaac_ros_nvblox/install/nvblox_ros/share/nvblox_ros/scripts//scripts/setup_peoplesemsegnet_model.sh
[181.803s] -- Up-to-date symlink: /workspaces/isaac_ros-dev/src/isaac_ros_nvblox/install/nvblox_ros/share/nvblox_ros/environment/library_path.sh
[181.803s] -- Up-to-date symlink: /workspaces/isaac_ros-dev/src/isaac_ros_nvblox/install/nvblox_ros/share/nvblox_ros/environment/library_path.dsv
[181.803s] -- Up-to-date symlink: /workspaces/isaac_ros-dev/src/isaac_ros_nvblox/install/nvblox_ros/share/ament_index/resource_index/package_run_dependencies/nvblox_ros
[181.803s] -- Up-to-date symlink: /workspaces/isaac_ros-dev/src/isaac_ros_nvblox/install/nvblox_ros/share/ament_index/resource_index/parent_prefix_path/nvblox_ros
[181.803s] -- Up-to-date symlink: /workspaces/isaac_ros-dev/src/isaac_ros_nvblox/install/nvblox_ros/share/nvblox_ros/environment/ament_prefix_path.sh
[181.804s] -- Up-to-date symlink: /workspaces/isaac_ros-dev/src/isaac_ros_nvblox/install/nvblox_ros/share/nvblox_ros/environment/ament_prefix_path.dsv
[181.804s] -- Up-to-date symlink: /workspaces/isaac_ros-dev/src/isaac_ros_nvblox/install/nvblox_ros/share/nvblox_ros/environment/path.sh
[181.804s] -- Up-to-date symlink: /workspaces/isaac_ros-dev/src/isaac_ros_nvblox/install/nvblox_ros/share/nvblox_ros/environment/path.dsv
[181.804s] -- Up-to-date symlink: /workspaces/isaac_ros-dev/src/isaac_ros_nvblox/install/nvblox_ros/share/nvblox_ros/local_setup.bash
[181.804s] -- Up-to-date symlink: /workspaces/isaac_ros-dev/src/isaac_ros_nvblox/install/nvblox_ros/share/nvblox_ros/local_setup.sh
[181.804s] -- Up-to-date symlink: /workspaces/isaac_ros-dev/src/isaac_ros_nvblox/install/nvblox_ros/share/nvblox_ros/local_setup.zsh
[181.804s] -- Up-to-date symlink: /workspaces/isaac_ros-dev/src/isaac_ros_nvblox/install/nvblox_ros/share/nvblox_ros/local_setup.dsv
[181.804s] -- Symlinking: /workspaces/isaac_ros-dev/src/isaac_ros_nvblox/install/nvblox_ros/share/nvblox_ros/package.dsv
[181.815s] -- Up-to-date symlink: /workspaces/isaac_ros-dev/src/isaac_ros_nvblox/install/nvblox_ros/share/ament_index/resource_index/packages/nvblox_ros
[181.815s] -- Up-to-date symlink: /workspaces/isaac_ros-dev/src/isaac_ros_nvblox/install/nvblox_ros/share/ament_index/resource_index/rclcpp_components/nvblox_ros
[181.815s] -- Up-to-date symlink: /workspaces/isaac_ros-dev/src/isaac_ros_nvblox/install/nvblox_ros/share/nvblox_ros/cmake/ament_cmake_export_include_directories-extras.cmake
[181.815s] -- Up-to-date symlink: /workspaces/isaac_ros-dev/src/isaac_ros_nvblox/install/nvblox_ros/share/nvblox_ros/cmake/ament_cmake_export_libraries-extras.cmake
[181.815s] -- Up-to-date symlink: /workspaces/isaac_ros-dev/src/isaac_ros_nvblox/install/nvblox_ros/share/nvblox_ros/cmake/ament_cmake_export_targets-extras.cmake
[181.816s] -- Up-to-date symlink: /workspaces/isaac_ros-dev/src/isaac_ros_nvblox/install/nvblox_ros/share/nvblox_ros/cmake/ament_cmake_export_dependencies-extras.cmake
[181.816s] -- Up-to-date symlink: /workspaces/isaac_ros-dev/src/isaac_ros_nvblox/install/nvblox_ros/share/nvblox_ros/cmake/nvblox_rosConfig.cmake
[181.816s] -- Up-to-date symlink: /workspaces/isaac_ros-dev/src/isaac_ros_nvblox/install/nvblox_ros/share/nvblox_ros/cmake/nvblox_rosConfig-version.cmake
[181.816s] -- Up-to-date symlink: /workspaces/isaac_ros-dev/src/isaac_ros_nvblox/install/nvblox_ros/share/nvblox_ros/package.xml
[181.816s] -- Up-to-date: /workspaces/isaac_ros-dev/src/isaac_ros_nvblox/install/nvblox_ros/lib/libnvblox_ros_lib.so
[181.816s] -- Up-to-date: /workspaces/isaac_ros-dev/src/isaac_ros_nvblox/install/nvblox_ros/lib/libnvblox_lib.so
[181.816s] -- Up-to-date: /workspaces/isaac_ros-dev/src/isaac_ros_nvblox/install/nvblox_ros/lib/libnvblox_gpu_hash.a
[181.816s] -- Up-to-date: /workspaces/isaac_ros-dev/src/isaac_ros_nvblox/install/nvblox_ros/lib/libstdgpu.a
[181.817s] -- Up-to-date: /workspaces/isaac_ros-dev/src/isaac_ros_nvblox/install/nvblox_ros/share/nvblox_ros/cmake/nvblox_rosTargetsExport.cmake
[181.817s] -- Up-to-date: /workspaces/isaac_ros-dev/src/isaac_ros_nvblox/install/nvblox_ros/share/nvblox_ros/cmake/nvblox_rosTargetsExport-release.cmake
[181.817s] -- Up-to-date: /workspaces/isaac_ros-dev/src/isaac_ros_nvblox/install/nvblox_ros/lib/cmake/stdgpu/cuda/FindCUDAToolkit.cmake
[181.817s] -- Up-to-date: /workspaces/isaac_ros-dev/src/isaac_ros_nvblox/install/nvblox_ros/lib/libstdgpu.a
[181.817s] -- Up-to-date: /workspaces/isaac_ros-dev/src/isaac_ros_nvblox/install/nvblox_ros/include
[181.817s] -- Up-to-date: /workspaces/isaac_ros-dev/src/isaac_ros_nvblox/install/nvblox_ros/include/stdgpu
[181.817s] -- Up-to-date: /workspaces/isaac_ros-dev/src/isaac_ros_nvblox/install/nvblox_ros/include/stdgpu/deque_fwd
[181.817s] -- Up-to-date: /workspaces/isaac_ros-dev/src/isaac_ros_nvblox/install/nvblox_ros/include/stdgpu/unordered_set.cuh
[181.817s] -- Up-to-date: /workspaces/isaac_ros-dev/src/isaac_ros_nvblox/install/nvblox_ros/include/stdgpu/functional.h
[181.818s] -- Up-to-date: /workspaces/isaac_ros-dev/src/isaac_ros_nvblox/install/nvblox_ros/include/stdgpu/queue.cuh
[181.818s] -- Up-to-date: /workspaces/isaac_ros-dev/src/isaac_ros_nvblox/install/nvblox_ros/include/stdgpu/utility.h
[181.818s] -- Up-to-date: /workspaces/isaac_ros-dev/src/isaac_ros_nvblox/install/nvblox_ros/include/stdgpu/algorithm.h
[181.818s] -- Up-to-date: /workspaces/isaac_ros-dev/src/isaac_ros_nvblox/install/nvblox_ros/include/stdgpu/mutex.cuh
[181.818s] -- Up-to-date: /workspaces/isaac_ros-dev/src/isaac_ros_nvblox/install/nvblox_ros/include/stdgpu/cmath.h
[181.818s] -- Up-to-date: /workspaces/isaac_ros-dev/src/isaac_ros_nvblox/install/nvblox_ros/include/stdgpu/contract.h
[181.818s] -- Up-to-date: /workspaces/isaac_ros-dev/src/isaac_ros_nvblox/install/nvblox_ros/include/stdgpu/platform.h
[181.818s] -- Up-to-date: /workspaces/isaac_ros-dev/src/isaac_ros_nvblox/install/nvblox_ros/include/stdgpu/memory.h
[181.818s] -- Up-to-date: /workspaces/isaac_ros-dev/src/isaac_ros_nvblox/install/nvblox_ros/include/stdgpu/bitset.cuh
[181.818s] -- Up-to-date: /workspaces/isaac_ros-dev/src/isaac_ros_nvblox/install/nvblox_ros/include/stdgpu/ranges.h
[181.818s] -- Up-to-date: /workspaces/isaac_ros-dev/src/isaac_ros_nvblox/install/nvblox_ros/include/stdgpu/unordered_set_fwd
[181.818s] -- Up-to-date: /workspaces/isaac_ros-dev/src/isaac_ros_nvblox/install/nvblox_ros/include/stdgpu/atomic.cuh
[181.818s] -- Up-to-date: /workspaces/isaac_ros-dev/src/isaac_ros_nvblox/install/nvblox_ros/include/stdgpu/bit.h
[181.818s] -- Up-to-date: /workspaces/isaac_ros-dev/src/isaac_ros_nvblox/install/nvblox_ros/include/stdgpu/queue_fwd
[181.818s] -- Up-to-date: /workspaces/isaac_ros-dev/src/isaac_ros_nvblox/install/nvblox_ros/include/stdgpu/unordered_map_fwd
[181.818s] -- Up-to-date: /workspaces/isaac_ros-dev/src/isaac_ros_nvblox/install/nvblox_ros/include/stdgpu/unordered_map.cuh
[181.818s] -- Up-to-date: /workspaces/isaac_ros-dev/src/isaac_ros_nvblox/install/nvblox_ros/include/stdgpu/mutex_fwd
[181.818s] -- Up-to-date: /workspaces/isaac_ros-dev/src/isaac_ros_nvblox/install/nvblox_ros/include/stdgpu/vector.cuh
[181.819s] -- Up-to-date: /workspaces/isaac_ros-dev/src/isaac_ros_nvblox/install/nvblox_ros/include/stdgpu/bitset_fwd
[181.819s] -- Up-to-date: /workspaces/isaac_ros-dev/src/isaac_ros_nvblox/install/nvblox_ros/include/stdgpu/stack.cuh
[181.819s] -- Up-to-date: /workspaces/isaac_ros-dev/src/isaac_ros_nvblox/install/nvblox_ros/include/stdgpu/stack_fwd
[181.819s] -- Up-to-date: /workspaces/isaac_ros-dev/src/isaac_ros_nvblox/install/nvblox_ros/include/stdgpu/deque.cuh
[181.819s] -- Up-to-date: /workspaces/isaac_ros-dev/src/isaac_ros_nvblox/install/nvblox_ros/include/stdgpu/limits.h
[181.819s] -- Up-to-date: /workspaces/isaac_ros-dev/src/isaac_ros_nvblox/install/nvblox_ros/include/stdgpu/atomic_fwd
[181.819s] -- Up-to-date: /workspaces/isaac_ros-dev/src/isaac_ros_nvblox/install/nvblox_ros/include/stdgpu/vector_fwd
[181.819s] -- Up-to-date: /workspaces/isaac_ros-dev/src/isaac_ros_nvblox/install/nvblox_ros/include/stdgpu/compiler.h
[181.819s] -- Up-to-date: /workspaces/isaac_ros-dev/src/isaac_ros_nvblox/install/nvblox_ros/include/stdgpu/attribute.h
[181.819s] -- Up-to-date: /workspaces/isaac_ros-dev/src/isaac_ros_nvblox/install/nvblox_ros/include/stdgpu/impl
[181.819s] -- Up-to-date: /workspaces/isaac_ros-dev/src/isaac_ros_nvblox/install/nvblox_ros/include/stdgpu/impl/type_traits.h
[181.819s] -- Up-to-date: /workspaces/isaac_ros-dev/src/isaac_ros_nvblox/install/nvblox_ros/include/stdgpu/impl/unordered_base_detail.cuh
[181.819s] -- Up-to-date: /workspaces/isaac_ros-dev/src/isaac_ros_nvblox/install/nvblox_ros/include/stdgpu/impl/platform_check.h
[181.819s] -- Up-to-date: /workspaces/isaac_ros-dev/src/isaac_ros_nvblox/install/nvblox_ros/include/stdgpu/impl/unordered_set_detail.cuh
[181.819s] -- Up-to-date: /workspaces/isaac_ros-dev/src/isaac_ros_nvblox/install/nvblox_ros/include/stdgpu/impl/queue_detail.cuh
[181.819s] -- Up-to-date: /workspaces/isaac_ros-dev/src/isaac_ros_nvblox/install/nvblox_ros/include/stdgpu/impl/atomic_detail.cuh
[181.819s] -- Up-to-date: /workspaces/isaac_ros-dev/src/isaac_ros_nvblox/install/nvblox_ros/include/stdgpu/impl/limits_detail.h
[181.819s] -- Up-to-date: /workspaces/isaac_ros-dev/src/isaac_ros_nvblox/install/nvblox_ros/include/stdgpu/impl/mutex_detail.cuh
[181.820s] -- Up-to-date: /workspaces/isaac_ros-dev/src/isaac_ros_nvblox/install/nvblox_ros/include/stdgpu/impl/functional_detail.h
[181.820s] -- Up-to-date: /workspaces/isaac_ros-dev/src/isaac_ros_nvblox/install/nvblox_ros/include/stdgpu/impl/deque_detail.cuh
[181.820s] -- Up-to-date: /workspaces/isaac_ros-dev/src/isaac_ros_nvblox/install/nvblox_ros/include/stdgpu/impl/unordered_base.cuh
[181.820s] -- Up-to-date: /workspaces/isaac_ros-dev/src/isaac_ros_nvblox/install/nvblox_ros/include/stdgpu/impl/bit_detail.h
[181.820s] -- Up-to-date: /workspaces/isaac_ros-dev/src/isaac_ros_nvblox/install/nvblox_ros/include/stdgpu/impl/iterator_detail.h
[181.820s] -- Up-to-date: /workspaces/isaac_ros-dev/src/isaac_ros_nvblox/install/nvblox_ros/include/stdgpu/impl/stack_detail.cuh
[181.820s] -- Up-to-date: /workspaces/isaac_ros-dev/src/isaac_ros_nvblox/install/nvblox_ros/include/stdgpu/impl/utility_detail.h
[181.820s] -- Up-to-date: /workspaces/isaac_ros-dev/src/isaac_ros_nvblox/install/nvblox_ros/include/stdgpu/impl/algorithm_detail.h
[181.820s] -- Up-to-date: /workspaces/isaac_ros-dev/src/isaac_ros_nvblox/install/nvblox_ros/include/stdgpu/impl/memory_detail.h
[181.820s] -- Up-to-date: /workspaces/isaac_ros-dev/src/isaac_ros_nvblox/install/nvblox_ros/include/stdgpu/impl/unordered_map_detail.cuh
[181.820s] -- Up-to-date: /workspaces/isaac_ros-dev/src/isaac_ros_nvblox/install/nvblox_ros/include/stdgpu/impl/ranges_detail.h
[181.820s] -- Up-to-date: /workspaces/isaac_ros-dev/src/isaac_ros_nvblox/install/nvblox_ros/include/stdgpu/impl/bitset_detail.cuh
[181.820s] -- Up-to-date: /workspaces/isaac_ros-dev/src/isaac_ros_nvblox/install/nvblox_ros/include/stdgpu/impl/cmath_detail.h
[181.820s] -- Up-to-date: /workspaces/isaac_ros-dev/src/isaac_ros_nvblox/install/nvblox_ros/include/stdgpu/impl/vector_detail.cuh
[181.820s] -- Up-to-date: /workspaces/isaac_ros-dev/src/isaac_ros_nvblox/install/nvblox_ros/include/stdgpu/iterator.h
[181.820s] -- Up-to-date: /workspaces/isaac_ros-dev/src/isaac_ros_nvblox/install/nvblox_ros/include/stdgpu/cuda
[181.820s] -- Up-to-date: /workspaces/isaac_ros-dev/src/isaac_ros_nvblox/install/nvblox_ros/include/stdgpu/cuda/platform_check.h
[181.820s] -- Up-to-date: /workspaces/isaac_ros-dev/src/isaac_ros_nvblox/install/nvblox_ros/include/stdgpu/cuda/platform.h
[181.820s] -- Up-to-date: /workspaces/isaac_ros-dev/src/isaac_ros_nvblox/install/nvblox_ros/include/stdgpu/cuda/memory.h
[181.820s] -- Up-to-date: /workspaces/isaac_ros-dev/src/isaac_ros_nvblox/install/nvblox_ros/include/stdgpu/cuda/atomic.cuh
[181.820s] -- Up-to-date: /workspaces/isaac_ros-dev/src/isaac_ros_nvblox/install/nvblox_ros/include/stdgpu/cuda/impl
[181.820s] -- Up-to-date: /workspaces/isaac_ros-dev/src/isaac_ros_nvblox/install/nvblox_ros/include/stdgpu/cuda/impl/atomic_detail.cuh
[181.820s] -- Up-to-date: /workspaces/isaac_ros-dev/src/isaac_ros_nvblox/install/nvblox_ros/include/stdgpu/hip
[181.820s] -- Up-to-date: /workspaces/isaac_ros-dev/src/isaac_ros_nvblox/install/nvblox_ros/include/stdgpu/hip/platform_check.h
[181.821s] -- Up-to-date: /workspaces/isaac_ros-dev/src/isaac_ros_nvblox/install/nvblox_ros/include/stdgpu/hip/platform.h
[181.821s] -- Up-to-date: /workspaces/isaac_ros-dev/src/isaac_ros_nvblox/install/nvblox_ros/include/stdgpu/hip/memory.h
[181.821s] -- Up-to-date: /workspaces/isaac_ros-dev/src/isaac_ros_nvblox/install/nvblox_ros/include/stdgpu/hip/atomic.h
[181.821s] -- Up-to-date: /workspaces/isaac_ros-dev/src/isaac_ros_nvblox/install/nvblox_ros/include/stdgpu/hip/impl
[181.821s] -- Up-to-date: /workspaces/isaac_ros-dev/src/isaac_ros_nvblox/install/nvblox_ros/include/stdgpu/hip/impl/atomic_detail.h
[181.821s] -- Up-to-date: /workspaces/isaac_ros-dev/src/isaac_ros_nvblox/install/nvblox_ros/include/stdgpu/openmp
[181.821s] -- Up-to-date: /workspaces/isaac_ros-dev/src/isaac_ros_nvblox/install/nvblox_ros/include/stdgpu/openmp/platform_check.h
[181.821s] -- Up-to-date: /workspaces/isaac_ros-dev/src/isaac_ros_nvblox/install/nvblox_ros/include/stdgpu/openmp/platform.h
[181.821s] -- Up-to-date: /workspaces/isaac_ros-dev/src/isaac_ros_nvblox/install/nvblox_ros/include/stdgpu/openmp/memory.h
[181.821s] -- Up-to-date: /workspaces/isaac_ros-dev/src/isaac_ros_nvblox/install/nvblox_ros/include/stdgpu/openmp/atomic.h
[181.821s] -- Up-to-date: /workspaces/isaac_ros-dev/src/isaac_ros_nvblox/install/nvblox_ros/include/stdgpu/openmp/impl
[181.821s] -- Up-to-date: /workspaces/isaac_ros-dev/src/isaac_ros_nvblox/install/nvblox_ros/include/stdgpu/openmp/impl/atomic_detail.h
[181.821s] -- Up-to-date: /workspaces/isaac_ros-dev/src/isaac_ros_nvblox/install/nvblox_ros/include/stdgpu/cstddef.h
[181.821s] -- Up-to-date: /workspaces/isaac_ros-dev/src/isaac_ros_nvblox/install/nvblox_ros/include
[181.821s] -- Up-to-date: /workspaces/isaac_ros-dev/src/isaac_ros_nvblox/install/nvblox_ros/include/stdgpu
[181.821s] -- Up-to-date: /workspaces/isaac_ros-dev/src/isaac_ros_nvblox/install/nvblox_ros/include/stdgpu/config.h
[181.821s] -- Up-to-date: /workspaces/isaac_ros-dev/src/isaac_ros_nvblox/install/nvblox_ros/lib/cmake/stdgpu/stdgpu-dependencies.cmake
[181.821s] -- Up-to-date: /workspaces/isaac_ros-dev/src/isaac_ros_nvblox/install/nvblox_ros/lib/cmake/stdgpu/Findthrust.cmake
[181.821s] -- Up-to-date: /workspaces/isaac_ros-dev/src/isaac_ros_nvblox/install/nvblox_ros/lib/cmake/stdgpu/stdgpu-targets.cmake
[181.821s] -- Up-to-date: /workspaces/isaac_ros-dev/src/isaac_ros_nvblox/install/nvblox_ros/lib/cmake/stdgpu/stdgpu-targets-release.cmake
[181.821s] -- Up-to-date: /workspaces/isaac_ros-dev/src/isaac_ros_nvblox/install/nvblox_ros/lib/cmake/stdgpu/stdgpu-config.cmake
[181.821s] -- Up-to-date: /workspaces/isaac_ros-dev/src/isaac_ros_nvblox/install/nvblox_ros/lib/cmake/stdgpu/stdgpu-config-version.cmake
[181.821s] -- Up-to-date: /workspaces/isaac_ros-dev/src/isaac_ros_nvblox/install/nvblox_ros/lib/libnvblox_lib.so
[181.821s] -- Up-to-date: /workspaces/isaac_ros-dev/src/isaac_ros_nvblox/install/nvblox_ros/lib/nvblox/libnvblox_gpu_hash.a
[181.821s] -- Up-to-date: /workspaces/isaac_ros-dev/src/isaac_ros_nvblox/install/nvblox_ros/lib/libnvblox_datasets.so
[181.821s] -- Up-to-date: /workspaces/isaac_ros-dev/src/isaac_ros_nvblox/install/nvblox_ros/lib/nvblox/libstdgpu.a
[181.821s] -- Up-to-date: /workspaces/isaac_ros-dev/src/isaac_ros_nvblox/install/nvblox_ros/bin/nvblox/fuse_3dmatch
[181.822s] -- Up-to-date: /workspaces/isaac_ros-dev/src/isaac_ros_nvblox/install/nvblox_ros/bin/nvblox/fuse_replica
[181.822s] -- Up-to-date: /workspaces/isaac_ros-dev/src/isaac_ros_nvblox/install/nvblox_ros/share/nvblox/cmake/nvbloxTargets.cmake
[181.822s] -- Up-to-date: /workspaces/isaac_ros-dev/src/isaac_ros_nvblox/install/nvblox_ros/share/nvblox/cmake/nvbloxTargets-release.cmake
[181.825s] Invoked command in '/workspaces/isaac_ros-dev/src/isaac_ros_nvblox/build/nvblox_ros' returned '0': AMENT_PREFIX_PATH=/workspaces/isaac_ros-dev/src/isaac_ros_nvblox/install/nvblox_rviz_plugin:/workspaces/isaac_ros-dev/src/isaac_ros_nvblox/install/nvblox_ros_python_utils:/workspaces/isaac_ros-dev/src/isaac_ros_nvblox/install/nvblox_ros_common:/workspaces/isaac_ros-dev/src/isaac_ros_nvblox/install/nvblox_msgs:${AMENT_PREFIX_PATH} CMAKE_PREFIX_PATH=/workspaces/isaac_ros-dev/src/isaac_ros_nvblox/install/nvblox_rviz_plugin:/workspaces/isaac_ros-dev/src/isaac_ros_nvblox/install/nvblox_ros_common:/workspaces/isaac_ros-dev/src/isaac_ros_nvblox/install/nvblox_msgs:/opt/ros/humble LD_LIBRARY_PATH=/workspaces/isaac_ros-dev/src/isaac_ros_nvblox/install/nvblox_rviz_plugin/lib:/workspaces/isaac_ros-dev/src/isaac_ros_nvblox/install/nvblox_ros_common/lib:/workspaces/isaac_ros-dev/src/isaac_ros_nvblox/install/nvblox_msgs/lib:${LD_LIBRARY_PATH} PYTHONPATH=/workspaces/isaac_ros-dev/src/isaac_ros_nvblox/build/nvblox_ros_python_utils:/workspaces/isaac_ros-dev/src/isaac_ros_nvblox/install/nvblox_ros_python_utils/lib/python3.10/site-packages:/workspaces/isaac_ros-dev/src/isaac_ros_nvblox/install/nvblox_msgs/local/lib/python3.10/dist-packages:${PYTHONPATH} _=/usr/bin/env /usr/bin/cmake --install /workspaces/isaac_ros-dev/src/isaac_ros_nvblox/build/nvblox_ros
