[  2%] Built target stdgpu
[  3%] Built target gtest
[  6%] Built target ext_eigen
[  7%] Built target gtest_main
[  9%] Built target nvblox_gpu_hash
[35m[1mConsolidate compiler generated dependencies of target nvblox_lib[0m
[ 30%] Built target nvblox_lib
[ 36%] Built target nvblox_ros_lib
[ 37%] Built target run_memcpy_on_default_cuda_stream
[35m[1mConsolidate compiler generated dependencies of target test_nvblox_node_params[0m
[ 38%] Built target test_nvblox_node_params
[35m[1mConsolidate compiler generated dependencies of target test_esdf_and_gradient_conversions[0m
[ 39%] Built target test_esdf_and_gradient_conversions
[35m[1mConsolidate compiler generated dependencies of target nvblox_human_node[0m
[ 40%] Built target nvblox_human_node
[35m[1mConsolidate compiler generated dependencies of target nvblox_node[0m
[ 41%] Built target nvblox_node
[ 42%] Built target load_map_and_mesh
[ 43%] Built target esdf_query
[ 45%] Built target nvblox_datasets
[ 46%] Built target sphere_benchmark
[ 47%] Built target test_bench
[ 53%] Built target nvblox_test_utils
[ 54%] Built target fuse_redwood
[ 55%] Built target test_unified_ptr
[ 56%] Built target test_unified_vector
[ 57%] Built target test_weighting_function
[ 58%] Built target test_rates
[ 59%] Built target test_mesh_streamer
[ 60%] Built target test_npp_image_operations
[ 61%] Built target test_depth_image_preprocessing
[ 62%] Built target test_layer_serializer_gpu
[ 63%] Built target test_image_cache
[ 64%] Built target test_params
[ 65%] Built target test_block_memory_pool
[ 66%] Built target test_delays
[35m[1mConsolidate compiler generated dependencies of target regression_test_query_after_clear[0m
[ 67%] Built target regression_test_query_after_clear
[35m[1mConsolidate compiler generated dependencies of target test_layer_to_3d_grid[0m
[ 67%] Built target test_layer_to_3d_grid
[ 67%] Built target test_esdf_integrator
[ 67%] Built target benchmark
[ 68%] Built target test_unified_3d_grid
[ 68%] Built target test_tsdf_integrator_cuda_components
[ 69%] Built target test_tsdf_integrator
[ 70%] Built target test_tsdf_decay
[ 71%] Built target test_traits
[ 71%] Built target test_time
[ 72%] Built target test_sphere_tracing
[ 73%] Built target test_serialization
[ 74%] Built target test_scene
[ 74%] Built target test_ray_caster
[ 75%] Built target test_pointcloud
[ 76%] Built target test_occupancy_integrator
[ 76%] Built target test_occupancy_decay
[ 77%] Built target test_nvtx_ranges
[ 77%] Built target test_multi_mapper
[ 78%] Built target test_mesh_serializer
[ 78%] Built target test_mesh
[ 79%] Built target test_mesh_coloring
[ 80%] Built target test_mapper_block_allocation
[ 81%] Built target test_mapper
[ 82%] Built target test_lidar_integration
[ 83%] Built target test_lidar
[ 84%] Built target test_layer
[ 85%] Built target test_indexing
[ 85%] Built target test_image_projector
[ 86%] Built target test_image_masker
[ 87%] Built target test_image_io
[ 87%] Built target test_gpu_layer_view
[ 88%] Built target test_fuser
[ 89%] Built target test_frustum
[ 90%] Built target test_freespace_integrator
[ 91%] Built target test_for_memory_leaks
[ 92%] Built target test_dynamics
[ 92%] Built target test_depth_image
[ 93%] Built target test_cuda_stream
[ 93%] Built target test_color_integrator
[ 94%] Built target test_color_image
[ 95%] Built target test_camera
[ 96%] Built target test_cake
[ 97%] Built target test_connected_components
[ 98%] Built target test_bounding_spheres
[ 98%] Built target test_blox
[ 99%] Built target test_3dmatch
[ 99%] Built target test_3d_interpolation
[ 99%] Built target fuse_replica
[100%] Built target fuse_3dmatch
-- Install configuration: "Release"
-- Execute custom install script
-- Up-to-date symlink: /workspaces/isaac_ros-dev/src/isaac_ros_nvblox/install/nvblox_ros/include/nvblox/core/color.h
-- Up-to-date symlink: /workspaces/isaac_ros-dev/src/isaac_ros_nvblox/install/nvblox_ros/include/nvblox/core/cuda_stream.h
-- Up-to-date symlink: /workspaces/isaac_ros-dev/src/isaac_ros_nvblox/install/nvblox_ros/include/nvblox/core/hash.h
-- Up-to-date symlink: /workspaces/isaac_ros-dev/src/isaac_ros_nvblox/install/nvblox_ros/include/nvblox/core/indexing.h
-- Up-to-date symlink: /workspaces/isaac_ros-dev/src/isaac_ros_nvblox/install/nvblox_ros/include/nvblox/core/internal/cuda/atomic_float.cuh
-- Up-to-date symlink: /workspaces/isaac_ros-dev/src/isaac_ros_nvblox/install/nvblox_ros/include/nvblox/core/internal/cuda/impl/atomic_float_impl.cuh
-- Up-to-date symlink: /workspaces/isaac_ros-dev/src/isaac_ros_nvblox/install/nvblox_ros/include/nvblox/core/internal/error_check.h
-- Up-to-date symlink: /workspaces/isaac_ros-dev/src/isaac_ros_nvblox/install/nvblox_ros/include/nvblox/core/internal/impl/indexing_impl.h
-- Up-to-date symlink: /workspaces/isaac_ros-dev/src/isaac_ros_nvblox/install/nvblox_ros/include/nvblox/core/internal/impl/unified_ptr_impl.h
-- Up-to-date symlink: /workspaces/isaac_ros-dev/src/isaac_ros_nvblox/install/nvblox_ros/include/nvblox/core/internal/impl/unified_vector_impl.h
-- Up-to-date symlink: /workspaces/isaac_ros-dev/src/isaac_ros_nvblox/install/nvblox_ros/include/nvblox/core/internal/impl/variadic_template_tools_impl.h
-- Up-to-date symlink: /workspaces/isaac_ros-dev/src/isaac_ros_nvblox/install/nvblox_ros/include/nvblox/core/internal/warmup_cuda.h
-- Up-to-date symlink: /workspaces/isaac_ros-dev/src/isaac_ros_nvblox/install/nvblox_ros/include/nvblox/core/iterator.h
-- Up-to-date symlink: /workspaces/isaac_ros-dev/src/isaac_ros_nvblox/install/nvblox_ros/include/nvblox/core/log_odds.h
-- Up-to-date symlink: /workspaces/isaac_ros-dev/src/isaac_ros_nvblox/install/nvblox_ros/include/nvblox/core/parameter_tree.h
-- Up-to-date symlink: /workspaces/isaac_ros-dev/src/isaac_ros_nvblox/install/nvblox_ros/include/nvblox/core/time.h
-- Up-to-date symlink: /workspaces/isaac_ros-dev/src/isaac_ros_nvblox/install/nvblox_ros/include/nvblox/core/traits.h
-- Up-to-date symlink: /workspaces/isaac_ros-dev/src/isaac_ros_nvblox/install/nvblox_ros/include/nvblox/core/types.h
-- Up-to-date symlink: /workspaces/isaac_ros-dev/src/isaac_ros_nvblox/install/nvblox_ros/include/nvblox/core/unified_ptr.h
-- Up-to-date symlink: /workspaces/isaac_ros-dev/src/isaac_ros_nvblox/install/nvblox_ros/include/nvblox/core/unified_vector.h
-- Up-to-date symlink: /workspaces/isaac_ros-dev/src/isaac_ros_nvblox/install/nvblox_ros/include/nvblox/core/variadic_template_tools.h
-- Up-to-date symlink: /workspaces/isaac_ros-dev/src/isaac_ros_nvblox/install/nvblox_ros/include/nvblox/dynamics/dynamics_detection.h
-- Up-to-date symlink: /workspaces/isaac_ros-dev/src/isaac_ros_nvblox/install/nvblox_ros/include/nvblox/geometry/bounding_boxes.h
-- Up-to-date symlink: /workspaces/isaac_ros-dev/src/isaac_ros_nvblox/install/nvblox_ros/include/nvblox/geometry/bounding_spheres.h
-- Up-to-date symlink: /workspaces/isaac_ros-dev/src/isaac_ros_nvblox/install/nvblox_ros/include/nvblox/geometry/internal/impl/bounding_boxes_impl.h
-- Up-to-date symlink: /workspaces/isaac_ros-dev/src/isaac_ros_nvblox/install/nvblox_ros/include/nvblox/gpu_hash/gpu_layer_view.h
-- Up-to-date symlink: /workspaces/isaac_ros-dev/src/isaac_ros_nvblox/install/nvblox_ros/include/nvblox/gpu_hash/internal/cuda/gpu_hash_interface.cuh
-- Up-to-date symlink: /workspaces/isaac_ros-dev/src/isaac_ros_nvblox/install/nvblox_ros/include/nvblox/gpu_hash/internal/cuda/gpu_indexing.cuh
-- Up-to-date symlink: /workspaces/isaac_ros-dev/src/isaac_ros_nvblox/install/nvblox_ros/include/nvblox/gpu_hash/internal/cuda/gpu_set.cuh
-- Up-to-date symlink: /workspaces/isaac_ros-dev/src/isaac_ros_nvblox/install/nvblox_ros/include/nvblox/gpu_hash/internal/cuda/impl/gpu_hash_interface_impl.cuh
-- Up-to-date symlink: /workspaces/isaac_ros-dev/src/isaac_ros_nvblox/install/nvblox_ros/include/nvblox/gpu_hash/internal/cuda/impl/gpu_layer_view_impl.cuh
-- Up-to-date symlink: /workspaces/isaac_ros-dev/src/isaac_ros_nvblox/install/nvblox_ros/include/nvblox/integrators/esdf_integrator.h
-- Up-to-date symlink: /workspaces/isaac_ros-dev/src/isaac_ros_nvblox/install/nvblox_ros/include/nvblox/integrators/esdf_integrator_params.h
-- Up-to-date symlink: /workspaces/isaac_ros-dev/src/isaac_ros_nvblox/install/nvblox_ros/include/nvblox/integrators/esdf_slicer.h
-- Up-to-date symlink: /workspaces/isaac_ros-dev/src/isaac_ros_nvblox/install/nvblox_ros/include/nvblox/integrators/freespace_integrator.h
-- Up-to-date symlink: /workspaces/isaac_ros-dev/src/isaac_ros_nvblox/install/nvblox_ros/include/nvblox/integrators/freespace_integrator_params.h
-- Up-to-date symlink: /workspaces/isaac_ros-dev/src/isaac_ros_nvblox/install/nvblox_ros/include/nvblox/integrators/internal/cuda/impl/decayer_impl.cuh
-- Up-to-date symlink: /workspaces/isaac_ros-dev/src/isaac_ros_nvblox/install/nvblox_ros/include/nvblox/integrators/internal/cuda/impl/projective_integrator_impl.cuh
-- Up-to-date symlink: /workspaces/isaac_ros-dev/src/isaac_ros_nvblox/install/nvblox_ros/include/nvblox/integrators/internal/cuda/impl/projective_integrators_common_impl.cuh
-- Up-to-date symlink: /workspaces/isaac_ros-dev/src/isaac_ros_nvblox/install/nvblox_ros/include/nvblox/integrators/internal/cuda/projective_integrators_common.cuh
-- Up-to-date symlink: /workspaces/isaac_ros-dev/src/isaac_ros_nvblox/install/nvblox_ros/include/nvblox/integrators/internal/decay_integrator_base.h
-- Up-to-date symlink: /workspaces/isaac_ros-dev/src/isaac_ros_nvblox/install/nvblox_ros/include/nvblox/integrators/internal/decay_integrator_base_params.h
-- Up-to-date symlink: /workspaces/isaac_ros-dev/src/isaac_ros_nvblox/install/nvblox_ros/include/nvblox/integrators/internal/decayer.h
-- Up-to-date symlink: /workspaces/isaac_ros-dev/src/isaac_ros_nvblox/install/nvblox_ros/include/nvblox/integrators/internal/impl/decay_integrator_impl.h
-- Up-to-date symlink: /workspaces/isaac_ros-dev/src/isaac_ros_nvblox/install/nvblox_ros/include/nvblox/integrators/internal/impl/integrators_common_impl.h
-- Up-to-date symlink: /workspaces/isaac_ros-dev/src/isaac_ros_nvblox/install/nvblox_ros/include/nvblox/integrators/internal/impl/projective_integrator_impl.h
-- Up-to-date symlink: /workspaces/isaac_ros-dev/src/isaac_ros_nvblox/install/nvblox_ros/include/nvblox/integrators/internal/impl/weighting_function_impl.h
-- Up-to-date symlink: /workspaces/isaac_ros-dev/src/isaac_ros_nvblox/install/nvblox_ros/include/nvblox/integrators/internal/integrators_common.h
-- Up-to-date symlink: /workspaces/isaac_ros-dev/src/isaac_ros_nvblox/install/nvblox_ros/include/nvblox/integrators/internal/projective_integrator.h
-- Up-to-date symlink: /workspaces/isaac_ros-dev/src/isaac_ros_nvblox/install/nvblox_ros/include/nvblox/integrators/mesh_integrator_params.h
-- Up-to-date symlink: /workspaces/isaac_ros-dev/src/isaac_ros_nvblox/install/nvblox_ros/include/nvblox/integrators/occupancy_decay_integrator.h
-- Up-to-date symlink: /workspaces/isaac_ros-dev/src/isaac_ros_nvblox/install/nvblox_ros/include/nvblox/integrators/occupancy_decay_integrator_params.h
-- Up-to-date symlink: /workspaces/isaac_ros-dev/src/isaac_ros_nvblox/install/nvblox_ros/include/nvblox/integrators/occupancy_integrator_params.h
-- Up-to-date symlink: /workspaces/isaac_ros-dev/src/isaac_ros_nvblox/install/nvblox_ros/include/nvblox/integrators/projective_color_integrator.h
-- Up-to-date symlink: /workspaces/isaac_ros-dev/src/isaac_ros_nvblox/install/nvblox_ros/include/nvblox/integrators/projective_integrator_params.h
-- Up-to-date symlink: /workspaces/isaac_ros-dev/src/isaac_ros_nvblox/install/nvblox_ros/include/nvblox/integrators/projective_occupancy_integrator.h
-- Up-to-date symlink: /workspaces/isaac_ros-dev/src/isaac_ros_nvblox/install/nvblox_ros/include/nvblox/integrators/projective_tsdf_integrator.h
-- Up-to-date symlink: /workspaces/isaac_ros-dev/src/isaac_ros_nvblox/install/nvblox_ros/include/nvblox/integrators/tsdf_decay_integrator.h
-- Up-to-date symlink: /workspaces/isaac_ros-dev/src/isaac_ros_nvblox/install/nvblox_ros/include/nvblox/integrators/tsdf_decay_integrator_params.h
-- Up-to-date symlink: /workspaces/isaac_ros-dev/src/isaac_ros_nvblox/install/nvblox_ros/include/nvblox/integrators/view_calculator.h
-- Up-to-date symlink: /workspaces/isaac_ros-dev/src/isaac_ros_nvblox/install/nvblox_ros/include/nvblox/integrators/weighting_function.h
-- Up-to-date symlink: /workspaces/isaac_ros-dev/src/isaac_ros_nvblox/install/nvblox_ros/include/nvblox/interpolation/internal/impl/interpolation_2d_impl.h
-- Up-to-date symlink: /workspaces/isaac_ros-dev/src/isaac_ros_nvblox/install/nvblox_ros/include/nvblox/interpolation/internal/impl/interpolation_3d_impl.h
-- Up-to-date symlink: /workspaces/isaac_ros-dev/src/isaac_ros_nvblox/install/nvblox_ros/include/nvblox/interpolation/interpolation_2d.h
-- Up-to-date symlink: /workspaces/isaac_ros-dev/src/isaac_ros_nvblox/install/nvblox_ros/include/nvblox/interpolation/interpolation_3d.h
-- Up-to-date symlink: /workspaces/isaac_ros-dev/src/isaac_ros_nvblox/install/nvblox_ros/include/nvblox/io/csv.h
-- Up-to-date symlink: /workspaces/isaac_ros-dev/src/isaac_ros_nvblox/install/nvblox_ros/include/nvblox/io/image_io.h
-- Up-to-date symlink: /workspaces/isaac_ros-dev/src/isaac_ros_nvblox/install/nvblox_ros/include/nvblox/io/internal/impl/csv_impl.h
-- Up-to-date symlink: /workspaces/isaac_ros-dev/src/isaac_ros_nvblox/install/nvblox_ros/include/nvblox/io/internal/impl/pointcloud_io_impl.h
-- Up-to-date symlink: /workspaces/isaac_ros-dev/src/isaac_ros_nvblox/install/nvblox_ros/include/nvblox/io/internal/thirdparty/stb_image.h
-- Up-to-date symlink: /workspaces/isaac_ros-dev/src/isaac_ros_nvblox/install/nvblox_ros/include/nvblox/io/internal/thirdparty/stb_image_write.h
-- Up-to-date symlink: /workspaces/isaac_ros-dev/src/isaac_ros_nvblox/install/nvblox_ros/include/nvblox/io/layer_cake_io.h
-- Up-to-date symlink: /workspaces/isaac_ros-dev/src/isaac_ros_nvblox/install/nvblox_ros/include/nvblox/io/mesh_io.h
-- Up-to-date symlink: /workspaces/isaac_ros-dev/src/isaac_ros_nvblox/install/nvblox_ros/include/nvblox/io/ply_writer.h
-- Up-to-date symlink: /workspaces/isaac_ros-dev/src/isaac_ros_nvblox/install/nvblox_ros/include/nvblox/io/pointcloud_io.h
-- Up-to-date symlink: /workspaces/isaac_ros-dev/src/isaac_ros_nvblox/install/nvblox_ros/include/nvblox/map/accessors.h
-- Up-to-date symlink: /workspaces/isaac_ros-dev/src/isaac_ros_nvblox/install/nvblox_ros/include/nvblox/map/blocks_to_update_tracker.h
-- Up-to-date symlink: /workspaces/isaac_ros-dev/src/isaac_ros_nvblox/install/nvblox_ros/include/nvblox/map/blox.h
-- Up-to-date symlink: /workspaces/isaac_ros-dev/src/isaac_ros_nvblox/install/nvblox_ros/include/nvblox/map/common_names.h
-- Up-to-date symlink: /workspaces/isaac_ros-dev/src/isaac_ros_nvblox/install/nvblox_ros/include/nvblox/map/internal/block_memory_pool.h
-- Up-to-date symlink: /workspaces/isaac_ros-dev/src/isaac_ros_nvblox/install/nvblox_ros/include/nvblox/map/internal/cuda/impl/layer_impl.cuh
-- Up-to-date symlink: /workspaces/isaac_ros-dev/src/isaac_ros_nvblox/install/nvblox_ros/include/nvblox/map/internal/cuda/impl/layer_to_3d_grid_impl.cuh
-- Up-to-date symlink: /workspaces/isaac_ros-dev/src/isaac_ros_nvblox/install/nvblox_ros/include/nvblox/map/internal/cuda/layer_to_3d_grid.cuh
-- Up-to-date symlink: /workspaces/isaac_ros-dev/src/isaac_ros_nvblox/install/nvblox_ros/include/nvblox/map/internal/impl/accessors_impl.h
-- Up-to-date symlink: /workspaces/isaac_ros-dev/src/isaac_ros_nvblox/install/nvblox_ros/include/nvblox/map/internal/impl/block_memory_pool_impl.h
-- Up-to-date symlink: /workspaces/isaac_ros-dev/src/isaac_ros_nvblox/install/nvblox_ros/include/nvblox/map/internal/impl/blox_impl.h
-- Up-to-date symlink: /workspaces/isaac_ros-dev/src/isaac_ros_nvblox/install/nvblox_ros/include/nvblox/map/internal/impl/layer_cake_impl.h
-- Up-to-date symlink: /workspaces/isaac_ros-dev/src/isaac_ros_nvblox/install/nvblox_ros/include/nvblox/map/internal/impl/layer_impl.h
-- Up-to-date symlink: /workspaces/isaac_ros-dev/src/isaac_ros_nvblox/install/nvblox_ros/include/nvblox/map/internal/impl/unified_3d_grid_impl.h
-- Up-to-date symlink: /workspaces/isaac_ros-dev/src/isaac_ros_nvblox/install/nvblox_ros/include/nvblox/map/layer.h
-- Up-to-date symlink: /workspaces/isaac_ros-dev/src/isaac_ros_nvblox/install/nvblox_ros/include/nvblox/map/layer_cake.h
-- Up-to-date symlink: /workspaces/isaac_ros-dev/src/isaac_ros_nvblox/install/nvblox_ros/include/nvblox/map/unified_3d_grid.h
-- Up-to-date symlink: /workspaces/isaac_ros-dev/src/isaac_ros_nvblox/install/nvblox_ros/include/nvblox/map/voxels.h
-- Up-to-date symlink: /workspaces/isaac_ros-dev/src/isaac_ros_nvblox/install/nvblox_ros/include/nvblox/map_saving/internal/block_serialization.h
-- Up-to-date symlink: /workspaces/isaac_ros-dev/src/isaac_ros_nvblox/install/nvblox_ros/include/nvblox/map_saving/internal/common_types.h
-- Up-to-date symlink: /workspaces/isaac_ros-dev/src/isaac_ros_nvblox/install/nvblox_ros/include/nvblox/map_saving/internal/impl/block_serialization_impl.h
-- Up-to-date symlink: /workspaces/isaac_ros-dev/src/isaac_ros_nvblox/install/nvblox_ros/include/nvblox/map_saving/internal/impl/common_types_impl.h
-- Up-to-date symlink: /workspaces/isaac_ros-dev/src/isaac_ros_nvblox/install/nvblox_ros/include/nvblox/map_saving/internal/impl/layer_serialization_impl.h
-- Up-to-date symlink: /workspaces/isaac_ros-dev/src/isaac_ros_nvblox/install/nvblox_ros/include/nvblox/map_saving/internal/layer_serialization.h
-- Up-to-date symlink: /workspaces/isaac_ros-dev/src/isaac_ros_nvblox/install/nvblox_ros/include/nvblox/map_saving/internal/layer_type_register.h
-- Up-to-date symlink: /workspaces/isaac_ros-dev/src/isaac_ros_nvblox/install/nvblox_ros/include/nvblox/map_saving/internal/serializer.h
-- Up-to-date symlink: /workspaces/isaac_ros-dev/src/isaac_ros_nvblox/install/nvblox_ros/include/nvblox/map_saving/internal/sqlite_database.h
-- Up-to-date symlink: /workspaces/isaac_ros-dev/src/isaac_ros_nvblox/install/nvblox_ros/include/nvblox/mapper/mapper.h
-- Up-to-date symlink: /workspaces/isaac_ros-dev/src/isaac_ros_nvblox/install/nvblox_ros/include/nvblox/mapper/mapper_params.h
-- Up-to-date symlink: /workspaces/isaac_ros-dev/src/isaac_ros_nvblox/install/nvblox_ros/include/nvblox/mapper/multi_mapper.h
-- Up-to-date symlink: /workspaces/isaac_ros-dev/src/isaac_ros_nvblox/install/nvblox_ros/include/nvblox/mesh/internal/cuda/marching_cubes.cuh
-- Up-to-date symlink: /workspaces/isaac_ros-dev/src/isaac_ros_nvblox/install/nvblox_ros/include/nvblox/mesh/internal/impl/cuda/marching_cubes_impl.cuh
-- Up-to-date symlink: /workspaces/isaac_ros-dev/src/isaac_ros_nvblox/install/nvblox_ros/include/nvblox/mesh/internal/impl/marching_cubes_impl.h
-- Up-to-date symlink: /workspaces/isaac_ros-dev/src/isaac_ros_nvblox/install/nvblox_ros/include/nvblox/mesh/internal/impl/marching_cubes_table.h
-- Up-to-date symlink: /workspaces/isaac_ros-dev/src/isaac_ros_nvblox/install/nvblox_ros/include/nvblox/mesh/internal/marching_cubes.h
-- Up-to-date symlink: /workspaces/isaac_ros-dev/src/isaac_ros_nvblox/install/nvblox_ros/include/nvblox/mesh/mesh.h
-- Up-to-date symlink: /workspaces/isaac_ros-dev/src/isaac_ros_nvblox/install/nvblox_ros/include/nvblox/mesh/mesh_block.h
-- Up-to-date symlink: /workspaces/isaac_ros-dev/src/isaac_ros_nvblox/install/nvblox_ros/include/nvblox/mesh/mesh_integrator.h
-- Up-to-date symlink: /workspaces/isaac_ros-dev/src/isaac_ros_nvblox/install/nvblox_ros/include/nvblox/mesh/mesh_streamer.h
-- Up-to-date symlink: /workspaces/isaac_ros-dev/src/isaac_ros_nvblox/install/nvblox_ros/include/nvblox/nvblox.h
-- Up-to-date symlink: /workspaces/isaac_ros-dev/src/isaac_ros_nvblox/install/nvblox_ros/include/nvblox/primitives/internal/impl/scene_impl.h
-- Up-to-date symlink: /workspaces/isaac_ros-dev/src/isaac_ros_nvblox/install/nvblox_ros/include/nvblox/primitives/primitives.h
-- Up-to-date symlink: /workspaces/isaac_ros-dev/src/isaac_ros_nvblox/install/nvblox_ros/include/nvblox/primitives/scene.h
-- Up-to-date symlink: /workspaces/isaac_ros-dev/src/isaac_ros_nvblox/install/nvblox_ros/include/nvblox/rays/internal/impl/ray_caster_impl.h
-- Up-to-date symlink: /workspaces/isaac_ros-dev/src/isaac_ros_nvblox/install/nvblox_ros/include/nvblox/rays/ray_caster.h
-- Up-to-date symlink: /workspaces/isaac_ros-dev/src/isaac_ros_nvblox/install/nvblox_ros/include/nvblox/rays/sphere_tracer.h
-- Up-to-date symlink: /workspaces/isaac_ros-dev/src/isaac_ros_nvblox/install/nvblox_ros/include/nvblox/semantics/image_masker.h
-- Up-to-date symlink: /workspaces/isaac_ros-dev/src/isaac_ros_nvblox/install/nvblox_ros/include/nvblox/semantics/image_projector.h
-- Up-to-date symlink: /workspaces/isaac_ros-dev/src/isaac_ros_nvblox/install/nvblox_ros/include/nvblox/sensors/camera.h
-- Up-to-date symlink: /workspaces/isaac_ros-dev/src/isaac_ros_nvblox/install/nvblox_ros/include/nvblox/sensors/connected_components.h
-- Up-to-date symlink: /workspaces/isaac_ros-dev/src/isaac_ros_nvblox/install/nvblox_ros/include/nvblox/sensors/depth_preprocessing.h
-- Up-to-date symlink: /workspaces/isaac_ros-dev/src/isaac_ros_nvblox/install/nvblox_ros/include/nvblox/sensors/image.h
-- Up-to-date symlink: /workspaces/isaac_ros-dev/src/isaac_ros_nvblox/install/nvblox_ros/include/nvblox/sensors/internal/image_cache.h
-- Up-to-date symlink: /workspaces/isaac_ros-dev/src/isaac_ros_nvblox/install/nvblox_ros/include/nvblox/sensors/internal/impl/camera_impl.h
-- Up-to-date symlink: /workspaces/isaac_ros-dev/src/isaac_ros_nvblox/install/nvblox_ros/include/nvblox/sensors/internal/impl/image_cache_impl.h
-- Up-to-date symlink: /workspaces/isaac_ros-dev/src/isaac_ros_nvblox/install/nvblox_ros/include/nvblox/sensors/internal/impl/image_cuda_impl.h
-- Up-to-date symlink: /workspaces/isaac_ros-dev/src/isaac_ros_nvblox/install/nvblox_ros/include/nvblox/sensors/internal/impl/image_impl.h
-- Up-to-date symlink: /workspaces/isaac_ros-dev/src/isaac_ros_nvblox/install/nvblox_ros/include/nvblox/sensors/internal/impl/lidar_impl.h
-- Up-to-date symlink: /workspaces/isaac_ros-dev/src/isaac_ros_nvblox/install/nvblox_ros/include/nvblox/sensors/lidar.h
-- Up-to-date symlink: /workspaces/isaac_ros-dev/src/isaac_ros_nvblox/install/nvblox_ros/include/nvblox/sensors/npp_image_operations.h
-- Up-to-date symlink: /workspaces/isaac_ros-dev/src/isaac_ros_nvblox/install/nvblox_ros/include/nvblox/sensors/pointcloud.h
-- Up-to-date symlink: /workspaces/isaac_ros-dev/src/isaac_ros_nvblox/install/nvblox_ros/include/nvblox/serialization/internal/impl/layer_serializer_gpu_impl.h
-- Up-to-date symlink: /workspaces/isaac_ros-dev/src/isaac_ros_nvblox/install/nvblox_ros/include/nvblox/serialization/internal/serialization_gpu.h
-- Up-to-date symlink: /workspaces/isaac_ros-dev/src/isaac_ros_nvblox/install/nvblox_ros/include/nvblox/serialization/layer_serializer_gpu.h
-- Up-to-date symlink: /workspaces/isaac_ros-dev/src/isaac_ros_nvblox/install/nvblox_ros/include/nvblox/serialization/mesh_serializer_gpu.h
-- Up-to-date symlink: /workspaces/isaac_ros-dev/src/isaac_ros_nvblox/install/nvblox_ros/include/nvblox/utils/delays.h
-- Up-to-date symlink: /workspaces/isaac_ros-dev/src/isaac_ros_nvblox/install/nvblox_ros/include/nvblox/utils/internal/impl/rates_impl.h
-- Up-to-date symlink: /workspaces/isaac_ros-dev/src/isaac_ros_nvblox/install/nvblox_ros/include/nvblox/utils/logging.h
-- Up-to-date symlink: /workspaces/isaac_ros-dev/src/isaac_ros_nvblox/install/nvblox_ros/include/nvblox/utils/nvtx_ranges.h
-- Up-to-date symlink: /workspaces/isaac_ros-dev/src/isaac_ros_nvblox/install/nvblox_ros/include/nvblox/utils/params.h
-- Up-to-date symlink: /workspaces/isaac_ros-dev/src/isaac_ros_nvblox/install/nvblox_ros/include/nvblox/utils/rates.h
-- Up-to-date symlink: /workspaces/isaac_ros-dev/src/isaac_ros_nvblox/install/nvblox_ros/include/nvblox/utils/timing.h
-- Up-to-date symlink: /workspaces/isaac_ros-dev/src/isaac_ros_nvblox/install/nvblox_ros/include/nvblox/datasets/3dmatch.h
-- Up-to-date symlink: /workspaces/isaac_ros-dev/src/isaac_ros_nvblox/install/nvblox_ros/include/nvblox/datasets/data_loader.h
-- Up-to-date symlink: /workspaces/isaac_ros-dev/src/isaac_ros_nvblox/install/nvblox_ros/include/nvblox/datasets/image_loader.h
-- Up-to-date symlink: /workspaces/isaac_ros-dev/src/isaac_ros_nvblox/install/nvblox_ros/include/nvblox/datasets/impl/image_loader_impl.h
-- Up-to-date symlink: /workspaces/isaac_ros-dev/src/isaac_ros_nvblox/install/nvblox_ros/include/nvblox/datasets/redwood.h
-- Up-to-date symlink: /workspaces/isaac_ros-dev/src/isaac_ros_nvblox/install/nvblox_ros/include/nvblox/datasets/replica.h
-- Up-to-date symlink: /workspaces/isaac_ros-dev/src/isaac_ros_nvblox/install/nvblox_ros/include/nvblox/executables/fuser.h
-- Up-to-date symlink: /workspaces/isaac_ros-dev/src/isaac_ros_nvblox/install/nvblox_ros/include/nvblox/gflags_param_loading/fuser_params_from_gflags.h
-- Up-to-date symlink: /workspaces/isaac_ros-dev/src/isaac_ros_nvblox/install/nvblox_ros/include/nvblox/gflags_param_loading/mapper_params_from_gflags.h
-- Up-to-date symlink: /workspaces/isaac_ros-dev/src/isaac_ros_nvblox/install/nvblox_ros/include/eigen3/Eigen/Cholesky
-- Up-to-date symlink: /workspaces/isaac_ros-dev/src/isaac_ros_nvblox/install/nvblox_ros/include/eigen3/Eigen/CholmodSupport
-- Up-to-date symlink: /workspaces/isaac_ros-dev/src/isaac_ros_nvblox/install/nvblox_ros/include/eigen3/Eigen/Core
-- Up-to-date symlink: /workspaces/isaac_ros-dev/src/isaac_ros_nvblox/install/nvblox_ros/include/eigen3/Eigen/Dense
-- Up-to-date symlink: /workspaces/isaac_ros-dev/src/isaac_ros_nvblox/install/nvblox_ros/include/eigen3/Eigen/Eigen
-- Up-to-date symlink: /workspaces/isaac_ros-dev/src/isaac_ros_nvblox/install/nvblox_ros/include/eigen3/Eigen/Eigenvalues
-- Up-to-date symlink: /workspaces/isaac_ros-dev/src/isaac_ros_nvblox/install/nvblox_ros/include/eigen3/Eigen/Geometry
-- Up-to-date symlink: /workspaces/isaac_ros-dev/src/isaac_ros_nvblox/install/nvblox_ros/include/eigen3/Eigen/Householder
-- Up-to-date symlink: /workspaces/isaac_ros-dev/src/isaac_ros_nvblox/install/nvblox_ros/include/eigen3/Eigen/IterativeLinearSolvers
-- Up-to-date symlink: /workspaces/isaac_ros-dev/src/isaac_ros_nvblox/install/nvblox_ros/include/eigen3/Eigen/Jacobi
-- Up-to-date symlink: /workspaces/isaac_ros-dev/src/isaac_ros_nvblox/install/nvblox_ros/include/eigen3/Eigen/KLUSupport
-- Up-to-date symlink: /workspaces/isaac_ros-dev/src/isaac_ros_nvblox/install/nvblox_ros/include/eigen3/Eigen/LU
-- Up-to-date symlink: /workspaces/isaac_ros-dev/src/isaac_ros_nvblox/install/nvblox_ros/include/eigen3/Eigen/MetisSupport
-- Up-to-date symlink: /workspaces/isaac_ros-dev/src/isaac_ros_nvblox/install/nvblox_ros/include/eigen3/Eigen/OrderingMethods
-- Up-to-date symlink: /workspaces/isaac_ros-dev/src/isaac_ros_nvblox/install/nvblox_ros/include/eigen3/Eigen/PaStiXSupport
-- Up-to-date symlink: /workspaces/isaac_ros-dev/src/isaac_ros_nvblox/install/nvblox_ros/include/eigen3/Eigen/PardisoSupport
-- Up-to-date symlink: /workspaces/isaac_ros-dev/src/isaac_ros_nvblox/install/nvblox_ros/include/eigen3/Eigen/QR
-- Up-to-date symlink: /workspaces/isaac_ros-dev/src/isaac_ros_nvblox/install/nvblox_ros/include/eigen3/Eigen/QtAlignedMalloc
-- Up-to-date symlink: /workspaces/isaac_ros-dev/src/isaac_ros_nvblox/install/nvblox_ros/include/eigen3/Eigen/SPQRSupport
-- Up-to-date symlink: /workspaces/isaac_ros-dev/src/isaac_ros_nvblox/install/nvblox_ros/include/eigen3/Eigen/SVD
-- Up-to-date symlink: /workspaces/isaac_ros-dev/src/isaac_ros_nvblox/install/nvblox_ros/include/eigen3/Eigen/Sparse
-- Up-to-date symlink: /workspaces/isaac_ros-dev/src/isaac_ros_nvblox/install/nvblox_ros/include/eigen3/Eigen/SparseCholesky
-- Up-to-date symlink: /workspaces/isaac_ros-dev/src/isaac_ros_nvblox/install/nvblox_ros/include/eigen3/Eigen/SparseCore
-- Up-to-date symlink: /workspaces/isaac_ros-dev/src/isaac_ros_nvblox/install/nvblox_ros/include/eigen3/Eigen/SparseLU
-- Up-to-date symlink: /workspaces/isaac_ros-dev/src/isaac_ros_nvblox/install/nvblox_ros/include/eigen3/Eigen/SparseQR
-- Up-to-date symlink: /workspaces/isaac_ros-dev/src/isaac_ros_nvblox/install/nvblox_ros/include/eigen3/Eigen/StdDeque
-- Up-to-date symlink: /workspaces/isaac_ros-dev/src/isaac_ros_nvblox/install/nvblox_ros/include/eigen3/Eigen/StdList
-- Up-to-date symlink: /workspaces/isaac_ros-dev/src/isaac_ros_nvblox/install/nvblox_ros/include/eigen3/Eigen/StdVector
-- Up-to-date symlink: /workspaces/isaac_ros-dev/src/isaac_ros_nvblox/install/nvblox_ros/include/eigen3/Eigen/SuperLUSupport
-- Up-to-date symlink: /workspaces/isaac_ros-dev/src/isaac_ros_nvblox/install/nvblox_ros/include/eigen3/Eigen/UmfPackSupport
-- Up-to-date symlink: /workspaces/isaac_ros-dev/src/isaac_ros_nvblox/install/nvblox_ros/include/eigen3/Eigen/src/Cholesky/LDLT.h
-- Up-to-date symlink: /workspaces/isaac_ros-dev/src/isaac_ros_nvblox/install/nvblox_ros/include/eigen3/Eigen/src/Cholesky/LLT.h
-- Up-to-date symlink: /workspaces/isaac_ros-dev/src/isaac_ros_nvblox/install/nvblox_ros/include/eigen3/Eigen/src/Cholesky/LLT_LAPACKE.h
-- Up-to-date symlink: /workspaces/isaac_ros-dev/src/isaac_ros_nvblox/install/nvblox_ros/include/eigen3/Eigen/src/CholmodSupport/CholmodSupport.h
-- Up-to-date symlink: /workspaces/isaac_ros-dev/src/isaac_ros_nvblox/install/nvblox_ros/include/eigen3/Eigen/src/Core/ArithmeticSequence.h
-- Up-to-date symlink: /workspaces/isaac_ros-dev/src/isaac_ros_nvblox/install/nvblox_ros/include/eigen3/Eigen/src/Core/Array.h
-- Up-to-date symlink: /workspaces/isaac_ros-dev/src/isaac_ros_nvblox/install/nvblox_ros/include/eigen3/Eigen/src/Core/ArrayBase.h
-- Up-to-date symlink: /workspaces/isaac_ros-dev/src/isaac_ros_nvblox/install/nvblox_ros/include/eigen3/Eigen/src/Core/ArrayWrapper.h
-- Up-to-date symlink: /workspaces/isaac_ros-dev/src/isaac_ros_nvblox/install/nvblox_ros/include/eigen3/Eigen/src/Core/Assign.h
-- Up-to-date symlink: /workspaces/isaac_ros-dev/src/isaac_ros_nvblox/install/nvblox_ros/include/eigen3/Eigen/src/Core/AssignEvaluator.h
-- Up-to-date symlink: /workspaces/isaac_ros-dev/src/isaac_ros_nvblox/install/nvblox_ros/include/eigen3/Eigen/src/Core/Assign_MKL.h
-- Up-to-date symlink: /workspaces/isaac_ros-dev/src/isaac_ros_nvblox/install/nvblox_ros/include/eigen3/Eigen/src/Core/BandMatrix.h
-- Up-to-date symlink: /workspaces/isaac_ros-dev/src/isaac_ros_nvblox/install/nvblox_ros/include/eigen3/Eigen/src/Core/Block.h
-- Up-to-date symlink: /workspaces/isaac_ros-dev/src/isaac_ros_nvblox/install/nvblox_ros/include/eigen3/Eigen/src/Core/BooleanRedux.h
-- Up-to-date symlink: /workspaces/isaac_ros-dev/src/isaac_ros_nvblox/install/nvblox_ros/include/eigen3/Eigen/src/Core/CommaInitializer.h
-- Up-to-date symlink: /workspaces/isaac_ros-dev/src/isaac_ros_nvblox/install/nvblox_ros/include/eigen3/Eigen/src/Core/ConditionEstimator.h
-- Up-to-date symlink: /workspaces/isaac_ros-dev/src/isaac_ros_nvblox/install/nvblox_ros/include/eigen3/Eigen/src/Core/CoreEvaluators.h
-- Up-to-date symlink: /workspaces/isaac_ros-dev/src/isaac_ros_nvblox/install/nvblox_ros/include/eigen3/Eigen/src/Core/CoreIterators.h
-- Up-to-date symlink: /workspaces/isaac_ros-dev/src/isaac_ros_nvblox/install/nvblox_ros/include/eigen3/Eigen/src/Core/CwiseBinaryOp.h
-- Up-to-date symlink: /workspaces/isaac_ros-dev/src/isaac_ros_nvblox/install/nvblox_ros/include/eigen3/Eigen/src/Core/CwiseNullaryOp.h
-- Up-to-date symlink: /workspaces/isaac_ros-dev/src/isaac_ros_nvblox/install/nvblox_ros/include/eigen3/Eigen/src/Core/CwiseTernaryOp.h
-- Up-to-date symlink: /workspaces/isaac_ros-dev/src/isaac_ros_nvblox/install/nvblox_ros/include/eigen3/Eigen/src/Core/CwiseUnaryOp.h
-- Up-to-date symlink: /workspaces/isaac_ros-dev/src/isaac_ros_nvblox/install/nvblox_ros/include/eigen3/Eigen/src/Core/CwiseUnaryView.h
-- Up-to-date symlink: /workspaces/isaac_ros-dev/src/isaac_ros_nvblox/install/nvblox_ros/include/eigen3/Eigen/src/Core/DenseBase.h
-- Up-to-date symlink: /workspaces/isaac_ros-dev/src/isaac_ros_nvblox/install/nvblox_ros/include/eigen3/Eigen/src/Core/DenseCoeffsBase.h
-- Up-to-date symlink: /workspaces/isaac_ros-dev/src/isaac_ros_nvblox/install/nvblox_ros/include/eigen3/Eigen/src/Core/DenseStorage.h
-- Up-to-date symlink: /workspaces/isaac_ros-dev/src/isaac_ros_nvblox/install/nvblox_ros/include/eigen3/Eigen/src/Core/Diagonal.h
-- Up-to-date symlink: /workspaces/isaac_ros-dev/src/isaac_ros_nvblox/install/nvblox_ros/include/eigen3/Eigen/src/Core/DiagonalMatrix.h
-- Up-to-date symlink: /workspaces/isaac_ros-dev/src/isaac_ros_nvblox/install/nvblox_ros/include/eigen3/Eigen/src/Core/DiagonalProduct.h
-- Up-to-date symlink: /workspaces/isaac_ros-dev/src/isaac_ros_nvblox/install/nvblox_ros/include/eigen3/Eigen/src/Core/Dot.h
-- Up-to-date symlink: /workspaces/isaac_ros-dev/src/isaac_ros_nvblox/install/nvblox_ros/include/eigen3/Eigen/src/Core/EigenBase.h
-- Up-to-date symlink: /workspaces/isaac_ros-dev/src/isaac_ros_nvblox/install/nvblox_ros/include/eigen3/Eigen/src/Core/ForceAlignedAccess.h
-- Up-to-date symlink: /workspaces/isaac_ros-dev/src/isaac_ros_nvblox/install/nvblox_ros/include/eigen3/Eigen/src/Core/Fuzzy.h
-- Up-to-date symlink: /workspaces/isaac_ros-dev/src/isaac_ros_nvblox/install/nvblox_ros/include/eigen3/Eigen/src/Core/GeneralProduct.h
-- Up-to-date symlink: /workspaces/isaac_ros-dev/src/isaac_ros_nvblox/install/nvblox_ros/include/eigen3/Eigen/src/Core/GenericPacketMath.h
-- Up-to-date symlink: /workspaces/isaac_ros-dev/src/isaac_ros_nvblox/install/nvblox_ros/include/eigen3/Eigen/src/Core/GlobalFunctions.h
-- Up-to-date symlink: /workspaces/isaac_ros-dev/src/isaac_ros_nvblox/install/nvblox_ros/include/eigen3/Eigen/src/Core/IO.h
-- Up-to-date symlink: /workspaces/isaac_ros-dev/src/isaac_ros_nvblox/install/nvblox_ros/include/eigen3/Eigen/src/Core/IndexedView.h
-- Up-to-date symlink: /workspaces/isaac_ros-dev/src/isaac_ros_nvblox/install/nvblox_ros/include/eigen3/Eigen/src/Core/Inverse.h
-- Up-to-date symlink: /workspaces/isaac_ros-dev/src/isaac_ros_nvblox/install/nvblox_ros/include/eigen3/Eigen/src/Core/Map.h
-- Up-to-date symlink: /workspaces/isaac_ros-dev/src/isaac_ros_nvblox/install/nvblox_ros/include/eigen3/Eigen/src/Core/MapBase.h
-- Up-to-date symlink: /workspaces/isaac_ros-dev/src/isaac_ros_nvblox/install/nvblox_ros/include/eigen3/Eigen/src/Core/MathFunctions.h
-- Up-to-date symlink: /workspaces/isaac_ros-dev/src/isaac_ros_nvblox/install/nvblox_ros/include/eigen3/Eigen/src/Core/MathFunctionsImpl.h
-- Up-to-date symlink: /workspaces/isaac_ros-dev/src/isaac_ros_nvblox/install/nvblox_ros/include/eigen3/Eigen/src/Core/Matrix.h
-- Up-to-date symlink: /workspaces/isaac_ros-dev/src/isaac_ros_nvblox/install/nvblox_ros/include/eigen3/Eigen/src/Core/MatrixBase.h
-- Up-to-date symlink: /workspaces/isaac_ros-dev/src/isaac_ros_nvblox/install/nvblox_ros/include/eigen3/Eigen/src/Core/NestByValue.h
-- Up-to-date symlink: /workspaces/isaac_ros-dev/src/isaac_ros_nvblox/install/nvblox_ros/include/eigen3/Eigen/src/Core/NoAlias.h
-- Up-to-date symlink: /workspaces/isaac_ros-dev/src/isaac_ros_nvblox/install/nvblox_ros/include/eigen3/Eigen/src/Core/NumTraits.h
-- Up-to-date symlink: /workspaces/isaac_ros-dev/src/isaac_ros_nvblox/install/nvblox_ros/include/eigen3/Eigen/src/Core/PartialReduxEvaluator.h
-- Up-to-date symlink: /workspaces/isaac_ros-dev/src/isaac_ros_nvblox/install/nvblox_ros/include/eigen3/Eigen/src/Core/PermutationMatrix.h
-- Up-to-date symlink: /workspaces/isaac_ros-dev/src/isaac_ros_nvblox/install/nvblox_ros/include/eigen3/Eigen/src/Core/PlainObjectBase.h
-- Up-to-date symlink: /workspaces/isaac_ros-dev/src/isaac_ros_nvblox/install/nvblox_ros/include/eigen3/Eigen/src/Core/Product.h
-- Up-to-date symlink: /workspaces/isaac_ros-dev/src/isaac_ros_nvblox/install/nvblox_ros/include/eigen3/Eigen/src/Core/ProductEvaluators.h
-- Up-to-date symlink: /workspaces/isaac_ros-dev/src/isaac_ros_nvblox/install/nvblox_ros/include/eigen3/Eigen/src/Core/Random.h
-- Up-to-date symlink: /workspaces/isaac_ros-dev/src/isaac_ros_nvblox/install/nvblox_ros/include/eigen3/Eigen/src/Core/Redux.h
-- Up-to-date symlink: /workspaces/isaac_ros-dev/src/isaac_ros_nvblox/install/nvblox_ros/include/eigen3/Eigen/src/Core/Ref.h
-- Up-to-date symlink: /workspaces/isaac_ros-dev/src/isaac_ros_nvblox/install/nvblox_ros/include/eigen3/Eigen/src/Core/Replicate.h
-- Up-to-date symlink: /workspaces/isaac_ros-dev/src/isaac_ros_nvblox/install/nvblox_ros/include/eigen3/Eigen/src/Core/Reshaped.h
-- Up-to-date symlink: /workspaces/isaac_ros-dev/src/isaac_ros_nvblox/install/nvblox_ros/include/eigen3/Eigen/src/Core/ReturnByValue.h
-- Up-to-date symlink: /workspaces/isaac_ros-dev/src/isaac_ros_nvblox/install/nvblox_ros/include/eigen3/Eigen/src/Core/Reverse.h
-- Up-to-date symlink: /workspaces/isaac_ros-dev/src/isaac_ros_nvblox/install/nvblox_ros/include/eigen3/Eigen/src/Core/Select.h
-- Up-to-date symlink: /workspaces/isaac_ros-dev/src/isaac_ros_nvblox/install/nvblox_ros/include/eigen3/Eigen/src/Core/SelfAdjointView.h
-- Up-to-date symlink: /workspaces/isaac_ros-dev/src/isaac_ros_nvblox/install/nvblox_ros/include/eigen3/Eigen/src/Core/SelfCwiseBinaryOp.h
-- Up-to-date symlink: /workspaces/isaac_ros-dev/src/isaac_ros_nvblox/install/nvblox_ros/include/eigen3/Eigen/src/Core/Solve.h
-- Up-to-date symlink: /workspaces/isaac_ros-dev/src/isaac_ros_nvblox/install/nvblox_ros/include/eigen3/Eigen/src/Core/SolveTriangular.h
-- Up-to-date symlink: /workspaces/isaac_ros-dev/src/isaac_ros_nvblox/install/nvblox_ros/include/eigen3/Eigen/src/Core/SolverBase.h
-- Up-to-date symlink: /workspaces/isaac_ros-dev/src/isaac_ros_nvblox/install/nvblox_ros/include/eigen3/Eigen/src/Core/StableNorm.h
-- Up-to-date symlink: /workspaces/isaac_ros-dev/src/isaac_ros_nvblox/install/nvblox_ros/include/eigen3/Eigen/src/Core/StlIterators.h
-- Up-to-date symlink: /workspaces/isaac_ros-dev/src/isaac_ros_nvblox/install/nvblox_ros/include/eigen3/Eigen/src/Core/Stride.h
-- Up-to-date symlink: /workspaces/isaac_ros-dev/src/isaac_ros_nvblox/install/nvblox_ros/include/eigen3/Eigen/src/Core/Swap.h
-- Up-to-date symlink: /workspaces/isaac_ros-dev/src/isaac_ros_nvblox/install/nvblox_ros/include/eigen3/Eigen/src/Core/Transpose.h
-- Up-to-date symlink: /workspaces/isaac_ros-dev/src/isaac_ros_nvblox/install/nvblox_ros/include/eigen3/Eigen/src/Core/Transpositions.h
-- Up-to-date symlink: /workspaces/isaac_ros-dev/src/isaac_ros_nvblox/install/nvblox_ros/include/eigen3/Eigen/src/Core/TriangularMatrix.h
-- Up-to-date symlink: /workspaces/isaac_ros-dev/src/isaac_ros_nvblox/install/nvblox_ros/include/eigen3/Eigen/src/Core/VectorBlock.h
-- Up-to-date symlink: /workspaces/isaac_ros-dev/src/isaac_ros_nvblox/install/nvblox_ros/include/eigen3/Eigen/src/Core/VectorwiseOp.h
-- Up-to-date symlink: /workspaces/isaac_ros-dev/src/isaac_ros_nvblox/install/nvblox_ros/include/eigen3/Eigen/src/Core/Visitor.h
-- Up-to-date symlink: /workspaces/isaac_ros-dev/src/isaac_ros_nvblox/install/nvblox_ros/include/eigen3/Eigen/src/Core/arch/AVX/Complex.h
-- Up-to-date symlink: /workspaces/isaac_ros-dev/src/isaac_ros_nvblox/install/nvblox_ros/include/eigen3/Eigen/src/Core/arch/AVX/MathFunctions.h
-- Up-to-date symlink: /workspaces/isaac_ros-dev/src/isaac_ros_nvblox/install/nvblox_ros/include/eigen3/Eigen/src/Core/arch/AVX/PacketMath.h
-- Up-to-date symlink: /workspaces/isaac_ros-dev/src/isaac_ros_nvblox/install/nvblox_ros/include/eigen3/Eigen/src/Core/arch/AVX/TypeCasting.h
-- Up-to-date symlink: /workspaces/isaac_ros-dev/src/isaac_ros_nvblox/install/nvblox_ros/include/eigen3/Eigen/src/Core/arch/AVX512/Complex.h
-- Up-to-date symlink: /workspaces/isaac_ros-dev/src/isaac_ros_nvblox/install/nvblox_ros/include/eigen3/Eigen/src/Core/arch/AVX512/MathFunctions.h
-- Up-to-date symlink: /workspaces/isaac_ros-dev/src/isaac_ros_nvblox/install/nvblox_ros/include/eigen3/Eigen/src/Core/arch/AVX512/PacketMath.h
-- Up-to-date symlink: /workspaces/isaac_ros-dev/src/isaac_ros_nvblox/install/nvblox_ros/include/eigen3/Eigen/src/Core/arch/AVX512/TypeCasting.h
-- Up-to-date symlink: /workspaces/isaac_ros-dev/src/isaac_ros_nvblox/install/nvblox_ros/include/eigen3/Eigen/src/Core/arch/AltiVec/Complex.h
-- Up-to-date symlink: /workspaces/isaac_ros-dev/src/isaac_ros_nvblox/install/nvblox_ros/include/eigen3/Eigen/src/Core/arch/AltiVec/MathFunctions.h
-- Up-to-date symlink: /workspaces/isaac_ros-dev/src/isaac_ros_nvblox/install/nvblox_ros/include/eigen3/Eigen/src/Core/arch/AltiVec/MatrixProduct.h
-- Up-to-date symlink: /workspaces/isaac_ros-dev/src/isaac_ros_nvblox/install/nvblox_ros/include/eigen3/Eigen/src/Core/arch/AltiVec/MatrixProductCommon.h
-- Up-to-date symlink: /workspaces/isaac_ros-dev/src/isaac_ros_nvblox/install/nvblox_ros/include/eigen3/Eigen/src/Core/arch/AltiVec/MatrixProductMMA.h
-- Up-to-date symlink: /workspaces/isaac_ros-dev/src/isaac_ros_nvblox/install/nvblox_ros/include/eigen3/Eigen/src/Core/arch/AltiVec/PacketMath.h
-- Up-to-date symlink: /workspaces/isaac_ros-dev/src/isaac_ros_nvblox/install/nvblox_ros/include/eigen3/Eigen/src/Core/arch/CUDA/Complex.h
-- Up-to-date symlink: /workspaces/isaac_ros-dev/src/isaac_ros_nvblox/install/nvblox_ros/include/eigen3/Eigen/src/Core/arch/Default/BFloat16.h
-- Up-to-date symlink: /workspaces/isaac_ros-dev/src/isaac_ros_nvblox/install/nvblox_ros/include/eigen3/Eigen/src/Core/arch/Default/ConjHelper.h
-- Up-to-date symlink: /workspaces/isaac_ros-dev/src/isaac_ros_nvblox/install/nvblox_ros/include/eigen3/Eigen/src/Core/arch/Default/GenericPacketMathFunctions.h
-- Up-to-date symlink: /workspaces/isaac_ros-dev/src/isaac_ros_nvblox/install/nvblox_ros/include/eigen3/Eigen/src/Core/arch/Default/GenericPacketMathFunctionsFwd.h
-- Up-to-date symlink: /workspaces/isaac_ros-dev/src/isaac_ros_nvblox/install/nvblox_ros/include/eigen3/Eigen/src/Core/arch/Default/Half.h
-- Up-to-date symlink: /workspaces/isaac_ros-dev/src/isaac_ros_nvblox/install/nvblox_ros/include/eigen3/Eigen/src/Core/arch/Default/Settings.h
-- Up-to-date symlink: /workspaces/isaac_ros-dev/src/isaac_ros_nvblox/install/nvblox_ros/include/eigen3/Eigen/src/Core/arch/Default/TypeCasting.h
-- Up-to-date symlink: /workspaces/isaac_ros-dev/src/isaac_ros_nvblox/install/nvblox_ros/include/eigen3/Eigen/src/Core/arch/GPU/MathFunctions.h
-- Up-to-date symlink: /workspaces/isaac_ros-dev/src/isaac_ros_nvblox/install/nvblox_ros/include/eigen3/Eigen/src/Core/arch/GPU/PacketMath.h
-- Up-to-date symlink: /workspaces/isaac_ros-dev/src/isaac_ros_nvblox/install/nvblox_ros/include/eigen3/Eigen/src/Core/arch/GPU/TypeCasting.h
-- Up-to-date symlink: /workspaces/isaac_ros-dev/src/isaac_ros_nvblox/install/nvblox_ros/include/eigen3/Eigen/src/Core/arch/HIP/hcc/math_constants.h
-- Up-to-date symlink: /workspaces/isaac_ros-dev/src/isaac_ros_nvblox/install/nvblox_ros/include/eigen3/Eigen/src/Core/arch/MSA/Complex.h
-- Up-to-date symlink: /workspaces/isaac_ros-dev/src/isaac_ros_nvblox/install/nvblox_ros/include/eigen3/Eigen/src/Core/arch/MSA/MathFunctions.h
-- Up-to-date symlink: /workspaces/isaac_ros-dev/src/isaac_ros_nvblox/install/nvblox_ros/include/eigen3/Eigen/src/Core/arch/MSA/PacketMath.h
-- Up-to-date symlink: /workspaces/isaac_ros-dev/src/isaac_ros_nvblox/install/nvblox_ros/include/eigen3/Eigen/src/Core/arch/NEON/Complex.h
-- Up-to-date symlink: /workspaces/isaac_ros-dev/src/isaac_ros_nvblox/install/nvblox_ros/include/eigen3/Eigen/src/Core/arch/NEON/GeneralBlockPanelKernel.h
-- Up-to-date symlink: /workspaces/isaac_ros-dev/src/isaac_ros_nvblox/install/nvblox_ros/include/eigen3/Eigen/src/Core/arch/NEON/MathFunctions.h
-- Up-to-date symlink: /workspaces/isaac_ros-dev/src/isaac_ros_nvblox/install/nvblox_ros/include/eigen3/Eigen/src/Core/arch/NEON/PacketMath.h
-- Up-to-date symlink: /workspaces/isaac_ros-dev/src/isaac_ros_nvblox/install/nvblox_ros/include/eigen3/Eigen/src/Core/arch/NEON/TypeCasting.h
-- Up-to-date symlink: /workspaces/isaac_ros-dev/src/isaac_ros_nvblox/install/nvblox_ros/include/eigen3/Eigen/src/Core/arch/SSE/Complex.h
-- Up-to-date symlink: /workspaces/isaac_ros-dev/src/isaac_ros_nvblox/install/nvblox_ros/include/eigen3/Eigen/src/Core/arch/SSE/MathFunctions.h
-- Up-to-date symlink: /workspaces/isaac_ros-dev/src/isaac_ros_nvblox/install/nvblox_ros/include/eigen3/Eigen/src/Core/arch/SSE/PacketMath.h
-- Up-to-date symlink: /workspaces/isaac_ros-dev/src/isaac_ros_nvblox/install/nvblox_ros/include/eigen3/Eigen/src/Core/arch/SSE/TypeCasting.h
-- Up-to-date symlink: /workspaces/isaac_ros-dev/src/isaac_ros_nvblox/install/nvblox_ros/include/eigen3/Eigen/src/Core/arch/SVE/MathFunctions.h
-- Up-to-date symlink: /workspaces/isaac_ros-dev/src/isaac_ros_nvblox/install/nvblox_ros/include/eigen3/Eigen/src/Core/arch/SVE/PacketMath.h
-- Up-to-date symlink: /workspaces/isaac_ros-dev/src/isaac_ros_nvblox/install/nvblox_ros/include/eigen3/Eigen/src/Core/arch/SVE/TypeCasting.h
-- Up-to-date symlink: /workspaces/isaac_ros-dev/src/isaac_ros_nvblox/install/nvblox_ros/include/eigen3/Eigen/src/Core/arch/SYCL/InteropHeaders.h
-- Up-to-date symlink: /workspaces/isaac_ros-dev/src/isaac_ros_nvblox/install/nvblox_ros/include/eigen3/Eigen/src/Core/arch/SYCL/MathFunctions.h
-- Up-to-date symlink: /workspaces/isaac_ros-dev/src/isaac_ros_nvblox/install/nvblox_ros/include/eigen3/Eigen/src/Core/arch/SYCL/PacketMath.h
-- Up-to-date symlink: /workspaces/isaac_ros-dev/src/isaac_ros_nvblox/install/nvblox_ros/include/eigen3/Eigen/src/Core/arch/SYCL/SyclMemoryModel.h
-- Up-to-date symlink: /workspaces/isaac_ros-dev/src/isaac_ros_nvblox/install/nvblox_ros/include/eigen3/Eigen/src/Core/arch/SYCL/TypeCasting.h
-- Up-to-date symlink: /workspaces/isaac_ros-dev/src/isaac_ros_nvblox/install/nvblox_ros/include/eigen3/Eigen/src/Core/arch/ZVector/Complex.h
-- Up-to-date symlink: /workspaces/isaac_ros-dev/src/isaac_ros_nvblox/install/nvblox_ros/include/eigen3/Eigen/src/Core/arch/ZVector/MathFunctions.h
-- Up-to-date symlink: /workspaces/isaac_ros-dev/src/isaac_ros_nvblox/install/nvblox_ros/include/eigen3/Eigen/src/Core/arch/ZVector/PacketMath.h
-- Up-to-date symlink: /workspaces/isaac_ros-dev/src/isaac_ros_nvblox/install/nvblox_ros/include/eigen3/Eigen/src/Core/functors/AssignmentFunctors.h
-- Up-to-date symlink: /workspaces/isaac_ros-dev/src/isaac_ros_nvblox/install/nvblox_ros/include/eigen3/Eigen/src/Core/functors/BinaryFunctors.h
-- Up-to-date symlink: /workspaces/isaac_ros-dev/src/isaac_ros_nvblox/install/nvblox_ros/include/eigen3/Eigen/src/Core/functors/NullaryFunctors.h
-- Up-to-date symlink: /workspaces/isaac_ros-dev/src/isaac_ros_nvblox/install/nvblox_ros/include/eigen3/Eigen/src/Core/functors/StlFunctors.h
-- Up-to-date symlink: /workspaces/isaac_ros-dev/src/isaac_ros_nvblox/install/nvblox_ros/include/eigen3/Eigen/src/Core/functors/TernaryFunctors.h
-- Up-to-date symlink: /workspaces/isaac_ros-dev/src/isaac_ros_nvblox/install/nvblox_ros/include/eigen3/Eigen/src/Core/functors/UnaryFunctors.h
-- Up-to-date symlink: /workspaces/isaac_ros-dev/src/isaac_ros_nvblox/install/nvblox_ros/include/eigen3/Eigen/src/Core/products/GeneralBlockPanelKernel.h
-- Up-to-date symlink: /workspaces/isaac_ros-dev/src/isaac_ros_nvblox/install/nvblox_ros/include/eigen3/Eigen/src/Core/products/GeneralMatrixMatrix.h
-- Up-to-date symlink: /workspaces/isaac_ros-dev/src/isaac_ros_nvblox/install/nvblox_ros/include/eigen3/Eigen/src/Core/products/GeneralMatrixMatrixTriangular.h
-- Up-to-date symlink: /workspaces/isaac_ros-dev/src/isaac_ros_nvblox/install/nvblox_ros/include/eigen3/Eigen/src/Core/products/GeneralMatrixMatrixTriangular_BLAS.h
-- Up-to-date symlink: /workspaces/isaac_ros-dev/src/isaac_ros_nvblox/install/nvblox_ros/include/eigen3/Eigen/src/Core/products/GeneralMatrixMatrix_BLAS.h
-- Up-to-date symlink: /workspaces/isaac_ros-dev/src/isaac_ros_nvblox/install/nvblox_ros/include/eigen3/Eigen/src/Core/products/GeneralMatrixVector.h
-- Up-to-date symlink: /workspaces/isaac_ros-dev/src/isaac_ros_nvblox/install/nvblox_ros/include/eigen3/Eigen/src/Core/products/GeneralMatrixVector_BLAS.h
-- Up-to-date symlink: /workspaces/isaac_ros-dev/src/isaac_ros_nvblox/install/nvblox_ros/include/eigen3/Eigen/src/Core/products/Parallelizer.h
-- Up-to-date symlink: /workspaces/isaac_ros-dev/src/isaac_ros_nvblox/install/nvblox_ros/include/eigen3/Eigen/src/Core/products/SelfadjointMatrixMatrix.h
-- Up-to-date symlink: /workspaces/isaac_ros-dev/src/isaac_ros_nvblox/install/nvblox_ros/include/eigen3/Eigen/src/Core/products/SelfadjointMatrixMatrix_BLAS.h
-- Up-to-date symlink: /workspaces/isaac_ros-dev/src/isaac_ros_nvblox/install/nvblox_ros/include/eigen3/Eigen/src/Core/products/SelfadjointMatrixVector.h
-- Up-to-date symlink: /workspaces/isaac_ros-dev/src/isaac_ros_nvblox/install/nvblox_ros/include/eigen3/Eigen/src/Core/products/SelfadjointMatrixVector_BLAS.h
-- Up-to-date symlink: /workspaces/isaac_ros-dev/src/isaac_ros_nvblox/install/nvblox_ros/include/eigen3/Eigen/src/Core/products/SelfadjointProduct.h
-- Up-to-date symlink: /workspaces/isaac_ros-dev/src/isaac_ros_nvblox/install/nvblox_ros/include/eigen3/Eigen/src/Core/products/SelfadjointRank2Update.h
-- Up-to-date symlink: /workspaces/isaac_ros-dev/src/isaac_ros_nvblox/install/nvblox_ros/include/eigen3/Eigen/src/Core/products/TriangularMatrixMatrix.h
-- Up-to-date symlink: /workspaces/isaac_ros-dev/src/isaac_ros_nvblox/install/nvblox_ros/include/eigen3/Eigen/src/Core/products/TriangularMatrixMatrix_BLAS.h
-- Up-to-date symlink: /workspaces/isaac_ros-dev/src/isaac_ros_nvblox/install/nvblox_ros/include/eigen3/Eigen/src/Core/products/TriangularMatrixVector.h
-- Up-to-date symlink: /workspaces/isaac_ros-dev/src/isaac_ros_nvblox/install/nvblox_ros/include/eigen3/Eigen/src/Core/products/TriangularMatrixVector_BLAS.h
-- Up-to-date symlink: /workspaces/isaac_ros-dev/src/isaac_ros_nvblox/install/nvblox_ros/include/eigen3/Eigen/src/Core/products/TriangularSolverMatrix.h
-- Up-to-date symlink: /workspaces/isaac_ros-dev/src/isaac_ros_nvblox/install/nvblox_ros/include/eigen3/Eigen/src/Core/products/TriangularSolverMatrix_BLAS.h
-- Up-to-date symlink: /workspaces/isaac_ros-dev/src/isaac_ros_nvblox/install/nvblox_ros/include/eigen3/Eigen/src/Core/products/TriangularSolverVector.h
-- Up-to-date symlink: /workspaces/isaac_ros-dev/src/isaac_ros_nvblox/install/nvblox_ros/include/eigen3/Eigen/src/Core/util/BlasUtil.h
-- Up-to-date symlink: /workspaces/isaac_ros-dev/src/isaac_ros_nvblox/install/nvblox_ros/include/eigen3/Eigen/src/Core/util/ConfigureVectorization.h
-- Up-to-date symlink: /workspaces/isaac_ros-dev/src/isaac_ros_nvblox/install/nvblox_ros/include/eigen3/Eigen/src/Core/util/Constants.h
-- Up-to-date symlink: /workspaces/isaac_ros-dev/src/isaac_ros_nvblox/install/nvblox_ros/include/eigen3/Eigen/src/Core/util/DisableStupidWarnings.h
-- Up-to-date symlink: /workspaces/isaac_ros-dev/src/isaac_ros_nvblox/install/nvblox_ros/include/eigen3/Eigen/src/Core/util/ForwardDeclarations.h
-- Up-to-date symlink: /workspaces/isaac_ros-dev/src/isaac_ros_nvblox/install/nvblox_ros/include/eigen3/Eigen/src/Core/util/IndexedViewHelper.h
-- Up-to-date symlink: /workspaces/isaac_ros-dev/src/isaac_ros_nvblox/install/nvblox_ros/include/eigen3/Eigen/src/Core/util/IntegralConstant.h
-- Up-to-date symlink: /workspaces/isaac_ros-dev/src/isaac_ros_nvblox/install/nvblox_ros/include/eigen3/Eigen/src/Core/util/MKL_support.h
-- Up-to-date symlink: /workspaces/isaac_ros-dev/src/isaac_ros_nvblox/install/nvblox_ros/include/eigen3/Eigen/src/Core/util/Macros.h
-- Up-to-date symlink: /workspaces/isaac_ros-dev/src/isaac_ros_nvblox/install/nvblox_ros/include/eigen3/Eigen/src/Core/util/Memory.h
-- Up-to-date symlink: /workspaces/isaac_ros-dev/src/isaac_ros_nvblox/install/nvblox_ros/include/eigen3/Eigen/src/Core/util/Meta.h
-- Up-to-date symlink: /workspaces/isaac_ros-dev/src/isaac_ros_nvblox/install/nvblox_ros/include/eigen3/Eigen/src/Core/util/NonMPL2.h
-- Up-to-date symlink: /workspaces/isaac_ros-dev/src/isaac_ros_nvblox/install/nvblox_ros/include/eigen3/Eigen/src/Core/util/ReenableStupidWarnings.h
-- Up-to-date symlink: /workspaces/isaac_ros-dev/src/isaac_ros_nvblox/install/nvblox_ros/include/eigen3/Eigen/src/Core/util/ReshapedHelper.h
-- Up-to-date symlink: /workspaces/isaac_ros-dev/src/isaac_ros_nvblox/install/nvblox_ros/include/eigen3/Eigen/src/Core/util/StaticAssert.h
-- Up-to-date symlink: /workspaces/isaac_ros-dev/src/isaac_ros_nvblox/install/nvblox_ros/include/eigen3/Eigen/src/Core/util/SymbolicIndex.h
-- Up-to-date symlink: /workspaces/isaac_ros-dev/src/isaac_ros_nvblox/install/nvblox_ros/include/eigen3/Eigen/src/Core/util/XprHelper.h
-- Up-to-date symlink: /workspaces/isaac_ros-dev/src/isaac_ros_nvblox/install/nvblox_ros/include/eigen3/Eigen/src/Eigenvalues/ComplexEigenSolver.h
-- Up-to-date symlink: /workspaces/isaac_ros-dev/src/isaac_ros_nvblox/install/nvblox_ros/include/eigen3/Eigen/src/Eigenvalues/ComplexSchur.h
-- Up-to-date symlink: /workspaces/isaac_ros-dev/src/isaac_ros_nvblox/install/nvblox_ros/include/eigen3/Eigen/src/Eigenvalues/ComplexSchur_LAPACKE.h
-- Up-to-date symlink: /workspaces/isaac_ros-dev/src/isaac_ros_nvblox/install/nvblox_ros/include/eigen3/Eigen/src/Eigenvalues/EigenSolver.h
-- Up-to-date symlink: /workspaces/isaac_ros-dev/src/isaac_ros_nvblox/install/nvblox_ros/include/eigen3/Eigen/src/Eigenvalues/GeneralizedEigenSolver.h
-- Up-to-date symlink: /workspaces/isaac_ros-dev/src/isaac_ros_nvblox/install/nvblox_ros/include/eigen3/Eigen/src/Eigenvalues/GeneralizedSelfAdjointEigenSolver.h
-- Up-to-date symlink: /workspaces/isaac_ros-dev/src/isaac_ros_nvblox/install/nvblox_ros/include/eigen3/Eigen/src/Eigenvalues/HessenbergDecomposition.h
-- Up-to-date symlink: /workspaces/isaac_ros-dev/src/isaac_ros_nvblox/install/nvblox_ros/include/eigen3/Eigen/src/Eigenvalues/MatrixBaseEigenvalues.h
-- Up-to-date symlink: /workspaces/isaac_ros-dev/src/isaac_ros_nvblox/install/nvblox_ros/include/eigen3/Eigen/src/Eigenvalues/RealQZ.h
-- Up-to-date symlink: /workspaces/isaac_ros-dev/src/isaac_ros_nvblox/install/nvblox_ros/include/eigen3/Eigen/src/Eigenvalues/RealSchur.h
-- Up-to-date symlink: /workspaces/isaac_ros-dev/src/isaac_ros_nvblox/install/nvblox_ros/include/eigen3/Eigen/src/Eigenvalues/RealSchur_LAPACKE.h
-- Up-to-date symlink: /workspaces/isaac_ros-dev/src/isaac_ros_nvblox/install/nvblox_ros/include/eigen3/Eigen/src/Eigenvalues/SelfAdjointEigenSolver.h
-- Up-to-date symlink: /workspaces/isaac_ros-dev/src/isaac_ros_nvblox/install/nvblox_ros/include/eigen3/Eigen/src/Eigenvalues/SelfAdjointEigenSolver_LAPACKE.h
-- Up-to-date symlink: /workspaces/isaac_ros-dev/src/isaac_ros_nvblox/install/nvblox_ros/include/eigen3/Eigen/src/Eigenvalues/Tridiagonalization.h
-- Up-to-date symlink: /workspaces/isaac_ros-dev/src/isaac_ros_nvblox/install/nvblox_ros/include/eigen3/Eigen/src/Geometry/AlignedBox.h
-- Up-to-date symlink: /workspaces/isaac_ros-dev/src/isaac_ros_nvblox/install/nvblox_ros/include/eigen3/Eigen/src/Geometry/AngleAxis.h
-- Up-to-date symlink: /workspaces/isaac_ros-dev/src/isaac_ros_nvblox/install/nvblox_ros/include/eigen3/Eigen/src/Geometry/EulerAngles.h
-- Up-to-date symlink: /workspaces/isaac_ros-dev/src/isaac_ros_nvblox/install/nvblox_ros/include/eigen3/Eigen/src/Geometry/Homogeneous.h
-- Up-to-date symlink: /workspaces/isaac_ros-dev/src/isaac_ros_nvblox/install/nvblox_ros/include/eigen3/Eigen/src/Geometry/Hyperplane.h
-- Up-to-date symlink: /workspaces/isaac_ros-dev/src/isaac_ros_nvblox/install/nvblox_ros/include/eigen3/Eigen/src/Geometry/OrthoMethods.h
-- Up-to-date symlink: /workspaces/isaac_ros-dev/src/isaac_ros_nvblox/install/nvblox_ros/include/eigen3/Eigen/src/Geometry/ParametrizedLine.h
-- Up-to-date symlink: /workspaces/isaac_ros-dev/src/isaac_ros_nvblox/install/nvblox_ros/include/eigen3/Eigen/src/Geometry/Quaternion.h
-- Up-to-date symlink: /workspaces/isaac_ros-dev/src/isaac_ros_nvblox/install/nvblox_ros/include/eigen3/Eigen/src/Geometry/Rotation2D.h
-- Up-to-date symlink: /workspaces/isaac_ros-dev/src/isaac_ros_nvblox/install/nvblox_ros/include/eigen3/Eigen/src/Geometry/RotationBase.h
-- Up-to-date symlink: /workspaces/isaac_ros-dev/src/isaac_ros_nvblox/install/nvblox_ros/include/eigen3/Eigen/src/Geometry/Scaling.h
-- Up-to-date symlink: /workspaces/isaac_ros-dev/src/isaac_ros_nvblox/install/nvblox_ros/include/eigen3/Eigen/src/Geometry/Transform.h
-- Up-to-date symlink: /workspaces/isaac_ros-dev/src/isaac_ros_nvblox/install/nvblox_ros/include/eigen3/Eigen/src/Geometry/Translation.h
-- Up-to-date symlink: /workspaces/isaac_ros-dev/src/isaac_ros_nvblox/install/nvblox_ros/include/eigen3/Eigen/src/Geometry/Umeyama.h
-- Up-to-date symlink: /workspaces/isaac_ros-dev/src/isaac_ros_nvblox/install/nvblox_ros/include/eigen3/Eigen/src/Geometry/arch/Geometry_SIMD.h
-- Up-to-date symlink: /workspaces/isaac_ros-dev/src/isaac_ros_nvblox/install/nvblox_ros/include/eigen3/Eigen/src/Householder/BlockHouseholder.h
-- Up-to-date symlink: /workspaces/isaac_ros-dev/src/isaac_ros_nvblox/install/nvblox_ros/include/eigen3/Eigen/src/Householder/Householder.h
-- Up-to-date symlink: /workspaces/isaac_ros-dev/src/isaac_ros_nvblox/install/nvblox_ros/include/eigen3/Eigen/src/Householder/HouseholderSequence.h
-- Up-to-date symlink: /workspaces/isaac_ros-dev/src/isaac_ros_nvblox/install/nvblox_ros/include/eigen3/Eigen/src/IterativeLinearSolvers/BasicPreconditioners.h
-- Up-to-date symlink: /workspaces/isaac_ros-dev/src/isaac_ros_nvblox/install/nvblox_ros/include/eigen3/Eigen/src/IterativeLinearSolvers/BiCGSTAB.h
-- Up-to-date symlink: /workspaces/isaac_ros-dev/src/isaac_ros_nvblox/install/nvblox_ros/include/eigen3/Eigen/src/IterativeLinearSolvers/ConjugateGradient.h
-- Up-to-date symlink: /workspaces/isaac_ros-dev/src/isaac_ros_nvblox/install/nvblox_ros/include/eigen3/Eigen/src/IterativeLinearSolvers/IncompleteCholesky.h
-- Up-to-date symlink: /workspaces/isaac_ros-dev/src/isaac_ros_nvblox/install/nvblox_ros/include/eigen3/Eigen/src/IterativeLinearSolvers/IncompleteLUT.h
-- Up-to-date symlink: /workspaces/isaac_ros-dev/src/isaac_ros_nvblox/install/nvblox_ros/include/eigen3/Eigen/src/IterativeLinearSolvers/IterativeSolverBase.h
-- Up-to-date symlink: /workspaces/isaac_ros-dev/src/isaac_ros_nvblox/install/nvblox_ros/include/eigen3/Eigen/src/IterativeLinearSolvers/LeastSquareConjugateGradient.h
-- Up-to-date symlink: /workspaces/isaac_ros-dev/src/isaac_ros_nvblox/install/nvblox_ros/include/eigen3/Eigen/src/IterativeLinearSolvers/SolveWithGuess.h
-- Up-to-date symlink: /workspaces/isaac_ros-dev/src/isaac_ros_nvblox/install/nvblox_ros/include/eigen3/Eigen/src/Jacobi/Jacobi.h
-- Up-to-date symlink: /workspaces/isaac_ros-dev/src/isaac_ros_nvblox/install/nvblox_ros/include/eigen3/Eigen/src/KLUSupport/KLUSupport.h
-- Up-to-date symlink: /workspaces/isaac_ros-dev/src/isaac_ros_nvblox/install/nvblox_ros/include/eigen3/Eigen/src/LU/Determinant.h
-- Up-to-date symlink: /workspaces/isaac_ros-dev/src/isaac_ros_nvblox/install/nvblox_ros/include/eigen3/Eigen/src/LU/FullPivLU.h
-- Up-to-date symlink: /workspaces/isaac_ros-dev/src/isaac_ros_nvblox/install/nvblox_ros/include/eigen3/Eigen/src/LU/InverseImpl.h
-- Up-to-date symlink: /workspaces/isaac_ros-dev/src/isaac_ros_nvblox/install/nvblox_ros/include/eigen3/Eigen/src/LU/PartialPivLU.h
-- Up-to-date symlink: /workspaces/isaac_ros-dev/src/isaac_ros_nvblox/install/nvblox_ros/include/eigen3/Eigen/src/LU/PartialPivLU_LAPACKE.h
-- Up-to-date symlink: /workspaces/isaac_ros-dev/src/isaac_ros_nvblox/install/nvblox_ros/include/eigen3/Eigen/src/LU/arch/InverseSize4.h
-- Up-to-date symlink: /workspaces/isaac_ros-dev/src/isaac_ros_nvblox/install/nvblox_ros/include/eigen3/Eigen/src/MetisSupport/MetisSupport.h
-- Up-to-date symlink: /workspaces/isaac_ros-dev/src/isaac_ros_nvblox/install/nvblox_ros/include/eigen3/Eigen/src/OrderingMethods/Amd.h
-- Up-to-date symlink: /workspaces/isaac_ros-dev/src/isaac_ros_nvblox/install/nvblox_ros/include/eigen3/Eigen/src/OrderingMethods/Eigen_Colamd.h
-- Up-to-date symlink: /workspaces/isaac_ros-dev/src/isaac_ros_nvblox/install/nvblox_ros/include/eigen3/Eigen/src/OrderingMethods/Ordering.h
-- Up-to-date symlink: /workspaces/isaac_ros-dev/src/isaac_ros_nvblox/install/nvblox_ros/include/eigen3/Eigen/src/PaStiXSupport/PaStiXSupport.h
-- Up-to-date symlink: /workspaces/isaac_ros-dev/src/isaac_ros_nvblox/install/nvblox_ros/include/eigen3/Eigen/src/PardisoSupport/PardisoSupport.h
-- Up-to-date symlink: /workspaces/isaac_ros-dev/src/isaac_ros_nvblox/install/nvblox_ros/include/eigen3/Eigen/src/QR/ColPivHouseholderQR.h
-- Up-to-date symlink: /workspaces/isaac_ros-dev/src/isaac_ros_nvblox/install/nvblox_ros/include/eigen3/Eigen/src/QR/ColPivHouseholderQR_LAPACKE.h
-- Up-to-date symlink: /workspaces/isaac_ros-dev/src/isaac_ros_nvblox/install/nvblox_ros/include/eigen3/Eigen/src/QR/CompleteOrthogonalDecomposition.h
-- Up-to-date symlink: /workspaces/isaac_ros-dev/src/isaac_ros_nvblox/install/nvblox_ros/include/eigen3/Eigen/src/QR/FullPivHouseholderQR.h
-- Up-to-date symlink: /workspaces/isaac_ros-dev/src/isaac_ros_nvblox/install/nvblox_ros/include/eigen3/Eigen/src/QR/HouseholderQR.h
-- Up-to-date symlink: /workspaces/isaac_ros-dev/src/isaac_ros_nvblox/install/nvblox_ros/include/eigen3/Eigen/src/QR/HouseholderQR_LAPACKE.h
-- Up-to-date symlink: /workspaces/isaac_ros-dev/src/isaac_ros_nvblox/install/nvblox_ros/include/eigen3/Eigen/src/SPQRSupport/SuiteSparseQRSupport.h
-- Up-to-date symlink: /workspaces/isaac_ros-dev/src/isaac_ros_nvblox/install/nvblox_ros/include/eigen3/Eigen/src/SVD/BDCSVD.h
-- Up-to-date symlink: /workspaces/isaac_ros-dev/src/isaac_ros_nvblox/install/nvblox_ros/include/eigen3/Eigen/src/SVD/JacobiSVD.h
-- Up-to-date symlink: /workspaces/isaac_ros-dev/src/isaac_ros_nvblox/install/nvblox_ros/include/eigen3/Eigen/src/SVD/JacobiSVD_LAPACKE.h
-- Up-to-date symlink: /workspaces/isaac_ros-dev/src/isaac_ros_nvblox/install/nvblox_ros/include/eigen3/Eigen/src/SVD/SVDBase.h
-- Up-to-date symlink: /workspaces/isaac_ros-dev/src/isaac_ros_nvblox/install/nvblox_ros/include/eigen3/Eigen/src/SVD/UpperBidiagonalization.h
-- Up-to-date symlink: /workspaces/isaac_ros-dev/src/isaac_ros_nvblox/install/nvblox_ros/include/eigen3/Eigen/src/SparseCholesky/SimplicialCholesky.h
-- Up-to-date symlink: /workspaces/isaac_ros-dev/src/isaac_ros_nvblox/install/nvblox_ros/include/eigen3/Eigen/src/SparseCholesky/SimplicialCholesky_impl.h
-- Up-to-date symlink: /workspaces/isaac_ros-dev/src/isaac_ros_nvblox/install/nvblox_ros/include/eigen3/Eigen/src/SparseCore/AmbiVector.h
-- Up-to-date symlink: /workspaces/isaac_ros-dev/src/isaac_ros_nvblox/install/nvblox_ros/include/eigen3/Eigen/src/SparseCore/CompressedStorage.h
-- Up-to-date symlink: /workspaces/isaac_ros-dev/src/isaac_ros_nvblox/install/nvblox_ros/include/eigen3/Eigen/src/SparseCore/ConservativeSparseSparseProduct.h
-- Up-to-date symlink: /workspaces/isaac_ros-dev/src/isaac_ros_nvblox/install/nvblox_ros/include/eigen3/Eigen/src/SparseCore/MappedSparseMatrix.h
-- Up-to-date symlink: /workspaces/isaac_ros-dev/src/isaac_ros_nvblox/install/nvblox_ros/include/eigen3/Eigen/src/SparseCore/SparseAssign.h
-- Up-to-date symlink: /workspaces/isaac_ros-dev/src/isaac_ros_nvblox/install/nvblox_ros/include/eigen3/Eigen/src/SparseCore/SparseBlock.h
-- Up-to-date symlink: /workspaces/isaac_ros-dev/src/isaac_ros_nvblox/install/nvblox_ros/include/eigen3/Eigen/src/SparseCore/SparseColEtree.h
-- Up-to-date symlink: /workspaces/isaac_ros-dev/src/isaac_ros_nvblox/install/nvblox_ros/include/eigen3/Eigen/src/SparseCore/SparseCompressedBase.h
-- Up-to-date symlink: /workspaces/isaac_ros-dev/src/isaac_ros_nvblox/install/nvblox_ros/include/eigen3/Eigen/src/SparseCore/SparseCwiseBinaryOp.h
-- Up-to-date symlink: /workspaces/isaac_ros-dev/src/isaac_ros_nvblox/install/nvblox_ros/include/eigen3/Eigen/src/SparseCore/SparseCwiseUnaryOp.h
-- Up-to-date symlink: /workspaces/isaac_ros-dev/src/isaac_ros_nvblox/install/nvblox_ros/include/eigen3/Eigen/src/SparseCore/SparseDenseProduct.h
-- Up-to-date symlink: /workspaces/isaac_ros-dev/src/isaac_ros_nvblox/install/nvblox_ros/include/eigen3/Eigen/src/SparseCore/SparseDiagonalProduct.h
-- Up-to-date symlink: /workspaces/isaac_ros-dev/src/isaac_ros_nvblox/install/nvblox_ros/include/eigen3/Eigen/src/SparseCore/SparseDot.h
-- Up-to-date symlink: /workspaces/isaac_ros-dev/src/isaac_ros_nvblox/install/nvblox_ros/include/eigen3/Eigen/src/SparseCore/SparseFuzzy.h
-- Up-to-date symlink: /workspaces/isaac_ros-dev/src/isaac_ros_nvblox/install/nvblox_ros/include/eigen3/Eigen/src/SparseCore/SparseMap.h
-- Up-to-date symlink: /workspaces/isaac_ros-dev/src/isaac_ros_nvblox/install/nvblox_ros/include/eigen3/Eigen/src/SparseCore/SparseMatrix.h
-- Up-to-date symlink: /workspaces/isaac_ros-dev/src/isaac_ros_nvblox/install/nvblox_ros/include/eigen3/Eigen/src/SparseCore/SparseMatrixBase.h
-- Up-to-date symlink: /workspaces/isaac_ros-dev/src/isaac_ros_nvblox/install/nvblox_ros/include/eigen3/Eigen/src/SparseCore/SparsePermutation.h
-- Up-to-date symlink: /workspaces/isaac_ros-dev/src/isaac_ros_nvblox/install/nvblox_ros/include/eigen3/Eigen/src/SparseCore/SparseProduct.h
-- Up-to-date symlink: /workspaces/isaac_ros-dev/src/isaac_ros_nvblox/install/nvblox_ros/include/eigen3/Eigen/src/SparseCore/SparseRedux.h
-- Up-to-date symlink: /workspaces/isaac_ros-dev/src/isaac_ros_nvblox/install/nvblox_ros/include/eigen3/Eigen/src/SparseCore/SparseRef.h
-- Up-to-date symlink: /workspaces/isaac_ros-dev/src/isaac_ros_nvblox/install/nvblox_ros/include/eigen3/Eigen/src/SparseCore/SparseSelfAdjointView.h
-- Up-to-date symlink: /workspaces/isaac_ros-dev/src/isaac_ros_nvblox/install/nvblox_ros/include/eigen3/Eigen/src/SparseCore/SparseSolverBase.h
-- Up-to-date symlink: /workspaces/isaac_ros-dev/src/isaac_ros_nvblox/install/nvblox_ros/include/eigen3/Eigen/src/SparseCore/SparseSparseProductWithPruning.h
-- Up-to-date symlink: /workspaces/isaac_ros-dev/src/isaac_ros_nvblox/install/nvblox_ros/include/eigen3/Eigen/src/SparseCore/SparseTranspose.h
-- Up-to-date symlink: /workspaces/isaac_ros-dev/src/isaac_ros_nvblox/install/nvblox_ros/include/eigen3/Eigen/src/SparseCore/SparseTriangularView.h
-- Up-to-date symlink: /workspaces/isaac_ros-dev/src/isaac_ros_nvblox/install/nvblox_ros/include/eigen3/Eigen/src/SparseCore/SparseUtil.h
-- Up-to-date symlink: /workspaces/isaac_ros-dev/src/isaac_ros_nvblox/install/nvblox_ros/include/eigen3/Eigen/src/SparseCore/SparseVector.h
-- Up-to-date symlink: /workspaces/isaac_ros-dev/src/isaac_ros_nvblox/install/nvblox_ros/include/eigen3/Eigen/src/SparseCore/SparseView.h
-- Up-to-date symlink: /workspaces/isaac_ros-dev/src/isaac_ros_nvblox/install/nvblox_ros/include/eigen3/Eigen/src/SparseCore/TriangularSolver.h
-- Up-to-date symlink: /workspaces/isaac_ros-dev/src/isaac_ros_nvblox/install/nvblox_ros/include/eigen3/Eigen/src/SparseLU/SparseLU.h
-- Up-to-date symlink: /workspaces/isaac_ros-dev/src/isaac_ros_nvblox/install/nvblox_ros/include/eigen3/Eigen/src/SparseLU/SparseLUImpl.h
-- Up-to-date symlink: /workspaces/isaac_ros-dev/src/isaac_ros_nvblox/install/nvblox_ros/include/eigen3/Eigen/src/SparseLU/SparseLU_Memory.h
-- Up-to-date symlink: /workspaces/isaac_ros-dev/src/isaac_ros_nvblox/install/nvblox_ros/include/eigen3/Eigen/src/SparseLU/SparseLU_Structs.h
-- Up-to-date symlink: /workspaces/isaac_ros-dev/src/isaac_ros_nvblox/install/nvblox_ros/include/eigen3/Eigen/src/SparseLU/SparseLU_SupernodalMatrix.h
-- Up-to-date symlink: /workspaces/isaac_ros-dev/src/isaac_ros_nvblox/install/nvblox_ros/include/eigen3/Eigen/src/SparseLU/SparseLU_Utils.h
-- Up-to-date symlink: /workspaces/isaac_ros-dev/src/isaac_ros_nvblox/install/nvblox_ros/include/eigen3/Eigen/src/SparseLU/SparseLU_column_bmod.h
-- Up-to-date symlink: /workspaces/isaac_ros-dev/src/isaac_ros_nvblox/install/nvblox_ros/include/eigen3/Eigen/src/SparseLU/SparseLU_column_dfs.h
-- Up-to-date symlink: /workspaces/isaac_ros-dev/src/isaac_ros_nvblox/install/nvblox_ros/include/eigen3/Eigen/src/SparseLU/SparseLU_copy_to_ucol.h
-- Up-to-date symlink: /workspaces/isaac_ros-dev/src/isaac_ros_nvblox/install/nvblox_ros/include/eigen3/Eigen/src/SparseLU/SparseLU_gemm_kernel.h
-- Up-to-date symlink: /workspaces/isaac_ros-dev/src/isaac_ros_nvblox/install/nvblox_ros/include/eigen3/Eigen/src/SparseLU/SparseLU_heap_relax_snode.h
-- Up-to-date symlink: /workspaces/isaac_ros-dev/src/isaac_ros_nvblox/install/nvblox_ros/include/eigen3/Eigen/src/SparseLU/SparseLU_kernel_bmod.h
-- Up-to-date symlink: /workspaces/isaac_ros-dev/src/isaac_ros_nvblox/install/nvblox_ros/include/eigen3/Eigen/src/SparseLU/SparseLU_panel_bmod.h
-- Up-to-date symlink: /workspaces/isaac_ros-dev/src/isaac_ros_nvblox/install/nvblox_ros/include/eigen3/Eigen/src/SparseLU/SparseLU_panel_dfs.h
-- Up-to-date symlink: /workspaces/isaac_ros-dev/src/isaac_ros_nvblox/install/nvblox_ros/include/eigen3/Eigen/src/SparseLU/SparseLU_pivotL.h
-- Up-to-date symlink: /workspaces/isaac_ros-dev/src/isaac_ros_nvblox/install/nvblox_ros/include/eigen3/Eigen/src/SparseLU/SparseLU_pruneL.h
-- Up-to-date symlink: /workspaces/isaac_ros-dev/src/isaac_ros_nvblox/install/nvblox_ros/include/eigen3/Eigen/src/SparseLU/SparseLU_relax_snode.h
-- Up-to-date symlink: /workspaces/isaac_ros-dev/src/isaac_ros_nvblox/install/nvblox_ros/include/eigen3/Eigen/src/SparseQR/SparseQR.h
-- Up-to-date symlink: /workspaces/isaac_ros-dev/src/isaac_ros_nvblox/install/nvblox_ros/include/eigen3/Eigen/src/StlSupport/StdDeque.h
-- Up-to-date symlink: /workspaces/isaac_ros-dev/src/isaac_ros_nvblox/install/nvblox_ros/include/eigen3/Eigen/src/StlSupport/StdList.h
-- Up-to-date symlink: /workspaces/isaac_ros-dev/src/isaac_ros_nvblox/install/nvblox_ros/include/eigen3/Eigen/src/StlSupport/StdVector.h
-- Up-to-date symlink: /workspaces/isaac_ros-dev/src/isaac_ros_nvblox/install/nvblox_ros/include/eigen3/Eigen/src/StlSupport/details.h
-- Up-to-date symlink: /workspaces/isaac_ros-dev/src/isaac_ros_nvblox/install/nvblox_ros/include/eigen3/Eigen/src/SuperLUSupport/SuperLUSupport.h
-- Up-to-date symlink: /workspaces/isaac_ros-dev/src/isaac_ros_nvblox/install/nvblox_ros/include/eigen3/Eigen/src/UmfPackSupport/UmfPackSupport.h
-- Up-to-date symlink: /workspaces/isaac_ros-dev/src/isaac_ros_nvblox/install/nvblox_ros/include/eigen3/Eigen/src/misc/Image.h
-- Up-to-date symlink: /workspaces/isaac_ros-dev/src/isaac_ros_nvblox/install/nvblox_ros/include/eigen3/Eigen/src/misc/Kernel.h
-- Up-to-date symlink: /workspaces/isaac_ros-dev/src/isaac_ros_nvblox/install/nvblox_ros/include/eigen3/Eigen/src/misc/RealSvd2x2.h
-- Up-to-date symlink: /workspaces/isaac_ros-dev/src/isaac_ros_nvblox/install/nvblox_ros/include/eigen3/Eigen/src/misc/blas.h
-- Up-to-date symlink: /workspaces/isaac_ros-dev/src/isaac_ros_nvblox/install/nvblox_ros/include/eigen3/Eigen/src/misc/lapack.h
-- Up-to-date symlink: /workspaces/isaac_ros-dev/src/isaac_ros_nvblox/install/nvblox_ros/include/eigen3/Eigen/src/misc/lapacke.h
-- Up-to-date symlink: /workspaces/isaac_ros-dev/src/isaac_ros_nvblox/install/nvblox_ros/include/eigen3/Eigen/src/misc/lapacke_mangling.h
-- Up-to-date symlink: /workspaces/isaac_ros-dev/src/isaac_ros_nvblox/install/nvblox_ros/include/eigen3/Eigen/src/plugins/ArrayCwiseBinaryOps.h
-- Up-to-date symlink: /workspaces/isaac_ros-dev/src/isaac_ros_nvblox/install/nvblox_ros/include/eigen3/Eigen/src/plugins/ArrayCwiseUnaryOps.h
-- Up-to-date symlink: /workspaces/isaac_ros-dev/src/isaac_ros_nvblox/install/nvblox_ros/include/eigen3/Eigen/src/plugins/BlockMethods.h
-- Up-to-date symlink: /workspaces/isaac_ros-dev/src/isaac_ros_nvblox/install/nvblox_ros/include/eigen3/Eigen/src/plugins/CommonCwiseBinaryOps.h
-- Up-to-date symlink: /workspaces/isaac_ros-dev/src/isaac_ros_nvblox/install/nvblox_ros/include/eigen3/Eigen/src/plugins/CommonCwiseUnaryOps.h
-- Up-to-date symlink: /workspaces/isaac_ros-dev/src/isaac_ros_nvblox/install/nvblox_ros/include/eigen3/Eigen/src/plugins/IndexedViewMethods.h
-- Up-to-date symlink: /workspaces/isaac_ros-dev/src/isaac_ros_nvblox/install/nvblox_ros/include/eigen3/Eigen/src/plugins/MatrixCwiseBinaryOps.h
-- Up-to-date symlink: /workspaces/isaac_ros-dev/src/isaac_ros_nvblox/install/nvblox_ros/include/eigen3/Eigen/src/plugins/MatrixCwiseUnaryOps.h
-- Up-to-date symlink: /workspaces/isaac_ros-dev/src/isaac_ros_nvblox/install/nvblox_ros/include/eigen3/Eigen/src/plugins/ReshapedMethods.h
-- Up-to-date symlink: /workspaces/isaac_ros-dev/src/isaac_ros_nvblox/install/nvblox_ros/include/eigen3/signature_of_eigen3_matrix_library
-- Up-to-date symlink: /workspaces/isaac_ros-dev/src/isaac_ros_nvblox/install/nvblox_ros/include/eigen3/unsupported/Eigen/AdolcForward
-- Up-to-date symlink: /workspaces/isaac_ros-dev/src/isaac_ros_nvblox/install/nvblox_ros/include/eigen3/unsupported/Eigen/AlignedVector3
-- Up-to-date symlink: /workspaces/isaac_ros-dev/src/isaac_ros_nvblox/install/nvblox_ros/include/eigen3/unsupported/Eigen/ArpackSupport
-- Up-to-date symlink: /workspaces/isaac_ros-dev/src/isaac_ros_nvblox/install/nvblox_ros/include/eigen3/unsupported/Eigen/AutoDiff
-- Up-to-date symlink: /workspaces/isaac_ros-dev/src/isaac_ros_nvblox/install/nvblox_ros/include/eigen3/unsupported/Eigen/BVH
-- Up-to-date symlink: /workspaces/isaac_ros-dev/src/isaac_ros_nvblox/install/nvblox_ros/include/eigen3/unsupported/Eigen/CXX11/Tensor
-- Up-to-date symlink: /workspaces/isaac_ros-dev/src/isaac_ros_nvblox/install/nvblox_ros/include/eigen3/unsupported/Eigen/CXX11/TensorSymmetry
-- Up-to-date symlink: /workspaces/isaac_ros-dev/src/isaac_ros_nvblox/install/nvblox_ros/include/eigen3/unsupported/Eigen/CXX11/ThreadPool
-- Up-to-date symlink: /workspaces/isaac_ros-dev/src/isaac_ros_nvblox/install/nvblox_ros/include/eigen3/unsupported/Eigen/CXX11/src/Tensor/Tensor.h
-- Up-to-date symlink: /workspaces/isaac_ros-dev/src/isaac_ros_nvblox/install/nvblox_ros/include/eigen3/unsupported/Eigen/CXX11/src/Tensor/TensorArgMax.h
-- Up-to-date symlink: /workspaces/isaac_ros-dev/src/isaac_ros_nvblox/install/nvblox_ros/include/eigen3/unsupported/Eigen/CXX11/src/Tensor/TensorAssign.h
-- Up-to-date symlink: /workspaces/isaac_ros-dev/src/isaac_ros_nvblox/install/nvblox_ros/include/eigen3/unsupported/Eigen/CXX11/src/Tensor/TensorBase.h
-- Up-to-date symlink: /workspaces/isaac_ros-dev/src/isaac_ros_nvblox/install/nvblox_ros/include/eigen3/unsupported/Eigen/CXX11/src/Tensor/TensorBlock.h
-- Up-to-date symlink: /workspaces/isaac_ros-dev/src/isaac_ros_nvblox/install/nvblox_ros/include/eigen3/unsupported/Eigen/CXX11/src/Tensor/TensorBroadcasting.h
-- Up-to-date symlink: /workspaces/isaac_ros-dev/src/isaac_ros_nvblox/install/nvblox_ros/include/eigen3/unsupported/Eigen/CXX11/src/Tensor/TensorChipping.h
-- Up-to-date symlink: /workspaces/isaac_ros-dev/src/isaac_ros_nvblox/install/nvblox_ros/include/eigen3/unsupported/Eigen/CXX11/src/Tensor/TensorConcatenation.h
-- Up-to-date symlink: /workspaces/isaac_ros-dev/src/isaac_ros_nvblox/install/nvblox_ros/include/eigen3/unsupported/Eigen/CXX11/src/Tensor/TensorContraction.h
-- Up-to-date symlink: /workspaces/isaac_ros-dev/src/isaac_ros_nvblox/install/nvblox_ros/include/eigen3/unsupported/Eigen/CXX11/src/Tensor/TensorContractionBlocking.h
-- Up-to-date symlink: /workspaces/isaac_ros-dev/src/isaac_ros_nvblox/install/nvblox_ros/include/eigen3/unsupported/Eigen/CXX11/src/Tensor/TensorContractionCuda.h
-- Up-to-date symlink: /workspaces/isaac_ros-dev/src/isaac_ros_nvblox/install/nvblox_ros/include/eigen3/unsupported/Eigen/CXX11/src/Tensor/TensorContractionGpu.h
-- Up-to-date symlink: /workspaces/isaac_ros-dev/src/isaac_ros_nvblox/install/nvblox_ros/include/eigen3/unsupported/Eigen/CXX11/src/Tensor/TensorContractionMapper.h
-- Up-to-date symlink: /workspaces/isaac_ros-dev/src/isaac_ros_nvblox/install/nvblox_ros/include/eigen3/unsupported/Eigen/CXX11/src/Tensor/TensorContractionSycl.h
-- Up-to-date symlink: /workspaces/isaac_ros-dev/src/isaac_ros_nvblox/install/nvblox_ros/include/eigen3/unsupported/Eigen/CXX11/src/Tensor/TensorContractionThreadPool.h
-- Up-to-date symlink: /workspaces/isaac_ros-dev/src/isaac_ros_nvblox/install/nvblox_ros/include/eigen3/unsupported/Eigen/CXX11/src/Tensor/TensorConversion.h
-- Up-to-date symlink: /workspaces/isaac_ros-dev/src/isaac_ros_nvblox/install/nvblox_ros/include/eigen3/unsupported/Eigen/CXX11/src/Tensor/TensorConvolution.h
-- Up-to-date symlink: /workspaces/isaac_ros-dev/src/isaac_ros_nvblox/install/nvblox_ros/include/eigen3/unsupported/Eigen/CXX11/src/Tensor/TensorConvolutionSycl.h
-- Up-to-date symlink: /workspaces/isaac_ros-dev/src/isaac_ros_nvblox/install/nvblox_ros/include/eigen3/unsupported/Eigen/CXX11/src/Tensor/TensorCostModel.h
-- Up-to-date symlink: /workspaces/isaac_ros-dev/src/isaac_ros_nvblox/install/nvblox_ros/include/eigen3/unsupported/Eigen/CXX11/src/Tensor/TensorCustomOp.h
-- Up-to-date symlink: /workspaces/isaac_ros-dev/src/isaac_ros_nvblox/install/nvblox_ros/include/eigen3/unsupported/Eigen/CXX11/src/Tensor/TensorDevice.h
-- Up-to-date symlink: /workspaces/isaac_ros-dev/src/isaac_ros_nvblox/install/nvblox_ros/include/eigen3/unsupported/Eigen/CXX11/src/Tensor/TensorDeviceCuda.h
-- Up-to-date symlink: /workspaces/isaac_ros-dev/src/isaac_ros_nvblox/install/nvblox_ros/include/eigen3/unsupported/Eigen/CXX11/src/Tensor/TensorDeviceDefault.h
-- Up-to-date symlink: /workspaces/isaac_ros-dev/src/isaac_ros_nvblox/install/nvblox_ros/include/eigen3/unsupported/Eigen/CXX11/src/Tensor/TensorDeviceGpu.h
-- Up-to-date symlink: /workspaces/isaac_ros-dev/src/isaac_ros_nvblox/install/nvblox_ros/include/eigen3/unsupported/Eigen/CXX11/src/Tensor/TensorDeviceSycl.h
-- Up-to-date symlink: /workspaces/isaac_ros-dev/src/isaac_ros_nvblox/install/nvblox_ros/include/eigen3/unsupported/Eigen/CXX11/src/Tensor/TensorDeviceThreadPool.h
-- Up-to-date symlink: /workspaces/isaac_ros-dev/src/isaac_ros_nvblox/install/nvblox_ros/include/eigen3/unsupported/Eigen/CXX11/src/Tensor/TensorDimensionList.h
-- Up-to-date symlink: /workspaces/isaac_ros-dev/src/isaac_ros_nvblox/install/nvblox_ros/include/eigen3/unsupported/Eigen/CXX11/src/Tensor/TensorDimensions.h
-- Up-to-date symlink: /workspaces/isaac_ros-dev/src/isaac_ros_nvblox/install/nvblox_ros/include/eigen3/unsupported/Eigen/CXX11/src/Tensor/TensorEvalTo.h
-- Up-to-date symlink: /workspaces/isaac_ros-dev/src/isaac_ros_nvblox/install/nvblox_ros/include/eigen3/unsupported/Eigen/CXX11/src/Tensor/TensorEvaluator.h
-- Up-to-date symlink: /workspaces/isaac_ros-dev/src/isaac_ros_nvblox/install/nvblox_ros/include/eigen3/unsupported/Eigen/CXX11/src/Tensor/TensorExecutor.h
-- Up-to-date symlink: /workspaces/isaac_ros-dev/src/isaac_ros_nvblox/install/nvblox_ros/include/eigen3/unsupported/Eigen/CXX11/src/Tensor/TensorExpr.h
-- Up-to-date symlink: /workspaces/isaac_ros-dev/src/isaac_ros_nvblox/install/nvblox_ros/include/eigen3/unsupported/Eigen/CXX11/src/Tensor/TensorFFT.h
-- Up-to-date symlink: /workspaces/isaac_ros-dev/src/isaac_ros_nvblox/install/nvblox_ros/include/eigen3/unsupported/Eigen/CXX11/src/Tensor/TensorFixedSize.h
-- Up-to-date symlink: /workspaces/isaac_ros-dev/src/isaac_ros_nvblox/install/nvblox_ros/include/eigen3/unsupported/Eigen/CXX11/src/Tensor/TensorForcedEval.h
-- Up-to-date symlink: /workspaces/isaac_ros-dev/src/isaac_ros_nvblox/install/nvblox_ros/include/eigen3/unsupported/Eigen/CXX11/src/Tensor/TensorForwardDeclarations.h
-- Up-to-date symlink: /workspaces/isaac_ros-dev/src/isaac_ros_nvblox/install/nvblox_ros/include/eigen3/unsupported/Eigen/CXX11/src/Tensor/TensorFunctors.h
-- Up-to-date symlink: /workspaces/isaac_ros-dev/src/isaac_ros_nvblox/install/nvblox_ros/include/eigen3/unsupported/Eigen/CXX11/src/Tensor/TensorGenerator.h
-- Up-to-date symlink: /workspaces/isaac_ros-dev/src/isaac_ros_nvblox/install/nvblox_ros/include/eigen3/unsupported/Eigen/CXX11/src/Tensor/TensorGlobalFunctions.h
-- Up-to-date symlink: /workspaces/isaac_ros-dev/src/isaac_ros_nvblox/install/nvblox_ros/include/eigen3/unsupported/Eigen/CXX11/src/Tensor/TensorGpuHipCudaDefines.h
-- Up-to-date symlink: /workspaces/isaac_ros-dev/src/isaac_ros_nvblox/install/nvblox_ros/include/eigen3/unsupported/Eigen/CXX11/src/Tensor/TensorGpuHipCudaUndefines.h
-- Up-to-date symlink: /workspaces/isaac_ros-dev/src/isaac_ros_nvblox/install/nvblox_ros/include/eigen3/unsupported/Eigen/CXX11/src/Tensor/TensorIO.h
-- Up-to-date symlink: /workspaces/isaac_ros-dev/src/isaac_ros_nvblox/install/nvblox_ros/include/eigen3/unsupported/Eigen/CXX11/src/Tensor/TensorImagePatch.h
-- Up-to-date symlink: /workspaces/isaac_ros-dev/src/isaac_ros_nvblox/install/nvblox_ros/include/eigen3/unsupported/Eigen/CXX11/src/Tensor/TensorIndexList.h
-- Up-to-date symlink: /workspaces/isaac_ros-dev/src/isaac_ros_nvblox/install/nvblox_ros/include/eigen3/unsupported/Eigen/CXX11/src/Tensor/TensorInflation.h
-- Up-to-date symlink: /workspaces/isaac_ros-dev/src/isaac_ros_nvblox/install/nvblox_ros/include/eigen3/unsupported/Eigen/CXX11/src/Tensor/TensorInitializer.h
-- Up-to-date symlink: /workspaces/isaac_ros-dev/src/isaac_ros_nvblox/install/nvblox_ros/include/eigen3/unsupported/Eigen/CXX11/src/Tensor/TensorIntDiv.h
-- Up-to-date symlink: /workspaces/isaac_ros-dev/src/isaac_ros_nvblox/install/nvblox_ros/include/eigen3/unsupported/Eigen/CXX11/src/Tensor/TensorLayoutSwap.h
-- Up-to-date symlink: /workspaces/isaac_ros-dev/src/isaac_ros_nvblox/install/nvblox_ros/include/eigen3/unsupported/Eigen/CXX11/src/Tensor/TensorMacros.h
-- Up-to-date symlink: /workspaces/isaac_ros-dev/src/isaac_ros_nvblox/install/nvblox_ros/include/eigen3/unsupported/Eigen/CXX11/src/Tensor/TensorMap.h
-- Up-to-date symlink: /workspaces/isaac_ros-dev/src/isaac_ros_nvblox/install/nvblox_ros/include/eigen3/unsupported/Eigen/CXX11/src/Tensor/TensorMeta.h
-- Up-to-date symlink: /workspaces/isaac_ros-dev/src/isaac_ros_nvblox/install/nvblox_ros/include/eigen3/unsupported/Eigen/CXX11/src/Tensor/TensorMorphing.h
-- Up-to-date symlink: /workspaces/isaac_ros-dev/src/isaac_ros_nvblox/install/nvblox_ros/include/eigen3/unsupported/Eigen/CXX11/src/Tensor/TensorPadding.h
-- Up-to-date symlink: /workspaces/isaac_ros-dev/src/isaac_ros_nvblox/install/nvblox_ros/include/eigen3/unsupported/Eigen/CXX11/src/Tensor/TensorPatch.h
-- Up-to-date symlink: /workspaces/isaac_ros-dev/src/isaac_ros_nvblox/install/nvblox_ros/include/eigen3/unsupported/Eigen/CXX11/src/Tensor/TensorRandom.h
-- Up-to-date symlink: /workspaces/isaac_ros-dev/src/isaac_ros_nvblox/install/nvblox_ros/include/eigen3/unsupported/Eigen/CXX11/src/Tensor/TensorReduction.h
-- Up-to-date symlink: /workspaces/isaac_ros-dev/src/isaac_ros_nvblox/install/nvblox_ros/include/eigen3/unsupported/Eigen/CXX11/src/Tensor/TensorReductionCuda.h
-- Up-to-date symlink: /workspaces/isaac_ros-dev/src/isaac_ros_nvblox/install/nvblox_ros/include/eigen3/unsupported/Eigen/CXX11/src/Tensor/TensorReductionGpu.h
-- Up-to-date symlink: /workspaces/isaac_ros-dev/src/isaac_ros_nvblox/install/nvblox_ros/include/eigen3/unsupported/Eigen/CXX11/src/Tensor/TensorReductionSycl.h
-- Up-to-date symlink: /workspaces/isaac_ros-dev/src/isaac_ros_nvblox/install/nvblox_ros/include/eigen3/unsupported/Eigen/CXX11/src/Tensor/TensorRef.h
-- Up-to-date symlink: /workspaces/isaac_ros-dev/src/isaac_ros_nvblox/install/nvblox_ros/include/eigen3/unsupported/Eigen/CXX11/src/Tensor/TensorReverse.h
-- Up-to-date symlink: /workspaces/isaac_ros-dev/src/isaac_ros_nvblox/install/nvblox_ros/include/eigen3/unsupported/Eigen/CXX11/src/Tensor/TensorScan.h
-- Up-to-date symlink: /workspaces/isaac_ros-dev/src/isaac_ros_nvblox/install/nvblox_ros/include/eigen3/unsupported/Eigen/CXX11/src/Tensor/TensorScanSycl.h
-- Up-to-date symlink: /workspaces/isaac_ros-dev/src/isaac_ros_nvblox/install/nvblox_ros/include/eigen3/unsupported/Eigen/CXX11/src/Tensor/TensorShuffling.h
-- Up-to-date symlink: /workspaces/isaac_ros-dev/src/isaac_ros_nvblox/install/nvblox_ros/include/eigen3/unsupported/Eigen/CXX11/src/Tensor/TensorStorage.h
-- Up-to-date symlink: /workspaces/isaac_ros-dev/src/isaac_ros_nvblox/install/nvblox_ros/include/eigen3/unsupported/Eigen/CXX11/src/Tensor/TensorStriding.h
-- Up-to-date symlink: /workspaces/isaac_ros-dev/src/isaac_ros_nvblox/install/nvblox_ros/include/eigen3/unsupported/Eigen/CXX11/src/Tensor/TensorTrace.h
-- Up-to-date symlink: /workspaces/isaac_ros-dev/src/isaac_ros_nvblox/install/nvblox_ros/include/eigen3/unsupported/Eigen/CXX11/src/Tensor/TensorTraits.h
-- Up-to-date symlink: /workspaces/isaac_ros-dev/src/isaac_ros_nvblox/install/nvblox_ros/include/eigen3/unsupported/Eigen/CXX11/src/Tensor/TensorUInt128.h
-- Up-to-date symlink: /workspaces/isaac_ros-dev/src/isaac_ros_nvblox/install/nvblox_ros/include/eigen3/unsupported/Eigen/CXX11/src/Tensor/TensorVolumePatch.h
-- Up-to-date symlink: /workspaces/isaac_ros-dev/src/isaac_ros_nvblox/install/nvblox_ros/include/eigen3/unsupported/Eigen/CXX11/src/TensorSymmetry/DynamicSymmetry.h
-- Up-to-date symlink: /workspaces/isaac_ros-dev/src/isaac_ros_nvblox/install/nvblox_ros/include/eigen3/unsupported/Eigen/CXX11/src/TensorSymmetry/StaticSymmetry.h
-- Up-to-date symlink: /workspaces/isaac_ros-dev/src/isaac_ros_nvblox/install/nvblox_ros/include/eigen3/unsupported/Eigen/CXX11/src/TensorSymmetry/Symmetry.h
-- Up-to-date symlink: /workspaces/isaac_ros-dev/src/isaac_ros_nvblox/install/nvblox_ros/include/eigen3/unsupported/Eigen/CXX11/src/TensorSymmetry/util/TemplateGroupTheory.h
-- Up-to-date symlink: /workspaces/isaac_ros-dev/src/isaac_ros_nvblox/install/nvblox_ros/include/eigen3/unsupported/Eigen/CXX11/src/ThreadPool/Barrier.h
-- Up-to-date symlink: /workspaces/isaac_ros-dev/src/isaac_ros_nvblox/install/nvblox_ros/include/eigen3/unsupported/Eigen/CXX11/src/ThreadPool/EventCount.h
-- Up-to-date symlink: /workspaces/isaac_ros-dev/src/isaac_ros_nvblox/install/nvblox_ros/include/eigen3/unsupported/Eigen/CXX11/src/ThreadPool/NonBlockingThreadPool.h
-- Up-to-date symlink: /workspaces/isaac_ros-dev/src/isaac_ros_nvblox/install/nvblox_ros/include/eigen3/unsupported/Eigen/CXX11/src/ThreadPool/RunQueue.h
-- Up-to-date symlink: /workspaces/isaac_ros-dev/src/isaac_ros_nvblox/install/nvblox_ros/include/eigen3/unsupported/Eigen/CXX11/src/ThreadPool/ThreadCancel.h
-- Up-to-date symlink: /workspaces/isaac_ros-dev/src/isaac_ros_nvblox/install/nvblox_ros/include/eigen3/unsupported/Eigen/CXX11/src/ThreadPool/ThreadEnvironment.h
-- Up-to-date symlink: /workspaces/isaac_ros-dev/src/isaac_ros_nvblox/install/nvblox_ros/include/eigen3/unsupported/Eigen/CXX11/src/ThreadPool/ThreadLocal.h
-- Up-to-date symlink: /workspaces/isaac_ros-dev/src/isaac_ros_nvblox/install/nvblox_ros/include/eigen3/unsupported/Eigen/CXX11/src/ThreadPool/ThreadPoolInterface.h
-- Up-to-date symlink: /workspaces/isaac_ros-dev/src/isaac_ros_nvblox/install/nvblox_ros/include/eigen3/unsupported/Eigen/CXX11/src/ThreadPool/ThreadYield.h
-- Up-to-date symlink: /workspaces/isaac_ros-dev/src/isaac_ros_nvblox/install/nvblox_ros/include/eigen3/unsupported/Eigen/CXX11/src/util/CXX11Meta.h
-- Up-to-date symlink: /workspaces/isaac_ros-dev/src/isaac_ros_nvblox/install/nvblox_ros/include/eigen3/unsupported/Eigen/CXX11/src/util/CXX11Workarounds.h
-- Up-to-date symlink: /workspaces/isaac_ros-dev/src/isaac_ros_nvblox/install/nvblox_ros/include/eigen3/unsupported/Eigen/CXX11/src/util/EmulateArray.h
-- Up-to-date symlink: /workspaces/isaac_ros-dev/src/isaac_ros_nvblox/install/nvblox_ros/include/eigen3/unsupported/Eigen/CXX11/src/util/MaxSizeVector.h
-- Up-to-date symlink: /workspaces/isaac_ros-dev/src/isaac_ros_nvblox/install/nvblox_ros/include/eigen3/unsupported/Eigen/EulerAngles
-- Up-to-date symlink: /workspaces/isaac_ros-dev/src/isaac_ros_nvblox/install/nvblox_ros/include/eigen3/unsupported/Eigen/FFT
-- Up-to-date symlink: /workspaces/isaac_ros-dev/src/isaac_ros_nvblox/install/nvblox_ros/include/eigen3/unsupported/Eigen/IterativeSolvers
-- Up-to-date symlink: /workspaces/isaac_ros-dev/src/isaac_ros_nvblox/install/nvblox_ros/include/eigen3/unsupported/Eigen/KroneckerProduct
-- Up-to-date symlink: /workspaces/isaac_ros-dev/src/isaac_ros_nvblox/install/nvblox_ros/include/eigen3/unsupported/Eigen/LevenbergMarquardt
-- Up-to-date symlink: /workspaces/isaac_ros-dev/src/isaac_ros_nvblox/install/nvblox_ros/include/eigen3/unsupported/Eigen/MPRealSupport
-- Up-to-date symlink: /workspaces/isaac_ros-dev/src/isaac_ros_nvblox/install/nvblox_ros/include/eigen3/unsupported/Eigen/MatrixFunctions
-- Up-to-date symlink: /workspaces/isaac_ros-dev/src/isaac_ros_nvblox/install/nvblox_ros/include/eigen3/unsupported/Eigen/MoreVectorization
-- Up-to-date symlink: /workspaces/isaac_ros-dev/src/isaac_ros_nvblox/install/nvblox_ros/include/eigen3/unsupported/Eigen/NonLinearOptimization
-- Up-to-date symlink: /workspaces/isaac_ros-dev/src/isaac_ros_nvblox/install/nvblox_ros/include/eigen3/unsupported/Eigen/NumericalDiff
-- Up-to-date symlink: /workspaces/isaac_ros-dev/src/isaac_ros_nvblox/install/nvblox_ros/include/eigen3/unsupported/Eigen/OpenGLSupport
-- Up-to-date symlink: /workspaces/isaac_ros-dev/src/isaac_ros_nvblox/install/nvblox_ros/include/eigen3/unsupported/Eigen/Polynomials
-- Up-to-date symlink: /workspaces/isaac_ros-dev/src/isaac_ros_nvblox/install/nvblox_ros/include/eigen3/unsupported/Eigen/Skyline
-- Up-to-date symlink: /workspaces/isaac_ros-dev/src/isaac_ros_nvblox/install/nvblox_ros/include/eigen3/unsupported/Eigen/SparseExtra
-- Up-to-date symlink: /workspaces/isaac_ros-dev/src/isaac_ros_nvblox/install/nvblox_ros/include/eigen3/unsupported/Eigen/SpecialFunctions
-- Up-to-date symlink: /workspaces/isaac_ros-dev/src/isaac_ros_nvblox/install/nvblox_ros/include/eigen3/unsupported/Eigen/Splines
-- Up-to-date symlink: /workspaces/isaac_ros-dev/src/isaac_ros_nvblox/install/nvblox_ros/include/eigen3/unsupported/Eigen/src/AutoDiff/AutoDiffJacobian.h
-- Up-to-date symlink: /workspaces/isaac_ros-dev/src/isaac_ros_nvblox/install/nvblox_ros/include/eigen3/unsupported/Eigen/src/AutoDiff/AutoDiffScalar.h
-- Up-to-date symlink: /workspaces/isaac_ros-dev/src/isaac_ros_nvblox/install/nvblox_ros/include/eigen3/unsupported/Eigen/src/AutoDiff/AutoDiffVector.h
-- Up-to-date symlink: /workspaces/isaac_ros-dev/src/isaac_ros_nvblox/install/nvblox_ros/include/eigen3/unsupported/Eigen/src/BVH/BVAlgorithms.h
-- Up-to-date symlink: /workspaces/isaac_ros-dev/src/isaac_ros_nvblox/install/nvblox_ros/include/eigen3/unsupported/Eigen/src/BVH/KdBVH.h
-- Up-to-date symlink: /workspaces/isaac_ros-dev/src/isaac_ros_nvblox/install/nvblox_ros/include/eigen3/unsupported/Eigen/src/Eigenvalues/ArpackSelfAdjointEigenSolver.h
-- Up-to-date symlink: /workspaces/isaac_ros-dev/src/isaac_ros_nvblox/install/nvblox_ros/include/eigen3/unsupported/Eigen/src/EulerAngles/EulerAngles.h
-- Up-to-date symlink: /workspaces/isaac_ros-dev/src/isaac_ros_nvblox/install/nvblox_ros/include/eigen3/unsupported/Eigen/src/EulerAngles/EulerSystem.h
-- Up-to-date symlink: /workspaces/isaac_ros-dev/src/isaac_ros_nvblox/install/nvblox_ros/include/eigen3/unsupported/Eigen/src/FFT/ei_fftw_impl.h
-- Up-to-date symlink: /workspaces/isaac_ros-dev/src/isaac_ros_nvblox/install/nvblox_ros/include/eigen3/unsupported/Eigen/src/FFT/ei_kissfft_impl.h
-- Up-to-date symlink: /workspaces/isaac_ros-dev/src/isaac_ros_nvblox/install/nvblox_ros/include/eigen3/unsupported/Eigen/src/IterativeSolvers/ConstrainedConjGrad.h
-- Up-to-date symlink: /workspaces/isaac_ros-dev/src/isaac_ros_nvblox/install/nvblox_ros/include/eigen3/unsupported/Eigen/src/IterativeSolvers/DGMRES.h
-- Up-to-date symlink: /workspaces/isaac_ros-dev/src/isaac_ros_nvblox/install/nvblox_ros/include/eigen3/unsupported/Eigen/src/IterativeSolvers/GMRES.h
-- Up-to-date symlink: /workspaces/isaac_ros-dev/src/isaac_ros_nvblox/install/nvblox_ros/include/eigen3/unsupported/Eigen/src/IterativeSolvers/IDRS.h
-- Up-to-date symlink: /workspaces/isaac_ros-dev/src/isaac_ros_nvblox/install/nvblox_ros/include/eigen3/unsupported/Eigen/src/IterativeSolvers/IncompleteLU.h
-- Up-to-date symlink: /workspaces/isaac_ros-dev/src/isaac_ros_nvblox/install/nvblox_ros/include/eigen3/unsupported/Eigen/src/IterativeSolvers/IterationController.h
-- Up-to-date symlink: /workspaces/isaac_ros-dev/src/isaac_ros_nvblox/install/nvblox_ros/include/eigen3/unsupported/Eigen/src/IterativeSolvers/MINRES.h
-- Up-to-date symlink: /workspaces/isaac_ros-dev/src/isaac_ros_nvblox/install/nvblox_ros/include/eigen3/unsupported/Eigen/src/IterativeSolvers/Scaling.h
-- Up-to-date symlink: /workspaces/isaac_ros-dev/src/isaac_ros_nvblox/install/nvblox_ros/include/eigen3/unsupported/Eigen/src/KroneckerProduct/KroneckerTensorProduct.h
-- Up-to-date symlink: /workspaces/isaac_ros-dev/src/isaac_ros_nvblox/install/nvblox_ros/include/eigen3/unsupported/Eigen/src/LevenbergMarquardt/LMcovar.h
-- Up-to-date symlink: /workspaces/isaac_ros-dev/src/isaac_ros_nvblox/install/nvblox_ros/include/eigen3/unsupported/Eigen/src/LevenbergMarquardt/LMonestep.h
-- Up-to-date symlink: /workspaces/isaac_ros-dev/src/isaac_ros_nvblox/install/nvblox_ros/include/eigen3/unsupported/Eigen/src/LevenbergMarquardt/LMpar.h
-- Up-to-date symlink: /workspaces/isaac_ros-dev/src/isaac_ros_nvblox/install/nvblox_ros/include/eigen3/unsupported/Eigen/src/LevenbergMarquardt/LMqrsolv.h
-- Up-to-date symlink: /workspaces/isaac_ros-dev/src/isaac_ros_nvblox/install/nvblox_ros/include/eigen3/unsupported/Eigen/src/LevenbergMarquardt/LevenbergMarquardt.h
-- Up-to-date symlink: /workspaces/isaac_ros-dev/src/isaac_ros_nvblox/install/nvblox_ros/include/eigen3/unsupported/Eigen/src/MatrixFunctions/MatrixExponential.h
-- Up-to-date symlink: /workspaces/isaac_ros-dev/src/isaac_ros_nvblox/install/nvblox_ros/include/eigen3/unsupported/Eigen/src/MatrixFunctions/MatrixFunction.h
-- Up-to-date symlink: /workspaces/isaac_ros-dev/src/isaac_ros_nvblox/install/nvblox_ros/include/eigen3/unsupported/Eigen/src/MatrixFunctions/MatrixLogarithm.h
-- Up-to-date symlink: /workspaces/isaac_ros-dev/src/isaac_ros_nvblox/install/nvblox_ros/include/eigen3/unsupported/Eigen/src/MatrixFunctions/MatrixPower.h
-- Up-to-date symlink: /workspaces/isaac_ros-dev/src/isaac_ros_nvblox/install/nvblox_ros/include/eigen3/unsupported/Eigen/src/MatrixFunctions/MatrixSquareRoot.h
-- Up-to-date symlink: /workspaces/isaac_ros-dev/src/isaac_ros_nvblox/install/nvblox_ros/include/eigen3/unsupported/Eigen/src/MatrixFunctions/StemFunction.h
-- Up-to-date symlink: /workspaces/isaac_ros-dev/src/isaac_ros_nvblox/install/nvblox_ros/include/eigen3/unsupported/Eigen/src/MoreVectorization/MathFunctions.h
-- Up-to-date symlink: /workspaces/isaac_ros-dev/src/isaac_ros_nvblox/install/nvblox_ros/include/eigen3/unsupported/Eigen/src/NonLinearOptimization/HybridNonLinearSolver.h
-- Up-to-date symlink: /workspaces/isaac_ros-dev/src/isaac_ros_nvblox/install/nvblox_ros/include/eigen3/unsupported/Eigen/src/NonLinearOptimization/LevenbergMarquardt.h
-- Up-to-date symlink: /workspaces/isaac_ros-dev/src/isaac_ros_nvblox/install/nvblox_ros/include/eigen3/unsupported/Eigen/src/NonLinearOptimization/chkder.h
-- Up-to-date symlink: /workspaces/isaac_ros-dev/src/isaac_ros_nvblox/install/nvblox_ros/include/eigen3/unsupported/Eigen/src/NonLinearOptimization/covar.h
-- Up-to-date symlink: /workspaces/isaac_ros-dev/src/isaac_ros_nvblox/install/nvblox_ros/include/eigen3/unsupported/Eigen/src/NonLinearOptimization/dogleg.h
-- Up-to-date symlink: /workspaces/isaac_ros-dev/src/isaac_ros_nvblox/install/nvblox_ros/include/eigen3/unsupported/Eigen/src/NonLinearOptimization/fdjac1.h
-- Up-to-date symlink: /workspaces/isaac_ros-dev/src/isaac_ros_nvblox/install/nvblox_ros/include/eigen3/unsupported/Eigen/src/NonLinearOptimization/lmpar.h
-- Up-to-date symlink: /workspaces/isaac_ros-dev/src/isaac_ros_nvblox/install/nvblox_ros/include/eigen3/unsupported/Eigen/src/NonLinearOptimization/qrsolv.h
-- Up-to-date symlink: /workspaces/isaac_ros-dev/src/isaac_ros_nvblox/install/nvblox_ros/include/eigen3/unsupported/Eigen/src/NonLinearOptimization/r1mpyq.h
-- Up-to-date symlink: /workspaces/isaac_ros-dev/src/isaac_ros_nvblox/install/nvblox_ros/include/eigen3/unsupported/Eigen/src/NonLinearOptimization/r1updt.h
-- Up-to-date symlink: /workspaces/isaac_ros-dev/src/isaac_ros_nvblox/install/nvblox_ros/include/eigen3/unsupported/Eigen/src/NonLinearOptimization/rwupdt.h
-- Up-to-date symlink: /workspaces/isaac_ros-dev/src/isaac_ros_nvblox/install/nvblox_ros/include/eigen3/unsupported/Eigen/src/NumericalDiff/NumericalDiff.h
-- Up-to-date symlink: /workspaces/isaac_ros-dev/src/isaac_ros_nvblox/install/nvblox_ros/include/eigen3/unsupported/Eigen/src/Polynomials/Companion.h
-- Up-to-date symlink: /workspaces/isaac_ros-dev/src/isaac_ros_nvblox/install/nvblox_ros/include/eigen3/unsupported/Eigen/src/Polynomials/PolynomialSolver.h
-- Up-to-date symlink: /workspaces/isaac_ros-dev/src/isaac_ros_nvblox/install/nvblox_ros/include/eigen3/unsupported/Eigen/src/Polynomials/PolynomialUtils.h
-- Up-to-date symlink: /workspaces/isaac_ros-dev/src/isaac_ros_nvblox/install/nvblox_ros/include/eigen3/unsupported/Eigen/src/Skyline/SkylineInplaceLU.h
-- Up-to-date symlink: /workspaces/isaac_ros-dev/src/isaac_ros_nvblox/install/nvblox_ros/include/eigen3/unsupported/Eigen/src/Skyline/SkylineMatrix.h
-- Up-to-date symlink: /workspaces/isaac_ros-dev/src/isaac_ros_nvblox/install/nvblox_ros/include/eigen3/unsupported/Eigen/src/Skyline/SkylineMatrixBase.h
-- Up-to-date symlink: /workspaces/isaac_ros-dev/src/isaac_ros_nvblox/install/nvblox_ros/include/eigen3/unsupported/Eigen/src/Skyline/SkylineProduct.h
-- Up-to-date symlink: /workspaces/isaac_ros-dev/src/isaac_ros_nvblox/install/nvblox_ros/include/eigen3/unsupported/Eigen/src/Skyline/SkylineStorage.h
-- Up-to-date symlink: /workspaces/isaac_ros-dev/src/isaac_ros_nvblox/install/nvblox_ros/include/eigen3/unsupported/Eigen/src/Skyline/SkylineUtil.h
-- Up-to-date symlink: /workspaces/isaac_ros-dev/src/isaac_ros_nvblox/install/nvblox_ros/include/eigen3/unsupported/Eigen/src/SparseExtra/BlockOfDynamicSparseMatrix.h
-- Up-to-date symlink: /workspaces/isaac_ros-dev/src/isaac_ros_nvblox/install/nvblox_ros/include/eigen3/unsupported/Eigen/src/SparseExtra/BlockSparseMatrix.h
-- Up-to-date symlink: /workspaces/isaac_ros-dev/src/isaac_ros_nvblox/install/nvblox_ros/include/eigen3/unsupported/Eigen/src/SparseExtra/DynamicSparseMatrix.h
-- Up-to-date symlink: /workspaces/isaac_ros-dev/src/isaac_ros_nvblox/install/nvblox_ros/include/eigen3/unsupported/Eigen/src/SparseExtra/MarketIO.h
-- Up-to-date symlink: /workspaces/isaac_ros-dev/src/isaac_ros_nvblox/install/nvblox_ros/include/eigen3/unsupported/Eigen/src/SparseExtra/MatrixMarketIterator.h
-- Up-to-date symlink: /workspaces/isaac_ros-dev/src/isaac_ros_nvblox/install/nvblox_ros/include/eigen3/unsupported/Eigen/src/SparseExtra/RandomSetter.h
-- Up-to-date symlink: /workspaces/isaac_ros-dev/src/isaac_ros_nvblox/install/nvblox_ros/include/eigen3/unsupported/Eigen/src/SpecialFunctions/BesselFunctionsArrayAPI.h
-- Up-to-date symlink: /workspaces/isaac_ros-dev/src/isaac_ros_nvblox/install/nvblox_ros/include/eigen3/unsupported/Eigen/src/SpecialFunctions/BesselFunctionsBFloat16.h
-- Up-to-date symlink: /workspaces/isaac_ros-dev/src/isaac_ros_nvblox/install/nvblox_ros/include/eigen3/unsupported/Eigen/src/SpecialFunctions/BesselFunctionsFunctors.h
-- Up-to-date symlink: /workspaces/isaac_ros-dev/src/isaac_ros_nvblox/install/nvblox_ros/include/eigen3/unsupported/Eigen/src/SpecialFunctions/BesselFunctionsHalf.h
-- Up-to-date symlink: /workspaces/isaac_ros-dev/src/isaac_ros_nvblox/install/nvblox_ros/include/eigen3/unsupported/Eigen/src/SpecialFunctions/BesselFunctionsImpl.h
-- Up-to-date symlink: /workspaces/isaac_ros-dev/src/isaac_ros_nvblox/install/nvblox_ros/include/eigen3/unsupported/Eigen/src/SpecialFunctions/BesselFunctionsPacketMath.h
-- Up-to-date symlink: /workspaces/isaac_ros-dev/src/isaac_ros_nvblox/install/nvblox_ros/include/eigen3/unsupported/Eigen/src/SpecialFunctions/HipVectorCompatibility.h
-- Up-to-date symlink: /workspaces/isaac_ros-dev/src/isaac_ros_nvblox/install/nvblox_ros/include/eigen3/unsupported/Eigen/src/SpecialFunctions/SpecialFunctionsArrayAPI.h
-- Up-to-date symlink: /workspaces/isaac_ros-dev/src/isaac_ros_nvblox/install/nvblox_ros/include/eigen3/unsupported/Eigen/src/SpecialFunctions/SpecialFunctionsBFloat16.h
-- Up-to-date symlink: /workspaces/isaac_ros-dev/src/isaac_ros_nvblox/install/nvblox_ros/include/eigen3/unsupported/Eigen/src/SpecialFunctions/SpecialFunctionsFunctors.h
-- Up-to-date symlink: /workspaces/isaac_ros-dev/src/isaac_ros_nvblox/install/nvblox_ros/include/eigen3/unsupported/Eigen/src/SpecialFunctions/SpecialFunctionsHalf.h
-- Up-to-date symlink: /workspaces/isaac_ros-dev/src/isaac_ros_nvblox/install/nvblox_ros/include/eigen3/unsupported/Eigen/src/SpecialFunctions/SpecialFunctionsImpl.h
-- Up-to-date symlink: /workspaces/isaac_ros-dev/src/isaac_ros_nvblox/install/nvblox_ros/include/eigen3/unsupported/Eigen/src/SpecialFunctions/SpecialFunctionsPacketMath.h
-- Up-to-date symlink: /workspaces/isaac_ros-dev/src/isaac_ros_nvblox/install/nvblox_ros/include/eigen3/unsupported/Eigen/src/SpecialFunctions/arch/AVX/BesselFunctions.h
-- Up-to-date symlink: /workspaces/isaac_ros-dev/src/isaac_ros_nvblox/install/nvblox_ros/include/eigen3/unsupported/Eigen/src/SpecialFunctions/arch/AVX/SpecialFunctions.h
-- Up-to-date symlink: /workspaces/isaac_ros-dev/src/isaac_ros_nvblox/install/nvblox_ros/include/eigen3/unsupported/Eigen/src/SpecialFunctions/arch/AVX512/BesselFunctions.h
-- Up-to-date symlink: /workspaces/isaac_ros-dev/src/isaac_ros_nvblox/install/nvblox_ros/include/eigen3/unsupported/Eigen/src/SpecialFunctions/arch/AVX512/SpecialFunctions.h
-- Up-to-date symlink: /workspaces/isaac_ros-dev/src/isaac_ros_nvblox/install/nvblox_ros/include/eigen3/unsupported/Eigen/src/SpecialFunctions/arch/GPU/SpecialFunctions.h
-- Up-to-date symlink: /workspaces/isaac_ros-dev/src/isaac_ros_nvblox/install/nvblox_ros/include/eigen3/unsupported/Eigen/src/SpecialFunctions/arch/NEON/BesselFunctions.h
-- Up-to-date symlink: /workspaces/isaac_ros-dev/src/isaac_ros_nvblox/install/nvblox_ros/include/eigen3/unsupported/Eigen/src/SpecialFunctions/arch/NEON/SpecialFunctions.h
-- Up-to-date symlink: /workspaces/isaac_ros-dev/src/isaac_ros_nvblox/install/nvblox_ros/include/eigen3/unsupported/Eigen/src/Splines/Spline.h
-- Up-to-date symlink: /workspaces/isaac_ros-dev/src/isaac_ros_nvblox/install/nvblox_ros/include/eigen3/unsupported/Eigen/src/Splines/SplineFitting.h
-- Up-to-date symlink: /workspaces/isaac_ros-dev/src/isaac_ros_nvblox/install/nvblox_ros/include/eigen3/unsupported/Eigen/src/Splines/SplineFwd.h
-- Up-to-date symlink: /workspaces/isaac_ros-dev/src/isaac_ros_nvblox/install/nvblox_ros/share/nvblox/cmake/nvbloxConfig.cmake
-- Up-to-date symlink: /workspaces/isaac_ros-dev/src/isaac_ros_nvblox/install/nvblox_ros/share/nvblox/cmake/nvbloxConfigVersion.cmake
-- Up-to-date symlink: /workspaces/isaac_ros-dev/src/isaac_ros_nvblox/install/nvblox_ros/include/nvblox_ros/camera_cache.hpp
-- Up-to-date symlink: /workspaces/isaac_ros-dev/src/isaac_ros_nvblox/install/nvblox_ros/include/nvblox_ros/conversions/esdf_and_gradients_conversions.hpp
-- Up-to-date symlink: /workspaces/isaac_ros-dev/src/isaac_ros_nvblox/install/nvblox_ros/include/nvblox_ros/conversions/esdf_slice_conversions.hpp
-- Up-to-date symlink: /workspaces/isaac_ros-dev/src/isaac_ros_nvblox/install/nvblox_ros/include/nvblox_ros/conversions/image_conversions.hpp
-- Up-to-date symlink: /workspaces/isaac_ros-dev/src/isaac_ros_nvblox/install/nvblox_ros/include/nvblox_ros/conversions/image_conversions_thrust.hpp
-- Up-to-date symlink: /workspaces/isaac_ros-dev/src/isaac_ros_nvblox/install/nvblox_ros/include/nvblox_ros/conversions/layer_conversions.hpp
-- Up-to-date symlink: /workspaces/isaac_ros-dev/src/isaac_ros_nvblox/install/nvblox_ros/include/nvblox_ros/conversions/mesh_conversions.hpp
-- Up-to-date symlink: /workspaces/isaac_ros-dev/src/isaac_ros_nvblox/install/nvblox_ros/include/nvblox_ros/conversions/pointcloud_conversions.hpp
-- Up-to-date symlink: /workspaces/isaac_ros-dev/src/isaac_ros_nvblox/install/nvblox_ros/include/nvblox_ros/impl/mapper_initialization_impl.hpp
-- Up-to-date symlink: /workspaces/isaac_ros-dev/src/isaac_ros_nvblox/install/nvblox_ros/include/nvblox_ros/impl/nvblox_node_impl.hpp
-- Up-to-date symlink: /workspaces/isaac_ros-dev/src/isaac_ros_nvblox/install/nvblox_ros/include/nvblox_ros/mapper_initialization.hpp
-- Up-to-date symlink: /workspaces/isaac_ros-dev/src/isaac_ros_nvblox/install/nvblox_ros/include/nvblox_ros/nitros_types.hpp
-- Up-to-date symlink: /workspaces/isaac_ros-dev/src/isaac_ros_nvblox/install/nvblox_ros/include/nvblox_ros/nvblox_human_node.hpp
-- Up-to-date symlink: /workspaces/isaac_ros-dev/src/isaac_ros_nvblox/install/nvblox_ros/include/nvblox_ros/nvblox_node.hpp
-- Up-to-date symlink: /workspaces/isaac_ros-dev/src/isaac_ros_nvblox/install/nvblox_ros/include/nvblox_ros/nvblox_node_params.hpp
-- Up-to-date symlink: /workspaces/isaac_ros-dev/src/isaac_ros_nvblox/install/nvblox_ros/include/nvblox_ros/transformer.hpp
-- Up-to-date symlink: /workspaces/isaac_ros-dev/src/isaac_ros_nvblox/install/nvblox_ros/include/nvblox_ros/utils.hpp
-- Up-to-date symlink: /workspaces/isaac_ros-dev/src/isaac_ros_nvblox/install/nvblox_ros/include/nvblox_ros/visualization.hpp
-- Up-to-date symlink: /workspaces/isaac_ros-dev/src/isaac_ros_nvblox/install/nvblox_ros/lib/nvblox_ros/nvblox_node
-- Up-to-date symlink: /workspaces/isaac_ros-dev/src/isaac_ros_nvblox/install/nvblox_ros/lib/nvblox_ros/nvblox_human_node
-- Up-to-date symlink: /workspaces/isaac_ros-dev/src/isaac_ros_nvblox/install/nvblox_ros/share/nvblox_ros/test/integration_tests/CMakeLists.txt
-- Up-to-date symlink: /workspaces/isaac_ros-dev/src/isaac_ros_nvblox/install/nvblox_ros/share/nvblox_ros/test/integration_tests/isaac_ros_nvblox_pol.py
-- Up-to-date symlink: /workspaces/isaac_ros-dev/src/isaac_ros_nvblox/install/nvblox_ros/share/nvblox_ros/test/integration_tests/isaac_ros_nvblox_srv_save_and_load_map.py
-- Up-to-date symlink: /workspaces/isaac_ros-dev/src/isaac_ros_nvblox/install/nvblox_ros/share/nvblox_ros/test/integration_tests/isaac_ros_nvblox_srv_save_ply.py
-- Up-to-date symlink: /workspaces/isaac_ros-dev/src/isaac_ros_nvblox/install/nvblox_ros/share/nvblox_ros/test/integration_tests/isaac_ros_nvblox_srv_save_timings_and_rates.py
-- Up-to-date symlink: /workspaces/isaac_ros-dev/src/isaac_ros_nvblox/install/nvblox_ros/share/nvblox_ros/test/integration_tests/test_cases/rosbags/nvblox_pol/metadata.yaml
-- Up-to-date symlink: /workspaces/isaac_ros-dev/src/isaac_ros_nvblox/install/nvblox_ros/share/nvblox_ros/test/integration_tests/test_cases/rosbags/nvblox_pol/rosbag2_2024_05_07-11_54_22_0.db3
-- Up-to-date symlink: /workspaces/isaac_ros-dev/src/isaac_ros_nvblox/install/nvblox_ros/share/nvblox_ros/test/integration_tests/test_utils/__init__.py
-- Up-to-date symlink: /workspaces/isaac_ros-dev/src/isaac_ros_nvblox/install/nvblox_ros/share/nvblox_ros/test/unit_tests/CMakeLists.txt
-- Up-to-date symlink: /workspaces/isaac_ros-dev/src/isaac_ros_nvblox/install/nvblox_ros/share/nvblox_ros/test/unit_tests/test_esdf_and_gradient_conversions.cpp
-- Up-to-date symlink: /workspaces/isaac_ros-dev/src/isaac_ros_nvblox/install/nvblox_ros/share/nvblox_ros/test/unit_tests/test_nvblox_node_params.cpp
-- Up-to-date symlink: /workspaces/isaac_ros-dev/src/isaac_ros_nvblox/install/nvblox_ros/share/nvblox_ros/scripts//scripts/print_ros_params.sh
-- Up-to-date symlink: /workspaces/isaac_ros-dev/src/isaac_ros_nvblox/install/nvblox_ros/share/nvblox_ros/scripts//scripts/setup_peoplesemsegnet_model.sh
-- Up-to-date symlink: /workspaces/isaac_ros-dev/src/isaac_ros_nvblox/install/nvblox_ros/share/nvblox_ros/environment/library_path.sh
-- Up-to-date symlink: /workspaces/isaac_ros-dev/src/isaac_ros_nvblox/install/nvblox_ros/share/nvblox_ros/environment/library_path.dsv
-- Up-to-date symlink: /workspaces/isaac_ros-dev/src/isaac_ros_nvblox/install/nvblox_ros/share/ament_index/resource_index/package_run_dependencies/nvblox_ros
-- Up-to-date symlink: /workspaces/isaac_ros-dev/src/isaac_ros_nvblox/install/nvblox_ros/share/ament_index/resource_index/parent_prefix_path/nvblox_ros
-- Up-to-date symlink: /workspaces/isaac_ros-dev/src/isaac_ros_nvblox/install/nvblox_ros/share/nvblox_ros/environment/ament_prefix_path.sh
-- Up-to-date symlink: /workspaces/isaac_ros-dev/src/isaac_ros_nvblox/install/nvblox_ros/share/nvblox_ros/environment/ament_prefix_path.dsv
-- Up-to-date symlink: /workspaces/isaac_ros-dev/src/isaac_ros_nvblox/install/nvblox_ros/share/nvblox_ros/environment/path.sh
-- Up-to-date symlink: /workspaces/isaac_ros-dev/src/isaac_ros_nvblox/install/nvblox_ros/share/nvblox_ros/environment/path.dsv
-- Up-to-date symlink: /workspaces/isaac_ros-dev/src/isaac_ros_nvblox/install/nvblox_ros/share/nvblox_ros/local_setup.bash
-- Up-to-date symlink: /workspaces/isaac_ros-dev/src/isaac_ros_nvblox/install/nvblox_ros/share/nvblox_ros/local_setup.sh
-- Up-to-date symlink: /workspaces/isaac_ros-dev/src/isaac_ros_nvblox/install/nvblox_ros/share/nvblox_ros/local_setup.zsh
-- Up-to-date symlink: /workspaces/isaac_ros-dev/src/isaac_ros_nvblox/install/nvblox_ros/share/nvblox_ros/local_setup.dsv
-- Symlinking: /workspaces/isaac_ros-dev/src/isaac_ros_nvblox/install/nvblox_ros/share/nvblox_ros/package.dsv
-- Up-to-date symlink: /workspaces/isaac_ros-dev/src/isaac_ros_nvblox/install/nvblox_ros/share/ament_index/resource_index/packages/nvblox_ros
-- Up-to-date symlink: /workspaces/isaac_ros-dev/src/isaac_ros_nvblox/install/nvblox_ros/share/ament_index/resource_index/rclcpp_components/nvblox_ros
-- Up-to-date symlink: /workspaces/isaac_ros-dev/src/isaac_ros_nvblox/install/nvblox_ros/share/nvblox_ros/cmake/ament_cmake_export_include_directories-extras.cmake
-- Up-to-date symlink: /workspaces/isaac_ros-dev/src/isaac_ros_nvblox/install/nvblox_ros/share/nvblox_ros/cmake/ament_cmake_export_libraries-extras.cmake
-- Up-to-date symlink: /workspaces/isaac_ros-dev/src/isaac_ros_nvblox/install/nvblox_ros/share/nvblox_ros/cmake/ament_cmake_export_targets-extras.cmake
-- Up-to-date symlink: /workspaces/isaac_ros-dev/src/isaac_ros_nvblox/install/nvblox_ros/share/nvblox_ros/cmake/ament_cmake_export_dependencies-extras.cmake
-- Up-to-date symlink: /workspaces/isaac_ros-dev/src/isaac_ros_nvblox/install/nvblox_ros/share/nvblox_ros/cmake/nvblox_rosConfig.cmake
-- Up-to-date symlink: /workspaces/isaac_ros-dev/src/isaac_ros_nvblox/install/nvblox_ros/share/nvblox_ros/cmake/nvblox_rosConfig-version.cmake
-- Up-to-date symlink: /workspaces/isaac_ros-dev/src/isaac_ros_nvblox/install/nvblox_ros/share/nvblox_ros/package.xml
-- Up-to-date: /workspaces/isaac_ros-dev/src/isaac_ros_nvblox/install/nvblox_ros/lib/libnvblox_ros_lib.so
-- Up-to-date: /workspaces/isaac_ros-dev/src/isaac_ros_nvblox/install/nvblox_ros/lib/libnvblox_lib.so
-- Up-to-date: /workspaces/isaac_ros-dev/src/isaac_ros_nvblox/install/nvblox_ros/lib/libnvblox_gpu_hash.a
-- Up-to-date: /workspaces/isaac_ros-dev/src/isaac_ros_nvblox/install/nvblox_ros/lib/libstdgpu.a
-- Up-to-date: /workspaces/isaac_ros-dev/src/isaac_ros_nvblox/install/nvblox_ros/share/nvblox_ros/cmake/nvblox_rosTargetsExport.cmake
-- Up-to-date: /workspaces/isaac_ros-dev/src/isaac_ros_nvblox/install/nvblox_ros/share/nvblox_ros/cmake/nvblox_rosTargetsExport-release.cmake
-- Up-to-date: /workspaces/isaac_ros-dev/src/isaac_ros_nvblox/install/nvblox_ros/lib/cmake/stdgpu/cuda/FindCUDAToolkit.cmake
-- Up-to-date: /workspaces/isaac_ros-dev/src/isaac_ros_nvblox/install/nvblox_ros/lib/libstdgpu.a
-- Up-to-date: /workspaces/isaac_ros-dev/src/isaac_ros_nvblox/install/nvblox_ros/include
-- Up-to-date: /workspaces/isaac_ros-dev/src/isaac_ros_nvblox/install/nvblox_ros/include/stdgpu
-- Up-to-date: /workspaces/isaac_ros-dev/src/isaac_ros_nvblox/install/nvblox_ros/include/stdgpu/deque_fwd
-- Up-to-date: /workspaces/isaac_ros-dev/src/isaac_ros_nvblox/install/nvblox_ros/include/stdgpu/unordered_set.cuh
-- Up-to-date: /workspaces/isaac_ros-dev/src/isaac_ros_nvblox/install/nvblox_ros/include/stdgpu/functional.h
-- Up-to-date: /workspaces/isaac_ros-dev/src/isaac_ros_nvblox/install/nvblox_ros/include/stdgpu/queue.cuh
-- Up-to-date: /workspaces/isaac_ros-dev/src/isaac_ros_nvblox/install/nvblox_ros/include/stdgpu/utility.h
-- Up-to-date: /workspaces/isaac_ros-dev/src/isaac_ros_nvblox/install/nvblox_ros/include/stdgpu/algorithm.h
-- Up-to-date: /workspaces/isaac_ros-dev/src/isaac_ros_nvblox/install/nvblox_ros/include/stdgpu/mutex.cuh
-- Up-to-date: /workspaces/isaac_ros-dev/src/isaac_ros_nvblox/install/nvblox_ros/include/stdgpu/cmath.h
-- Up-to-date: /workspaces/isaac_ros-dev/src/isaac_ros_nvblox/install/nvblox_ros/include/stdgpu/contract.h
-- Up-to-date: /workspaces/isaac_ros-dev/src/isaac_ros_nvblox/install/nvblox_ros/include/stdgpu/platform.h
-- Up-to-date: /workspaces/isaac_ros-dev/src/isaac_ros_nvblox/install/nvblox_ros/include/stdgpu/memory.h
-- Up-to-date: /workspaces/isaac_ros-dev/src/isaac_ros_nvblox/install/nvblox_ros/include/stdgpu/bitset.cuh
-- Up-to-date: /workspaces/isaac_ros-dev/src/isaac_ros_nvblox/install/nvblox_ros/include/stdgpu/ranges.h
-- Up-to-date: /workspaces/isaac_ros-dev/src/isaac_ros_nvblox/install/nvblox_ros/include/stdgpu/unordered_set_fwd
-- Up-to-date: /workspaces/isaac_ros-dev/src/isaac_ros_nvblox/install/nvblox_ros/include/stdgpu/atomic.cuh
-- Up-to-date: /workspaces/isaac_ros-dev/src/isaac_ros_nvblox/install/nvblox_ros/include/stdgpu/bit.h
-- Up-to-date: /workspaces/isaac_ros-dev/src/isaac_ros_nvblox/install/nvblox_ros/include/stdgpu/queue_fwd
-- Up-to-date: /workspaces/isaac_ros-dev/src/isaac_ros_nvblox/install/nvblox_ros/include/stdgpu/unordered_map_fwd
-- Up-to-date: /workspaces/isaac_ros-dev/src/isaac_ros_nvblox/install/nvblox_ros/include/stdgpu/unordered_map.cuh
-- Up-to-date: /workspaces/isaac_ros-dev/src/isaac_ros_nvblox/install/nvblox_ros/include/stdgpu/mutex_fwd
-- Up-to-date: /workspaces/isaac_ros-dev/src/isaac_ros_nvblox/install/nvblox_ros/include/stdgpu/vector.cuh
-- Up-to-date: /workspaces/isaac_ros-dev/src/isaac_ros_nvblox/install/nvblox_ros/include/stdgpu/bitset_fwd
-- Up-to-date: /workspaces/isaac_ros-dev/src/isaac_ros_nvblox/install/nvblox_ros/include/stdgpu/stack.cuh
-- Up-to-date: /workspaces/isaac_ros-dev/src/isaac_ros_nvblox/install/nvblox_ros/include/stdgpu/stack_fwd
-- Up-to-date: /workspaces/isaac_ros-dev/src/isaac_ros_nvblox/install/nvblox_ros/include/stdgpu/deque.cuh
-- Up-to-date: /workspaces/isaac_ros-dev/src/isaac_ros_nvblox/install/nvblox_ros/include/stdgpu/limits.h
-- Up-to-date: /workspaces/isaac_ros-dev/src/isaac_ros_nvblox/install/nvblox_ros/include/stdgpu/atomic_fwd
-- Up-to-date: /workspaces/isaac_ros-dev/src/isaac_ros_nvblox/install/nvblox_ros/include/stdgpu/vector_fwd
-- Up-to-date: /workspaces/isaac_ros-dev/src/isaac_ros_nvblox/install/nvblox_ros/include/stdgpu/compiler.h
-- Up-to-date: /workspaces/isaac_ros-dev/src/isaac_ros_nvblox/install/nvblox_ros/include/stdgpu/attribute.h
-- Up-to-date: /workspaces/isaac_ros-dev/src/isaac_ros_nvblox/install/nvblox_ros/include/stdgpu/impl
-- Up-to-date: /workspaces/isaac_ros-dev/src/isaac_ros_nvblox/install/nvblox_ros/include/stdgpu/impl/type_traits.h
-- Up-to-date: /workspaces/isaac_ros-dev/src/isaac_ros_nvblox/install/nvblox_ros/include/stdgpu/impl/unordered_base_detail.cuh
-- Up-to-date: /workspaces/isaac_ros-dev/src/isaac_ros_nvblox/install/nvblox_ros/include/stdgpu/impl/platform_check.h
-- Up-to-date: /workspaces/isaac_ros-dev/src/isaac_ros_nvblox/install/nvblox_ros/include/stdgpu/impl/unordered_set_detail.cuh
-- Up-to-date: /workspaces/isaac_ros-dev/src/isaac_ros_nvblox/install/nvblox_ros/include/stdgpu/impl/queue_detail.cuh
-- Up-to-date: /workspaces/isaac_ros-dev/src/isaac_ros_nvblox/install/nvblox_ros/include/stdgpu/impl/atomic_detail.cuh
-- Up-to-date: /workspaces/isaac_ros-dev/src/isaac_ros_nvblox/install/nvblox_ros/include/stdgpu/impl/limits_detail.h
-- Up-to-date: /workspaces/isaac_ros-dev/src/isaac_ros_nvblox/install/nvblox_ros/include/stdgpu/impl/mutex_detail.cuh
-- Up-to-date: /workspaces/isaac_ros-dev/src/isaac_ros_nvblox/install/nvblox_ros/include/stdgpu/impl/functional_detail.h
-- Up-to-date: /workspaces/isaac_ros-dev/src/isaac_ros_nvblox/install/nvblox_ros/include/stdgpu/impl/deque_detail.cuh
-- Up-to-date: /workspaces/isaac_ros-dev/src/isaac_ros_nvblox/install/nvblox_ros/include/stdgpu/impl/unordered_base.cuh
-- Up-to-date: /workspaces/isaac_ros-dev/src/isaac_ros_nvblox/install/nvblox_ros/include/stdgpu/impl/bit_detail.h
-- Up-to-date: /workspaces/isaac_ros-dev/src/isaac_ros_nvblox/install/nvblox_ros/include/stdgpu/impl/iterator_detail.h
-- Up-to-date: /workspaces/isaac_ros-dev/src/isaac_ros_nvblox/install/nvblox_ros/include/stdgpu/impl/stack_detail.cuh
-- Up-to-date: /workspaces/isaac_ros-dev/src/isaac_ros_nvblox/install/nvblox_ros/include/stdgpu/impl/utility_detail.h
-- Up-to-date: /workspaces/isaac_ros-dev/src/isaac_ros_nvblox/install/nvblox_ros/include/stdgpu/impl/algorithm_detail.h
-- Up-to-date: /workspaces/isaac_ros-dev/src/isaac_ros_nvblox/install/nvblox_ros/include/stdgpu/impl/memory_detail.h
-- Up-to-date: /workspaces/isaac_ros-dev/src/isaac_ros_nvblox/install/nvblox_ros/include/stdgpu/impl/unordered_map_detail.cuh
-- Up-to-date: /workspaces/isaac_ros-dev/src/isaac_ros_nvblox/install/nvblox_ros/include/stdgpu/impl/ranges_detail.h
-- Up-to-date: /workspaces/isaac_ros-dev/src/isaac_ros_nvblox/install/nvblox_ros/include/stdgpu/impl/bitset_detail.cuh
-- Up-to-date: /workspaces/isaac_ros-dev/src/isaac_ros_nvblox/install/nvblox_ros/include/stdgpu/impl/cmath_detail.h
-- Up-to-date: /workspaces/isaac_ros-dev/src/isaac_ros_nvblox/install/nvblox_ros/include/stdgpu/impl/vector_detail.cuh
-- Up-to-date: /workspaces/isaac_ros-dev/src/isaac_ros_nvblox/install/nvblox_ros/include/stdgpu/iterator.h
-- Up-to-date: /workspaces/isaac_ros-dev/src/isaac_ros_nvblox/install/nvblox_ros/include/stdgpu/cuda
-- Up-to-date: /workspaces/isaac_ros-dev/src/isaac_ros_nvblox/install/nvblox_ros/include/stdgpu/cuda/platform_check.h
-- Up-to-date: /workspaces/isaac_ros-dev/src/isaac_ros_nvblox/install/nvblox_ros/include/stdgpu/cuda/platform.h
-- Up-to-date: /workspaces/isaac_ros-dev/src/isaac_ros_nvblox/install/nvblox_ros/include/stdgpu/cuda/memory.h
-- Up-to-date: /workspaces/isaac_ros-dev/src/isaac_ros_nvblox/install/nvblox_ros/include/stdgpu/cuda/atomic.cuh
-- Up-to-date: /workspaces/isaac_ros-dev/src/isaac_ros_nvblox/install/nvblox_ros/include/stdgpu/cuda/impl
-- Up-to-date: /workspaces/isaac_ros-dev/src/isaac_ros_nvblox/install/nvblox_ros/include/stdgpu/cuda/impl/atomic_detail.cuh
-- Up-to-date: /workspaces/isaac_ros-dev/src/isaac_ros_nvblox/install/nvblox_ros/include/stdgpu/hip
-- Up-to-date: /workspaces/isaac_ros-dev/src/isaac_ros_nvblox/install/nvblox_ros/include/stdgpu/hip/platform_check.h
-- Up-to-date: /workspaces/isaac_ros-dev/src/isaac_ros_nvblox/install/nvblox_ros/include/stdgpu/hip/platform.h
-- Up-to-date: /workspaces/isaac_ros-dev/src/isaac_ros_nvblox/install/nvblox_ros/include/stdgpu/hip/memory.h
-- Up-to-date: /workspaces/isaac_ros-dev/src/isaac_ros_nvblox/install/nvblox_ros/include/stdgpu/hip/atomic.h
-- Up-to-date: /workspaces/isaac_ros-dev/src/isaac_ros_nvblox/install/nvblox_ros/include/stdgpu/hip/impl
-- Up-to-date: /workspaces/isaac_ros-dev/src/isaac_ros_nvblox/install/nvblox_ros/include/stdgpu/hip/impl/atomic_detail.h
-- Up-to-date: /workspaces/isaac_ros-dev/src/isaac_ros_nvblox/install/nvblox_ros/include/stdgpu/openmp
-- Up-to-date: /workspaces/isaac_ros-dev/src/isaac_ros_nvblox/install/nvblox_ros/include/stdgpu/openmp/platform_check.h
-- Up-to-date: /workspaces/isaac_ros-dev/src/isaac_ros_nvblox/install/nvblox_ros/include/stdgpu/openmp/platform.h
-- Up-to-date: /workspaces/isaac_ros-dev/src/isaac_ros_nvblox/install/nvblox_ros/include/stdgpu/openmp/memory.h
-- Up-to-date: /workspaces/isaac_ros-dev/src/isaac_ros_nvblox/install/nvblox_ros/include/stdgpu/openmp/atomic.h
-- Up-to-date: /workspaces/isaac_ros-dev/src/isaac_ros_nvblox/install/nvblox_ros/include/stdgpu/openmp/impl
-- Up-to-date: /workspaces/isaac_ros-dev/src/isaac_ros_nvblox/install/nvblox_ros/include/stdgpu/openmp/impl/atomic_detail.h
-- Up-to-date: /workspaces/isaac_ros-dev/src/isaac_ros_nvblox/install/nvblox_ros/include/stdgpu/cstddef.h
-- Up-to-date: /workspaces/isaac_ros-dev/src/isaac_ros_nvblox/install/nvblox_ros/include
-- Up-to-date: /workspaces/isaac_ros-dev/src/isaac_ros_nvblox/install/nvblox_ros/include/stdgpu
-- Up-to-date: /workspaces/isaac_ros-dev/src/isaac_ros_nvblox/install/nvblox_ros/include/stdgpu/config.h
-- Up-to-date: /workspaces/isaac_ros-dev/src/isaac_ros_nvblox/install/nvblox_ros/lib/cmake/stdgpu/stdgpu-dependencies.cmake
-- Up-to-date: /workspaces/isaac_ros-dev/src/isaac_ros_nvblox/install/nvblox_ros/lib/cmake/stdgpu/Findthrust.cmake
-- Up-to-date: /workspaces/isaac_ros-dev/src/isaac_ros_nvblox/install/nvblox_ros/lib/cmake/stdgpu/stdgpu-targets.cmake
-- Up-to-date: /workspaces/isaac_ros-dev/src/isaac_ros_nvblox/install/nvblox_ros/lib/cmake/stdgpu/stdgpu-targets-release.cmake
-- Up-to-date: /workspaces/isaac_ros-dev/src/isaac_ros_nvblox/install/nvblox_ros/lib/cmake/stdgpu/stdgpu-config.cmake
-- Up-to-date: /workspaces/isaac_ros-dev/src/isaac_ros_nvblox/install/nvblox_ros/lib/cmake/stdgpu/stdgpu-config-version.cmake
-- Up-to-date: /workspaces/isaac_ros-dev/src/isaac_ros_nvblox/install/nvblox_ros/lib/libnvblox_lib.so
-- Up-to-date: /workspaces/isaac_ros-dev/src/isaac_ros_nvblox/install/nvblox_ros/lib/nvblox/libnvblox_gpu_hash.a
-- Up-to-date: /workspaces/isaac_ros-dev/src/isaac_ros_nvblox/install/nvblox_ros/lib/libnvblox_datasets.so
-- Up-to-date: /workspaces/isaac_ros-dev/src/isaac_ros_nvblox/install/nvblox_ros/lib/nvblox/libstdgpu.a
-- Up-to-date: /workspaces/isaac_ros-dev/src/isaac_ros_nvblox/install/nvblox_ros/bin/nvblox/fuse_3dmatch
-- Up-to-date: /workspaces/isaac_ros-dev/src/isaac_ros_nvblox/install/nvblox_ros/bin/nvblox/fuse_replica
-- Up-to-date: /workspaces/isaac_ros-dev/src/isaac_ros_nvblox/install/nvblox_ros/share/nvblox/cmake/nvbloxTargets.cmake
-- Up-to-date: /workspaces/isaac_ros-dev/src/isaac_ros_nvblox/install/nvblox_ros/share/nvblox/cmake/nvbloxTargets-release.cmake
