[0.031s] Invoking command in '/workspaces/isaac_ros-dev/src/isaac_ros_nvblox/build/nvblox_ros': AMENT_PREFIX_PATH=/workspaces/isaac_ros-dev/src/isaac_ros_nvblox/install/nvblox_rviz_plugin:/workspaces/isaac_ros-dev/src/isaac_ros_nvblox/install/nvblox_ros_python_utils:/workspaces/isaac_ros-dev/src/isaac_ros_nvblox/install/nvblox_ros_common:/workspaces/isaac_ros-dev/src/isaac_ros_nvblox/install/nvblox_msgs:${AMENT_PREFIX_PATH} CMAKE_PREFIX_PATH=/workspaces/isaac_ros-dev/src/isaac_ros_nvblox/install/nvblox_rviz_plugin:/workspaces/isaac_ros-dev/src/isaac_ros_nvblox/install/nvblox_ros_common:/workspaces/isaac_ros-dev/src/isaac_ros_nvblox/install/nvblox_msgs:/opt/ros/humble LD_LIBRARY_PATH=/workspaces/isaac_ros-dev/src/isaac_ros_nvblox/install/nvblox_rviz_plugin/lib:/workspaces/isaac_ros-dev/src/isaac_ros_nvblox/install/nvblox_ros_common/lib:/workspaces/isaac_ros-dev/src/isaac_ros_nvblox/install/nvblox_msgs/lib:${LD_LIBRARY_PATH} PYTHONPATH=/workspaces/isaac_ros-dev/src/isaac_ros_nvblox/build/nvblox_ros_python_utils:/workspaces/isaac_ros-dev/src/isaac_ros_nvblox/install/nvblox_ros_python_utils/lib/python3.10/site-packages:/workspaces/isaac_ros-dev/src/isaac_ros_nvblox/install/nvblox_msgs/local/lib/python3.10/dist-packages:${PYTHONPATH} _=/usr/bin/env /usr/bin/cmake --build /workspaces/isaac_ros-dev/src/isaac_ros_nvblox/build/nvblox_ros -- -j48 -l48
[0.126s] [  2%] Built target stdgpu
[0.171s] [  3%] Built target gtest
[0.210s] [  6%] Built target ext_eigen
[0.251s] [  7%] Built target gtest_main
[0.316s] [  9%] Built target nvblox_gpu_hash
[0.372s] [35m[1mConsolidate compiler generated dependencies of target nvblox_lib[0m
[0.532s] [ 30%] Built target nvblox_lib
[0.627s] [ 36%] Built target nvblox_ros_lib
[0.670s] [ 37%] Built target run_memcpy_on_default_cuda_stream
[0.692s] [35m[1mConsolidate compiler generated dependencies of target test_nvblox_node_params[0m
[0.735s] [ 38%] Built target test_nvblox_node_params
[0.756s] [35m[1mConsolidate compiler generated dependencies of target test_esdf_and_gradient_conversions[0m
[0.792s] [ 39%] Built target test_esdf_and_gradient_conversions
[0.814s] [35m[1mConsolidate compiler generated dependencies of target nvblox_human_node[0m
[0.857s] [ 40%] Built target nvblox_human_node
[0.880s] [35m[1mConsolidate compiler generated dependencies of target nvblox_node[0m
[0.925s] [ 41%] Built target nvblox_node
[0.980s] [ 42%] Built target load_map_and_mesh
[1.038s] [ 43%] Built target esdf_query
[1.093s] [ 45%] Built target nvblox_datasets
[1.141s] [ 46%] Built target sphere_benchmark
[1.192s] [ 47%] Built target test_bench
[1.272s] [ 53%] Built target nvblox_test_utils
[1.321s] [ 54%] Built target fuse_redwood
[1.369s] [ 55%] Built target test_unified_ptr
[1.417s] [ 56%] Built target test_unified_vector
[1.460s] [ 57%] Built target test_weighting_function
[1.505s] [ 58%] Built target test_rates
[1.557s] [ 59%] Built target test_mesh_streamer
[1.607s] [ 60%] Built target test_npp_image_operations
[1.656s] [ 61%] Built target test_depth_image_preprocessing
[1.704s] [ 62%] Built target test_layer_serializer_gpu
[1.750s] [ 63%] Built target test_image_cache
[1.794s] [ 64%] Built target test_params
[1.842s] [ 65%] Built target test_block_memory_pool
[1.886s] [ 66%] Built target test_delays
[1.908s] [35m[1mConsolidate compiler generated dependencies of target regression_test_query_after_clear[0m
[1.949s] [ 67%] Built target regression_test_query_after_clear
[1.972s] [35m[1mConsolidate compiler generated dependencies of target test_layer_to_3d_grid[0m
[2.015s] [ 67%] Built target test_layer_to_3d_grid
[2.063s] [ 67%] Built target test_esdf_integrator
[2.113s] [ 67%] Built target benchmark
[2.164s] [ 68%] Built target test_unified_3d_grid
[2.217s] [ 68%] Built target test_tsdf_integrator_cuda_components
[2.264s] [ 69%] Built target test_tsdf_integrator
[2.312s] [ 70%] Built target test_tsdf_decay
[2.366s] [ 71%] Built target test_traits
[2.411s] [ 71%] Built target test_time
[2.461s] [ 72%] Built target test_sphere_tracing
[2.513s] [ 73%] Built target test_serialization
[2.563s] [ 74%] Built target test_scene
[2.608s] [ 74%] Built target test_ray_caster
[2.654s] [ 75%] Built target test_pointcloud
[2.705s] [ 76%] Built target test_occupancy_integrator
[2.755s] [ 76%] Built target test_occupancy_decay
[2.807s] [ 77%] Built target test_nvtx_ranges
[2.857s] [ 77%] Built target test_multi_mapper
[2.907s] [ 78%] Built target test_mesh_serializer
[2.960s] [ 78%] Built target test_mesh
[3.010s] [ 79%] Built target test_mesh_coloring
[3.070s] [ 80%] Built target test_mapper_block_allocation
[3.120s] [ 81%] Built target test_mapper
[3.171s] [ 82%] Built target test_lidar_integration
[3.222s] [ 83%] Built target test_lidar
[3.268s] [ 84%] Built target test_layer
[3.317s] [ 85%] Built target test_indexing
[3.364s] [ 85%] Built target test_image_projector
[3.413s] [ 86%] Built target test_image_masker
[3.462s] [ 87%] Built target test_image_io
[3.513s] [ 87%] Built target test_gpu_layer_view
[3.563s] [ 88%] Built target test_fuser
[3.616s] [ 89%] Built target test_frustum
[3.667s] [ 90%] Built target test_freespace_integrator
[3.715s] [ 91%] Built target test_for_memory_leaks
[3.762s] [ 92%] Built target test_dynamics
[3.812s] [ 92%] Built target test_depth_image
[3.857s] [ 93%] Built target test_cuda_stream
[3.905s] [ 93%] Built target test_color_integrator
[3.955s] [ 94%] Built target test_color_image
[4.007s] [ 95%] Built target test_camera
[4.056s] [ 96%] Built target test_cake
[4.107s] [ 97%] Built target test_connected_components
[4.151s] [ 98%] Built target test_bounding_spheres
[4.201s] [ 98%] Built target test_blox
[4.255s] [ 99%] Built target test_3dmatch
[4.305s] [ 99%] Built target test_3d_interpolation
[4.354s] [ 99%] Built target fuse_replica
[4.403s] [100%] Built target fuse_3dmatch
[4.417s] Invoked command in '/workspaces/isaac_ros-dev/src/isaac_ros_nvblox/build/nvblox_ros' returned '0': AMENT_PREFIX_PATH=/workspaces/isaac_ros-dev/src/isaac_ros_nvblox/install/nvblox_rviz_plugin:/workspaces/isaac_ros-dev/src/isaac_ros_nvblox/install/nvblox_ros_python_utils:/workspaces/isaac_ros-dev/src/isaac_ros_nvblox/install/nvblox_ros_common:/workspaces/isaac_ros-dev/src/isaac_ros_nvblox/install/nvblox_msgs:${AMENT_PREFIX_PATH} CMAKE_PREFIX_PATH=/workspaces/isaac_ros-dev/src/isaac_ros_nvblox/install/nvblox_rviz_plugin:/workspaces/isaac_ros-dev/src/isaac_ros_nvblox/install/nvblox_ros_common:/workspaces/isaac_ros-dev/src/isaac_ros_nvblox/install/nvblox_msgs:/opt/ros/humble LD_LIBRARY_PATH=/workspaces/isaac_ros-dev/src/isaac_ros_nvblox/install/nvblox_rviz_plugin/lib:/workspaces/isaac_ros-dev/src/isaac_ros_nvblox/install/nvblox_ros_common/lib:/workspaces/isaac_ros-dev/src/isaac_ros_nvblox/install/nvblox_msgs/lib:${LD_LIBRARY_PATH} PYTHONPATH=/workspaces/isaac_ros-dev/src/isaac_ros_nvblox/build/nvblox_ros_python_utils:/workspaces/isaac_ros-dev/src/isaac_ros_nvblox/install/nvblox_ros_python_utils/lib/python3.10/site-packages:/workspaces/isaac_ros-dev/src/isaac_ros_nvblox/install/nvblox_msgs/local/lib/python3.10/dist-packages:${PYTHONPATH} _=/usr/bin/env /usr/bin/cmake --build /workspaces/isaac_ros-dev/src/isaac_ros_nvblox/build/nvblox_ros -- -j48 -l48
[5.996s] Invoking command in '/workspaces/isaac_ros-dev/src/isaac_ros_nvblox/build/nvblox_ros': AMENT_PREFIX_PATH=/workspaces/isaac_ros-dev/src/isaac_ros_nvblox/install/nvblox_rviz_plugin:/workspaces/isaac_ros-dev/src/isaac_ros_nvblox/install/nvblox_ros_python_utils:/workspaces/isaac_ros-dev/src/isaac_ros_nvblox/install/nvblox_ros_common:/workspaces/isaac_ros-dev/src/isaac_ros_nvblox/install/nvblox_msgs:${AMENT_PREFIX_PATH} CMAKE_PREFIX_PATH=/workspaces/isaac_ros-dev/src/isaac_ros_nvblox/install/nvblox_rviz_plugin:/workspaces/isaac_ros-dev/src/isaac_ros_nvblox/install/nvblox_ros_common:/workspaces/isaac_ros-dev/src/isaac_ros_nvblox/install/nvblox_msgs:/opt/ros/humble LD_LIBRARY_PATH=/workspaces/isaac_ros-dev/src/isaac_ros_nvblox/install/nvblox_rviz_plugin/lib:/workspaces/isaac_ros-dev/src/isaac_ros_nvblox/install/nvblox_ros_common/lib:/workspaces/isaac_ros-dev/src/isaac_ros_nvblox/install/nvblox_msgs/lib:${LD_LIBRARY_PATH} PYTHONPATH=/workspaces/isaac_ros-dev/src/isaac_ros_nvblox/build/nvblox_ros_python_utils:/workspaces/isaac_ros-dev/src/isaac_ros_nvblox/install/nvblox_ros_python_utils/lib/python3.10/site-packages:/workspaces/isaac_ros-dev/src/isaac_ros_nvblox/install/nvblox_msgs/local/lib/python3.10/dist-packages:${PYTHONPATH} _=/usr/bin/env /usr/bin/cmake --install /workspaces/isaac_ros-dev/src/isaac_ros_nvblox/build/nvblox_ros
[6.005s] -- Install configuration: "Release"
[6.005s] -- Execute custom install script
[6.008s] -- Up-to-date symlink: /workspaces/isaac_ros-dev/src/isaac_ros_nvblox/install/nvblox_ros/include/nvblox/core/color.h
[6.008s] -- Up-to-date symlink: /workspaces/isaac_ros-dev/src/isaac_ros_nvblox/install/nvblox_ros/include/nvblox/core/cuda_stream.h
[6.008s] -- Up-to-date symlink: /workspaces/isaac_ros-dev/src/isaac_ros_nvblox/install/nvblox_ros/include/nvblox/core/hash.h
[6.008s] -- Up-to-date symlink: /workspaces/isaac_ros-dev/src/isaac_ros_nvblox/install/nvblox_ros/include/nvblox/core/indexing.h
[6.008s] -- Up-to-date symlink: /workspaces/isaac_ros-dev/src/isaac_ros_nvblox/install/nvblox_ros/include/nvblox/core/internal/cuda/atomic_float.cuh
[6.008s] -- Up-to-date symlink: /workspaces/isaac_ros-dev/src/isaac_ros_nvblox/install/nvblox_ros/include/nvblox/core/internal/cuda/impl/atomic_float_impl.cuh
[6.008s] -- Up-to-date symlink: /workspaces/isaac_ros-dev/src/isaac_ros_nvblox/install/nvblox_ros/include/nvblox/core/internal/error_check.h
[6.008s] -- Up-to-date symlink: /workspaces/isaac_ros-dev/src/isaac_ros_nvblox/install/nvblox_ros/include/nvblox/core/internal/impl/indexing_impl.h
[6.009s] -- Up-to-date symlink: /workspaces/isaac_ros-dev/src/isaac_ros_nvblox/install/nvblox_ros/include/nvblox/core/internal/impl/unified_ptr_impl.h
[6.009s] -- Up-to-date symlink: /workspaces/isaac_ros-dev/src/isaac_ros_nvblox/install/nvblox_ros/include/nvblox/core/internal/impl/unified_vector_impl.h
[6.009s] -- Up-to-date symlink: /workspaces/isaac_ros-dev/src/isaac_ros_nvblox/install/nvblox_ros/include/nvblox/core/internal/impl/variadic_template_tools_impl.h
[6.009s] -- Up-to-date symlink: /workspaces/isaac_ros-dev/src/isaac_ros_nvblox/install/nvblox_ros/include/nvblox/core/internal/warmup_cuda.h
[6.009s] -- Up-to-date symlink: /workspaces/isaac_ros-dev/src/isaac_ros_nvblox/install/nvblox_ros/include/nvblox/core/iterator.h
[6.009s] -- Up-to-date symlink: /workspaces/isaac_ros-dev/src/isaac_ros_nvblox/install/nvblox_ros/include/nvblox/core/log_odds.h
[6.009s] -- Up-to-date symlink: /workspaces/isaac_ros-dev/src/isaac_ros_nvblox/install/nvblox_ros/include/nvblox/core/parameter_tree.h
[6.009s] -- Up-to-date symlink: /workspaces/isaac_ros-dev/src/isaac_ros_nvblox/install/nvblox_ros/include/nvblox/core/time.h
[6.009s] -- Up-to-date symlink: /workspaces/isaac_ros-dev/src/isaac_ros_nvblox/install/nvblox_ros/include/nvblox/core/traits.h
[6.010s] -- Up-to-date symlink: /workspaces/isaac_ros-dev/src/isaac_ros_nvblox/install/nvblox_ros/include/nvblox/core/types.h
[6.010s] -- Up-to-date symlink: /workspaces/isaac_ros-dev/src/isaac_ros_nvblox/install/nvblox_ros/include/nvblox/core/unified_ptr.h
[6.010s] -- Up-to-date symlink: /workspaces/isaac_ros-dev/src/isaac_ros_nvblox/install/nvblox_ros/include/nvblox/core/unified_vector.h
[6.010s] -- Up-to-date symlink: /workspaces/isaac_ros-dev/src/isaac_ros_nvblox/install/nvblox_ros/include/nvblox/core/variadic_template_tools.h
[6.010s] -- Up-to-date symlink: /workspaces/isaac_ros-dev/src/isaac_ros_nvblox/install/nvblox_ros/include/nvblox/dynamics/dynamics_detection.h
[6.010s] -- Up-to-date symlink: /workspaces/isaac_ros-dev/src/isaac_ros_nvblox/install/nvblox_ros/include/nvblox/geometry/bounding_boxes.h
[6.010s] -- Up-to-date symlink: /workspaces/isaac_ros-dev/src/isaac_ros_nvblox/install/nvblox_ros/include/nvblox/geometry/bounding_spheres.h
[6.010s] -- Up-to-date symlink: /workspaces/isaac_ros-dev/src/isaac_ros_nvblox/install/nvblox_ros/include/nvblox/geometry/internal/impl/bounding_boxes_impl.h
[6.010s] -- Up-to-date symlink: /workspaces/isaac_ros-dev/src/isaac_ros_nvblox/install/nvblox_ros/include/nvblox/gpu_hash/gpu_layer_view.h
[6.010s] -- Up-to-date symlink: /workspaces/isaac_ros-dev/src/isaac_ros_nvblox/install/nvblox_ros/include/nvblox/gpu_hash/internal/cuda/gpu_hash_interface.cuh
[6.011s] -- Up-to-date symlink: /workspaces/isaac_ros-dev/src/isaac_ros_nvblox/install/nvblox_ros/include/nvblox/gpu_hash/internal/cuda/gpu_indexing.cuh
[6.011s] -- Up-to-date symlink: /workspaces/isaac_ros-dev/src/isaac_ros_nvblox/install/nvblox_ros/include/nvblox/gpu_hash/internal/cuda/gpu_set.cuh
[6.011s] -- Up-to-date symlink: /workspaces/isaac_ros-dev/src/isaac_ros_nvblox/install/nvblox_ros/include/nvblox/gpu_hash/internal/cuda/impl/gpu_hash_interface_impl.cuh
[6.011s] -- Up-to-date symlink: /workspaces/isaac_ros-dev/src/isaac_ros_nvblox/install/nvblox_ros/include/nvblox/gpu_hash/internal/cuda/impl/gpu_layer_view_impl.cuh
[6.011s] -- Up-to-date symlink: /workspaces/isaac_ros-dev/src/isaac_ros_nvblox/install/nvblox_ros/include/nvblox/integrators/esdf_integrator.h
[6.011s] -- Up-to-date symlink: /workspaces/isaac_ros-dev/src/isaac_ros_nvblox/install/nvblox_ros/include/nvblox/integrators/esdf_integrator_params.h
[6.011s] -- Up-to-date symlink: /workspaces/isaac_ros-dev/src/isaac_ros_nvblox/install/nvblox_ros/include/nvblox/integrators/esdf_slicer.h
[6.011s] -- Up-to-date symlink: /workspaces/isaac_ros-dev/src/isaac_ros_nvblox/install/nvblox_ros/include/nvblox/integrators/freespace_integrator.h
[6.012s] -- Up-to-date symlink: /workspaces/isaac_ros-dev/src/isaac_ros_nvblox/install/nvblox_ros/include/nvblox/integrators/freespace_integrator_params.h
[6.012s] -- Up-to-date symlink: /workspaces/isaac_ros-dev/src/isaac_ros_nvblox/install/nvblox_ros/include/nvblox/integrators/internal/cuda/impl/decayer_impl.cuh
[6.012s] -- Up-to-date symlink: /workspaces/isaac_ros-dev/src/isaac_ros_nvblox/install/nvblox_ros/include/nvblox/integrators/internal/cuda/impl/projective_integrator_impl.cuh
[6.012s] -- Up-to-date symlink: /workspaces/isaac_ros-dev/src/isaac_ros_nvblox/install/nvblox_ros/include/nvblox/integrators/internal/cuda/impl/projective_integrators_common_impl.cuh
[6.012s] -- Up-to-date symlink: /workspaces/isaac_ros-dev/src/isaac_ros_nvblox/install/nvblox_ros/include/nvblox/integrators/internal/cuda/projective_integrators_common.cuh
[6.012s] -- Up-to-date symlink: /workspaces/isaac_ros-dev/src/isaac_ros_nvblox/install/nvblox_ros/include/nvblox/integrators/internal/decay_integrator_base.h
[6.012s] -- Up-to-date symlink: /workspaces/isaac_ros-dev/src/isaac_ros_nvblox/install/nvblox_ros/include/nvblox/integrators/internal/decay_integrator_base_params.h
[6.012s] -- Up-to-date symlink: /workspaces/isaac_ros-dev/src/isaac_ros_nvblox/install/nvblox_ros/include/nvblox/integrators/internal/decayer.h
[6.012s] -- Up-to-date symlink: /workspaces/isaac_ros-dev/src/isaac_ros_nvblox/install/nvblox_ros/include/nvblox/integrators/internal/impl/decay_integrator_impl.h
[6.013s] -- Up-to-date symlink: /workspaces/isaac_ros-dev/src/isaac_ros_nvblox/install/nvblox_ros/include/nvblox/integrators/internal/impl/integrators_common_impl.h
[6.013s] -- Up-to-date symlink: /workspaces/isaac_ros-dev/src/isaac_ros_nvblox/install/nvblox_ros/include/nvblox/integrators/internal/impl/projective_integrator_impl.h
[6.013s] -- Up-to-date symlink: /workspaces/isaac_ros-dev/src/isaac_ros_nvblox/install/nvblox_ros/include/nvblox/integrators/internal/impl/weighting_function_impl.h
[6.013s] -- Up-to-date symlink: /workspaces/isaac_ros-dev/src/isaac_ros_nvblox/install/nvblox_ros/include/nvblox/integrators/internal/integrators_common.h
[6.013s] -- Up-to-date symlink: /workspaces/isaac_ros-dev/src/isaac_ros_nvblox/install/nvblox_ros/include/nvblox/integrators/internal/projective_integrator.h
[6.013s] -- Up-to-date symlink: /workspaces/isaac_ros-dev/src/isaac_ros_nvblox/install/nvblox_ros/include/nvblox/integrators/mesh_integrator_params.h
[6.013s] -- Up-to-date symlink: /workspaces/isaac_ros-dev/src/isaac_ros_nvblox/install/nvblox_ros/include/nvblox/integrators/occupancy_decay_integrator.h
[6.013s] -- Up-to-date symlink: /workspaces/isaac_ros-dev/src/isaac_ros_nvblox/install/nvblox_ros/include/nvblox/integrators/occupancy_decay_integrator_params.h
[6.013s] -- Up-to-date symlink: /workspaces/isaac_ros-dev/src/isaac_ros_nvblox/install/nvblox_ros/include/nvblox/integrators/occupancy_integrator_params.h
[6.014s] -- Up-to-date symlink: /workspaces/isaac_ros-dev/src/isaac_ros_nvblox/install/nvblox_ros/include/nvblox/integrators/projective_color_integrator.h
[6.014s] -- Up-to-date symlink: /workspaces/isaac_ros-dev/src/isaac_ros_nvblox/install/nvblox_ros/include/nvblox/integrators/projective_integrator_params.h
[6.014s] -- Up-to-date symlink: /workspaces/isaac_ros-dev/src/isaac_ros_nvblox/install/nvblox_ros/include/nvblox/integrators/projective_occupancy_integrator.h
[6.014s] -- Up-to-date symlink: /workspaces/isaac_ros-dev/src/isaac_ros_nvblox/install/nvblox_ros/include/nvblox/integrators/projective_tsdf_integrator.h
[6.014s] -- Up-to-date symlink: /workspaces/isaac_ros-dev/src/isaac_ros_nvblox/install/nvblox_ros/include/nvblox/integrators/tsdf_decay_integrator.h
[6.014s] -- Up-to-date symlink: /workspaces/isaac_ros-dev/src/isaac_ros_nvblox/install/nvblox_ros/include/nvblox/integrators/tsdf_decay_integrator_params.h
[6.014s] -- Up-to-date symlink: /workspaces/isaac_ros-dev/src/isaac_ros_nvblox/install/nvblox_ros/include/nvblox/integrators/view_calculator.h
[6.014s] -- Up-to-date symlink: /workspaces/isaac_ros-dev/src/isaac_ros_nvblox/install/nvblox_ros/include/nvblox/integrators/weighting_function.h
[6.014s] -- Up-to-date symlink: /workspaces/isaac_ros-dev/src/isaac_ros_nvblox/install/nvblox_ros/include/nvblox/interpolation/internal/impl/interpolation_2d_impl.h
[6.015s] -- Up-to-date symlink: /workspaces/isaac_ros-dev/src/isaac_ros_nvblox/install/nvblox_ros/include/nvblox/interpolation/internal/impl/interpolation_3d_impl.h
[6.015s] -- Up-to-date symlink: /workspaces/isaac_ros-dev/src/isaac_ros_nvblox/install/nvblox_ros/include/nvblox/interpolation/interpolation_2d.h
[6.015s] -- Up-to-date symlink: /workspaces/isaac_ros-dev/src/isaac_ros_nvblox/install/nvblox_ros/include/nvblox/interpolation/interpolation_3d.h
[6.015s] -- Up-to-date symlink: /workspaces/isaac_ros-dev/src/isaac_ros_nvblox/install/nvblox_ros/include/nvblox/io/csv.h
[6.015s] -- Up-to-date symlink: /workspaces/isaac_ros-dev/src/isaac_ros_nvblox/install/nvblox_ros/include/nvblox/io/image_io.h
[6.015s] -- Up-to-date symlink: /workspaces/isaac_ros-dev/src/isaac_ros_nvblox/install/nvblox_ros/include/nvblox/io/internal/impl/csv_impl.h
[6.015s] -- Up-to-date symlink: /workspaces/isaac_ros-dev/src/isaac_ros_nvblox/install/nvblox_ros/include/nvblox/io/internal/impl/pointcloud_io_impl.h
[6.015s] -- Up-to-date symlink: /workspaces/isaac_ros-dev/src/isaac_ros_nvblox/install/nvblox_ros/include/nvblox/io/internal/thirdparty/stb_image.h
[6.015s] -- Up-to-date symlink: /workspaces/isaac_ros-dev/src/isaac_ros_nvblox/install/nvblox_ros/include/nvblox/io/internal/thirdparty/stb_image_write.h
[6.015s] -- Up-to-date symlink: /workspaces/isaac_ros-dev/src/isaac_ros_nvblox/install/nvblox_ros/include/nvblox/io/layer_cake_io.h
[6.016s] -- Up-to-date symlink: /workspaces/isaac_ros-dev/src/isaac_ros_nvblox/install/nvblox_ros/include/nvblox/io/mesh_io.h
[6.016s] -- Up-to-date symlink: /workspaces/isaac_ros-dev/src/isaac_ros_nvblox/install/nvblox_ros/include/nvblox/io/ply_writer.h
[6.016s] -- Up-to-date symlink: /workspaces/isaac_ros-dev/src/isaac_ros_nvblox/install/nvblox_ros/include/nvblox/io/pointcloud_io.h
[6.016s] -- Up-to-date symlink: /workspaces/isaac_ros-dev/src/isaac_ros_nvblox/install/nvblox_ros/include/nvblox/map/accessors.h
[6.016s] -- Up-to-date symlink: /workspaces/isaac_ros-dev/src/isaac_ros_nvblox/install/nvblox_ros/include/nvblox/map/blocks_to_update_tracker.h
[6.016s] -- Up-to-date symlink: /workspaces/isaac_ros-dev/src/isaac_ros_nvblox/install/nvblox_ros/include/nvblox/map/blox.h
[6.016s] -- Up-to-date symlink: /workspaces/isaac_ros-dev/src/isaac_ros_nvblox/install/nvblox_ros/include/nvblox/map/common_names.h
[6.016s] -- Up-to-date symlink: /workspaces/isaac_ros-dev/src/isaac_ros_nvblox/install/nvblox_ros/include/nvblox/map/internal/block_memory_pool.h
[6.016s] -- Up-to-date symlink: /workspaces/isaac_ros-dev/src/isaac_ros_nvblox/install/nvblox_ros/include/nvblox/map/internal/cuda/impl/layer_impl.cuh
[6.017s] -- Up-to-date symlink: /workspaces/isaac_ros-dev/src/isaac_ros_nvblox/install/nvblox_ros/include/nvblox/map/internal/cuda/impl/layer_to_3d_grid_impl.cuh
[6.017s] -- Up-to-date symlink: /workspaces/isaac_ros-dev/src/isaac_ros_nvblox/install/nvblox_ros/include/nvblox/map/internal/cuda/layer_to_3d_grid.cuh
[6.017s] -- Up-to-date symlink: /workspaces/isaac_ros-dev/src/isaac_ros_nvblox/install/nvblox_ros/include/nvblox/map/internal/impl/accessors_impl.h
[6.017s] -- Up-to-date symlink: /workspaces/isaac_ros-dev/src/isaac_ros_nvblox/install/nvblox_ros/include/nvblox/map/internal/impl/block_memory_pool_impl.h
[6.017s] -- Up-to-date symlink: /workspaces/isaac_ros-dev/src/isaac_ros_nvblox/install/nvblox_ros/include/nvblox/map/internal/impl/blox_impl.h
[6.017s] -- Up-to-date symlink: /workspaces/isaac_ros-dev/src/isaac_ros_nvblox/install/nvblox_ros/include/nvblox/map/internal/impl/layer_cake_impl.h
[6.017s] -- Up-to-date symlink: /workspaces/isaac_ros-dev/src/isaac_ros_nvblox/install/nvblox_ros/include/nvblox/map/internal/impl/layer_impl.h
[6.017s] -- Up-to-date symlink: /workspaces/isaac_ros-dev/src/isaac_ros_nvblox/install/nvblox_ros/include/nvblox/map/internal/impl/unified_3d_grid_impl.h
[6.017s] -- Up-to-date symlink: /workspaces/isaac_ros-dev/src/isaac_ros_nvblox/install/nvblox_ros/include/nvblox/map/layer.h
[6.018s] -- Up-to-date symlink: /workspaces/isaac_ros-dev/src/isaac_ros_nvblox/install/nvblox_ros/include/nvblox/map/layer_cake.h
[6.018s] -- Up-to-date symlink: /workspaces/isaac_ros-dev/src/isaac_ros_nvblox/install/nvblox_ros/include/nvblox/map/unified_3d_grid.h
[6.018s] -- Up-to-date symlink: /workspaces/isaac_ros-dev/src/isaac_ros_nvblox/install/nvblox_ros/include/nvblox/map/voxels.h
[6.018s] -- Up-to-date symlink: /workspaces/isaac_ros-dev/src/isaac_ros_nvblox/install/nvblox_ros/include/nvblox/map_saving/internal/block_serialization.h
[6.018s] -- Up-to-date symlink: /workspaces/isaac_ros-dev/src/isaac_ros_nvblox/install/nvblox_ros/include/nvblox/map_saving/internal/common_types.h
[6.018s] -- Up-to-date symlink: /workspaces/isaac_ros-dev/src/isaac_ros_nvblox/install/nvblox_ros/include/nvblox/map_saving/internal/impl/block_serialization_impl.h
[6.018s] -- Up-to-date symlink: /workspaces/isaac_ros-dev/src/isaac_ros_nvblox/install/nvblox_ros/include/nvblox/map_saving/internal/impl/common_types_impl.h
[6.018s] -- Up-to-date symlink: /workspaces/isaac_ros-dev/src/isaac_ros_nvblox/install/nvblox_ros/include/nvblox/map_saving/internal/impl/layer_serialization_impl.h
[6.018s] -- Up-to-date symlink: /workspaces/isaac_ros-dev/src/isaac_ros_nvblox/install/nvblox_ros/include/nvblox/map_saving/internal/layer_serialization.h
[6.019s] -- Up-to-date symlink: /workspaces/isaac_ros-dev/src/isaac_ros_nvblox/install/nvblox_ros/include/nvblox/map_saving/internal/layer_type_register.h
[6.019s] -- Up-to-date symlink: /workspaces/isaac_ros-dev/src/isaac_ros_nvblox/install/nvblox_ros/include/nvblox/map_saving/internal/serializer.h
[6.019s] -- Up-to-date symlink: /workspaces/isaac_ros-dev/src/isaac_ros_nvblox/install/nvblox_ros/include/nvblox/map_saving/internal/sqlite_database.h
[6.019s] -- Up-to-date symlink: /workspaces/isaac_ros-dev/src/isaac_ros_nvblox/install/nvblox_ros/include/nvblox/mapper/mapper.h
[6.019s] -- Up-to-date symlink: /workspaces/isaac_ros-dev/src/isaac_ros_nvblox/install/nvblox_ros/include/nvblox/mapper/mapper_params.h
[6.019s] -- Up-to-date symlink: /workspaces/isaac_ros-dev/src/isaac_ros_nvblox/install/nvblox_ros/include/nvblox/mapper/multi_mapper.h
[6.019s] -- Up-to-date symlink: /workspaces/isaac_ros-dev/src/isaac_ros_nvblox/install/nvblox_ros/include/nvblox/mesh/internal/cuda/marching_cubes.cuh
[6.019s] -- Up-to-date symlink: /workspaces/isaac_ros-dev/src/isaac_ros_nvblox/install/nvblox_ros/include/nvblox/mesh/internal/impl/cuda/marching_cubes_impl.cuh
[6.020s] -- Up-to-date symlink: /workspaces/isaac_ros-dev/src/isaac_ros_nvblox/install/nvblox_ros/include/nvblox/mesh/internal/impl/marching_cubes_impl.h
[6.020s] -- Up-to-date symlink: /workspaces/isaac_ros-dev/src/isaac_ros_nvblox/install/nvblox_ros/include/nvblox/mesh/internal/impl/marching_cubes_table.h
[6.020s] -- Up-to-date symlink: /workspaces/isaac_ros-dev/src/isaac_ros_nvblox/install/nvblox_ros/include/nvblox/mesh/internal/marching_cubes.h
[6.020s] -- Up-to-date symlink: /workspaces/isaac_ros-dev/src/isaac_ros_nvblox/install/nvblox_ros/include/nvblox/mesh/mesh.h
[6.020s] -- Up-to-date symlink: /workspaces/isaac_ros-dev/src/isaac_ros_nvblox/install/nvblox_ros/include/nvblox/mesh/mesh_block.h
[6.020s] -- Up-to-date symlink: /workspaces/isaac_ros-dev/src/isaac_ros_nvblox/install/nvblox_ros/include/nvblox/mesh/mesh_integrator.h
[6.020s] -- Up-to-date symlink: /workspaces/isaac_ros-dev/src/isaac_ros_nvblox/install/nvblox_ros/include/nvblox/mesh/mesh_streamer.h
[6.020s] -- Up-to-date symlink: /workspaces/isaac_ros-dev/src/isaac_ros_nvblox/install/nvblox_ros/include/nvblox/nvblox.h
[6.020s] -- Up-to-date symlink: /workspaces/isaac_ros-dev/src/isaac_ros_nvblox/install/nvblox_ros/include/nvblox/primitives/internal/impl/scene_impl.h
[6.021s] -- Up-to-date symlink: /workspaces/isaac_ros-dev/src/isaac_ros_nvblox/install/nvblox_ros/include/nvblox/primitives/primitives.h
[6.021s] -- Up-to-date symlink: /workspaces/isaac_ros-dev/src/isaac_ros_nvblox/install/nvblox_ros/include/nvblox/primitives/scene.h
[6.021s] -- Up-to-date symlink: /workspaces/isaac_ros-dev/src/isaac_ros_nvblox/install/nvblox_ros/include/nvblox/rays/internal/impl/ray_caster_impl.h
[6.021s] -- Up-to-date symlink: /workspaces/isaac_ros-dev/src/isaac_ros_nvblox/install/nvblox_ros/include/nvblox/rays/ray_caster.h
[6.021s] -- Up-to-date symlink: /workspaces/isaac_ros-dev/src/isaac_ros_nvblox/install/nvblox_ros/include/nvblox/rays/sphere_tracer.h
[6.021s] -- Up-to-date symlink: /workspaces/isaac_ros-dev/src/isaac_ros_nvblox/install/nvblox_ros/include/nvblox/semantics/image_masker.h
[6.021s] -- Up-to-date symlink: /workspaces/isaac_ros-dev/src/isaac_ros_nvblox/install/nvblox_ros/include/nvblox/semantics/image_projector.h
[6.021s] -- Up-to-date symlink: /workspaces/isaac_ros-dev/src/isaac_ros_nvblox/install/nvblox_ros/include/nvblox/sensors/camera.h
[6.021s] -- Up-to-date symlink: /workspaces/isaac_ros-dev/src/isaac_ros_nvblox/install/nvblox_ros/include/nvblox/sensors/connected_components.h
[6.021s] -- Up-to-date symlink: /workspaces/isaac_ros-dev/src/isaac_ros_nvblox/install/nvblox_ros/include/nvblox/sensors/depth_preprocessing.h
[6.022s] -- Up-to-date symlink: /workspaces/isaac_ros-dev/src/isaac_ros_nvblox/install/nvblox_ros/include/nvblox/sensors/image.h
[6.022s] -- Up-to-date symlink: /workspaces/isaac_ros-dev/src/isaac_ros_nvblox/install/nvblox_ros/include/nvblox/sensors/internal/image_cache.h
[6.022s] -- Up-to-date symlink: /workspaces/isaac_ros-dev/src/isaac_ros_nvblox/install/nvblox_ros/include/nvblox/sensors/internal/impl/camera_impl.h
[6.022s] -- Up-to-date symlink: /workspaces/isaac_ros-dev/src/isaac_ros_nvblox/install/nvblox_ros/include/nvblox/sensors/internal/impl/image_cache_impl.h
[6.022s] -- Up-to-date symlink: /workspaces/isaac_ros-dev/src/isaac_ros_nvblox/install/nvblox_ros/include/nvblox/sensors/internal/impl/image_cuda_impl.h
[6.022s] -- Up-to-date symlink: /workspaces/isaac_ros-dev/src/isaac_ros_nvblox/install/nvblox_ros/include/nvblox/sensors/internal/impl/image_impl.h
[6.022s] -- Up-to-date symlink: /workspaces/isaac_ros-dev/src/isaac_ros_nvblox/install/nvblox_ros/include/nvblox/sensors/internal/impl/lidar_impl.h
[6.022s] -- Up-to-date symlink: /workspaces/isaac_ros-dev/src/isaac_ros_nvblox/install/nvblox_ros/include/nvblox/sensors/lidar.h
[6.022s] -- Up-to-date symlink: /workspaces/isaac_ros-dev/src/isaac_ros_nvblox/install/nvblox_ros/include/nvblox/sensors/npp_image_operations.h
[6.023s] -- Up-to-date symlink: /workspaces/isaac_ros-dev/src/isaac_ros_nvblox/install/nvblox_ros/include/nvblox/sensors/pointcloud.h
[6.023s] -- Up-to-date symlink: /workspaces/isaac_ros-dev/src/isaac_ros_nvblox/install/nvblox_ros/include/nvblox/serialization/internal/impl/layer_serializer_gpu_impl.h
[6.023s] -- Up-to-date symlink: /workspaces/isaac_ros-dev/src/isaac_ros_nvblox/install/nvblox_ros/include/nvblox/serialization/internal/serialization_gpu.h
[6.023s] -- Up-to-date symlink: /workspaces/isaac_ros-dev/src/isaac_ros_nvblox/install/nvblox_ros/include/nvblox/serialization/layer_serializer_gpu.h
[6.023s] -- Up-to-date symlink: /workspaces/isaac_ros-dev/src/isaac_ros_nvblox/install/nvblox_ros/include/nvblox/serialization/mesh_serializer_gpu.h
[6.023s] -- Up-to-date symlink: /workspaces/isaac_ros-dev/src/isaac_ros_nvblox/install/nvblox_ros/include/nvblox/utils/delays.h
[6.023s] -- Up-to-date symlink: /workspaces/isaac_ros-dev/src/isaac_ros_nvblox/install/nvblox_ros/include/nvblox/utils/internal/impl/rates_impl.h
[6.023s] -- Up-to-date symlink: /workspaces/isaac_ros-dev/src/isaac_ros_nvblox/install/nvblox_ros/include/nvblox/utils/logging.h
[6.023s] -- Up-to-date symlink: /workspaces/isaac_ros-dev/src/isaac_ros_nvblox/install/nvblox_ros/include/nvblox/utils/nvtx_ranges.h
[6.024s] -- Up-to-date symlink: /workspaces/isaac_ros-dev/src/isaac_ros_nvblox/install/nvblox_ros/include/nvblox/utils/params.h
[6.024s] -- Up-to-date symlink: /workspaces/isaac_ros-dev/src/isaac_ros_nvblox/install/nvblox_ros/include/nvblox/utils/rates.h
[6.024s] -- Up-to-date symlink: /workspaces/isaac_ros-dev/src/isaac_ros_nvblox/install/nvblox_ros/include/nvblox/utils/timing.h
[6.024s] -- Up-to-date symlink: /workspaces/isaac_ros-dev/src/isaac_ros_nvblox/install/nvblox_ros/include/nvblox/datasets/3dmatch.h
[6.024s] -- Up-to-date symlink: /workspaces/isaac_ros-dev/src/isaac_ros_nvblox/install/nvblox_ros/include/nvblox/datasets/data_loader.h
[6.024s] -- Up-to-date symlink: /workspaces/isaac_ros-dev/src/isaac_ros_nvblox/install/nvblox_ros/include/nvblox/datasets/image_loader.h
[6.024s] -- Up-to-date symlink: /workspaces/isaac_ros-dev/src/isaac_ros_nvblox/install/nvblox_ros/include/nvblox/datasets/impl/image_loader_impl.h
[6.025s] -- Up-to-date symlink: /workspaces/isaac_ros-dev/src/isaac_ros_nvblox/install/nvblox_ros/include/nvblox/datasets/redwood.h
[6.025s] -- Up-to-date symlink: /workspaces/isaac_ros-dev/src/isaac_ros_nvblox/install/nvblox_ros/include/nvblox/datasets/replica.h
[6.025s] -- Up-to-date symlink: /workspaces/isaac_ros-dev/src/isaac_ros_nvblox/install/nvblox_ros/include/nvblox/executables/fuser.h
[6.025s] -- Up-to-date symlink: /workspaces/isaac_ros-dev/src/isaac_ros_nvblox/install/nvblox_ros/include/nvblox/gflags_param_loading/fuser_params_from_gflags.h
[6.025s] -- Up-to-date symlink: /workspaces/isaac_ros-dev/src/isaac_ros_nvblox/install/nvblox_ros/include/nvblox/gflags_param_loading/mapper_params_from_gflags.h
[6.035s] -- Up-to-date symlink: /workspaces/isaac_ros-dev/src/isaac_ros_nvblox/install/nvblox_ros/include/eigen3/Eigen/Cholesky
[6.035s] -- Up-to-date symlink: /workspaces/isaac_ros-dev/src/isaac_ros_nvblox/install/nvblox_ros/include/eigen3/Eigen/CholmodSupport
[6.035s] -- Up-to-date symlink: /workspaces/isaac_ros-dev/src/isaac_ros_nvblox/install/nvblox_ros/include/eigen3/Eigen/Core
[6.036s] -- Up-to-date symlink: /workspaces/isaac_ros-dev/src/isaac_ros_nvblox/install/nvblox_ros/include/eigen3/Eigen/Dense
[6.036s] -- Up-to-date symlink: /workspaces/isaac_ros-dev/src/isaac_ros_nvblox/install/nvblox_ros/include/eigen3/Eigen/Eigen
[6.036s] -- Up-to-date symlink: /workspaces/isaac_ros-dev/src/isaac_ros_nvblox/install/nvblox_ros/include/eigen3/Eigen/Eigenvalues
[6.036s] -- Up-to-date symlink: /workspaces/isaac_ros-dev/src/isaac_ros_nvblox/install/nvblox_ros/include/eigen3/Eigen/Geometry
[6.036s] -- Up-to-date symlink: /workspaces/isaac_ros-dev/src/isaac_ros_nvblox/install/nvblox_ros/include/eigen3/Eigen/Householder
[6.036s] -- Up-to-date symlink: /workspaces/isaac_ros-dev/src/isaac_ros_nvblox/install/nvblox_ros/include/eigen3/Eigen/IterativeLinearSolvers
[6.036s] -- Up-to-date symlink: /workspaces/isaac_ros-dev/src/isaac_ros_nvblox/install/nvblox_ros/include/eigen3/Eigen/Jacobi
[6.036s] -- Up-to-date symlink: /workspaces/isaac_ros-dev/src/isaac_ros_nvblox/install/nvblox_ros/include/eigen3/Eigen/KLUSupport
[6.036s] -- Up-to-date symlink: /workspaces/isaac_ros-dev/src/isaac_ros_nvblox/install/nvblox_ros/include/eigen3/Eigen/LU
[6.037s] -- Up-to-date symlink: /workspaces/isaac_ros-dev/src/isaac_ros_nvblox/install/nvblox_ros/include/eigen3/Eigen/MetisSupport
[6.037s] -- Up-to-date symlink: /workspaces/isaac_ros-dev/src/isaac_ros_nvblox/install/nvblox_ros/include/eigen3/Eigen/OrderingMethods
[6.037s] -- Up-to-date symlink: /workspaces/isaac_ros-dev/src/isaac_ros_nvblox/install/nvblox_ros/include/eigen3/Eigen/PaStiXSupport
[6.037s] -- Up-to-date symlink: /workspaces/isaac_ros-dev/src/isaac_ros_nvblox/install/nvblox_ros/include/eigen3/Eigen/PardisoSupport
[6.037s] -- Up-to-date symlink: /workspaces/isaac_ros-dev/src/isaac_ros_nvblox/install/nvblox_ros/include/eigen3/Eigen/QR
[6.037s] -- Up-to-date symlink: /workspaces/isaac_ros-dev/src/isaac_ros_nvblox/install/nvblox_ros/include/eigen3/Eigen/QtAlignedMalloc
[6.037s] -- Up-to-date symlink: /workspaces/isaac_ros-dev/src/isaac_ros_nvblox/install/nvblox_ros/include/eigen3/Eigen/SPQRSupport
[6.037s] -- Up-to-date symlink: /workspaces/isaac_ros-dev/src/isaac_ros_nvblox/install/nvblox_ros/include/eigen3/Eigen/SVD
[6.037s] -- Up-to-date symlink: /workspaces/isaac_ros-dev/src/isaac_ros_nvblox/install/nvblox_ros/include/eigen3/Eigen/Sparse
[6.038s] -- Up-to-date symlink: /workspaces/isaac_ros-dev/src/isaac_ros_nvblox/install/nvblox_ros/include/eigen3/Eigen/SparseCholesky
[6.038s] -- Up-to-date symlink: /workspaces/isaac_ros-dev/src/isaac_ros_nvblox/install/nvblox_ros/include/eigen3/Eigen/SparseCore
[6.038s] -- Up-to-date symlink: /workspaces/isaac_ros-dev/src/isaac_ros_nvblox/install/nvblox_ros/include/eigen3/Eigen/SparseLU
[6.038s] -- Up-to-date symlink: /workspaces/isaac_ros-dev/src/isaac_ros_nvblox/install/nvblox_ros/include/eigen3/Eigen/SparseQR
[6.038s] -- Up-to-date symlink: /workspaces/isaac_ros-dev/src/isaac_ros_nvblox/install/nvblox_ros/include/eigen3/Eigen/StdDeque
[6.038s] -- Up-to-date symlink: /workspaces/isaac_ros-dev/src/isaac_ros_nvblox/install/nvblox_ros/include/eigen3/Eigen/StdList
[6.038s] -- Up-to-date symlink: /workspaces/isaac_ros-dev/src/isaac_ros_nvblox/install/nvblox_ros/include/eigen3/Eigen/StdVector
[6.038s] -- Up-to-date symlink: /workspaces/isaac_ros-dev/src/isaac_ros_nvblox/install/nvblox_ros/include/eigen3/Eigen/SuperLUSupport
[6.038s] -- Up-to-date symlink: /workspaces/isaac_ros-dev/src/isaac_ros_nvblox/install/nvblox_ros/include/eigen3/Eigen/UmfPackSupport
[6.039s] -- Up-to-date symlink: /workspaces/isaac_ros-dev/src/isaac_ros_nvblox/install/nvblox_ros/include/eigen3/Eigen/src/Cholesky/LDLT.h
[6.039s] -- Up-to-date symlink: /workspaces/isaac_ros-dev/src/isaac_ros_nvblox/install/nvblox_ros/include/eigen3/Eigen/src/Cholesky/LLT.h
[6.039s] -- Up-to-date symlink: /workspaces/isaac_ros-dev/src/isaac_ros_nvblox/install/nvblox_ros/include/eigen3/Eigen/src/Cholesky/LLT_LAPACKE.h
[6.039s] -- Up-to-date symlink: /workspaces/isaac_ros-dev/src/isaac_ros_nvblox/install/nvblox_ros/include/eigen3/Eigen/src/CholmodSupport/CholmodSupport.h
[6.039s] -- Up-to-date symlink: /workspaces/isaac_ros-dev/src/isaac_ros_nvblox/install/nvblox_ros/include/eigen3/Eigen/src/Core/ArithmeticSequence.h
[6.039s] -- Up-to-date symlink: /workspaces/isaac_ros-dev/src/isaac_ros_nvblox/install/nvblox_ros/include/eigen3/Eigen/src/Core/Array.h
[6.039s] -- Up-to-date symlink: /workspaces/isaac_ros-dev/src/isaac_ros_nvblox/install/nvblox_ros/include/eigen3/Eigen/src/Core/ArrayBase.h
[6.039s] -- Up-to-date symlink: /workspaces/isaac_ros-dev/src/isaac_ros_nvblox/install/nvblox_ros/include/eigen3/Eigen/src/Core/ArrayWrapper.h
[6.040s] -- Up-to-date symlink: /workspaces/isaac_ros-dev/src/isaac_ros_nvblox/install/nvblox_ros/include/eigen3/Eigen/src/Core/Assign.h
[6.040s] -- Up-to-date symlink: /workspaces/isaac_ros-dev/src/isaac_ros_nvblox/install/nvblox_ros/include/eigen3/Eigen/src/Core/AssignEvaluator.h
[6.040s] -- Up-to-date symlink: /workspaces/isaac_ros-dev/src/isaac_ros_nvblox/install/nvblox_ros/include/eigen3/Eigen/src/Core/Assign_MKL.h
[6.040s] -- Up-to-date symlink: /workspaces/isaac_ros-dev/src/isaac_ros_nvblox/install/nvblox_ros/include/eigen3/Eigen/src/Core/BandMatrix.h
[6.040s] -- Up-to-date symlink: /workspaces/isaac_ros-dev/src/isaac_ros_nvblox/install/nvblox_ros/include/eigen3/Eigen/src/Core/Block.h
[6.040s] -- Up-to-date symlink: /workspaces/isaac_ros-dev/src/isaac_ros_nvblox/install/nvblox_ros/include/eigen3/Eigen/src/Core/BooleanRedux.h
[6.040s] -- Up-to-date symlink: /workspaces/isaac_ros-dev/src/isaac_ros_nvblox/install/nvblox_ros/include/eigen3/Eigen/src/Core/CommaInitializer.h
[6.040s] -- Up-to-date symlink: /workspaces/isaac_ros-dev/src/isaac_ros_nvblox/install/nvblox_ros/include/eigen3/Eigen/src/Core/ConditionEstimator.h
[6.040s] -- Up-to-date symlink: /workspaces/isaac_ros-dev/src/isaac_ros_nvblox/install/nvblox_ros/include/eigen3/Eigen/src/Core/CoreEvaluators.h
[6.041s] -- Up-to-date symlink: /workspaces/isaac_ros-dev/src/isaac_ros_nvblox/install/nvblox_ros/include/eigen3/Eigen/src/Core/CoreIterators.h
[6.041s] -- Up-to-date symlink: /workspaces/isaac_ros-dev/src/isaac_ros_nvblox/install/nvblox_ros/include/eigen3/Eigen/src/Core/CwiseBinaryOp.h
[6.041s] -- Up-to-date symlink: /workspaces/isaac_ros-dev/src/isaac_ros_nvblox/install/nvblox_ros/include/eigen3/Eigen/src/Core/CwiseNullaryOp.h
[6.041s] -- Up-to-date symlink: /workspaces/isaac_ros-dev/src/isaac_ros_nvblox/install/nvblox_ros/include/eigen3/Eigen/src/Core/CwiseTernaryOp.h
[6.041s] -- Up-to-date symlink: /workspaces/isaac_ros-dev/src/isaac_ros_nvblox/install/nvblox_ros/include/eigen3/Eigen/src/Core/CwiseUnaryOp.h
[6.041s] -- Up-to-date symlink: /workspaces/isaac_ros-dev/src/isaac_ros_nvblox/install/nvblox_ros/include/eigen3/Eigen/src/Core/CwiseUnaryView.h
[6.041s] -- Up-to-date symlink: /workspaces/isaac_ros-dev/src/isaac_ros_nvblox/install/nvblox_ros/include/eigen3/Eigen/src/Core/DenseBase.h
[6.041s] -- Up-to-date symlink: /workspaces/isaac_ros-dev/src/isaac_ros_nvblox/install/nvblox_ros/include/eigen3/Eigen/src/Core/DenseCoeffsBase.h
[6.042s] -- Up-to-date symlink: /workspaces/isaac_ros-dev/src/isaac_ros_nvblox/install/nvblox_ros/include/eigen3/Eigen/src/Core/DenseStorage.h
[6.042s] -- Up-to-date symlink: /workspaces/isaac_ros-dev/src/isaac_ros_nvblox/install/nvblox_ros/include/eigen3/Eigen/src/Core/Diagonal.h
[6.042s] -- Up-to-date symlink: /workspaces/isaac_ros-dev/src/isaac_ros_nvblox/install/nvblox_ros/include/eigen3/Eigen/src/Core/DiagonalMatrix.h
[6.042s] -- Up-to-date symlink: /workspaces/isaac_ros-dev/src/isaac_ros_nvblox/install/nvblox_ros/include/eigen3/Eigen/src/Core/DiagonalProduct.h
[6.042s] -- Up-to-date symlink: /workspaces/isaac_ros-dev/src/isaac_ros_nvblox/install/nvblox_ros/include/eigen3/Eigen/src/Core/Dot.h
[6.042s] -- Up-to-date symlink: /workspaces/isaac_ros-dev/src/isaac_ros_nvblox/install/nvblox_ros/include/eigen3/Eigen/src/Core/EigenBase.h
[6.042s] -- Up-to-date symlink: /workspaces/isaac_ros-dev/src/isaac_ros_nvblox/install/nvblox_ros/include/eigen3/Eigen/src/Core/ForceAlignedAccess.h
[6.042s] -- Up-to-date symlink: /workspaces/isaac_ros-dev/src/isaac_ros_nvblox/install/nvblox_ros/include/eigen3/Eigen/src/Core/Fuzzy.h
[6.043s] -- Up-to-date symlink: /workspaces/isaac_ros-dev/src/isaac_ros_nvblox/install/nvblox_ros/include/eigen3/Eigen/src/Core/GeneralProduct.h
[6.043s] -- Up-to-date symlink: /workspaces/isaac_ros-dev/src/isaac_ros_nvblox/install/nvblox_ros/include/eigen3/Eigen/src/Core/GenericPacketMath.h
[6.043s] -- Up-to-date symlink: /workspaces/isaac_ros-dev/src/isaac_ros_nvblox/install/nvblox_ros/include/eigen3/Eigen/src/Core/GlobalFunctions.h
[6.043s] -- Up-to-date symlink: /workspaces/isaac_ros-dev/src/isaac_ros_nvblox/install/nvblox_ros/include/eigen3/Eigen/src/Core/IO.h
[6.043s] -- Up-to-date symlink: /workspaces/isaac_ros-dev/src/isaac_ros_nvblox/install/nvblox_ros/include/eigen3/Eigen/src/Core/IndexedView.h
[6.043s] -- Up-to-date symlink: /workspaces/isaac_ros-dev/src/isaac_ros_nvblox/install/nvblox_ros/include/eigen3/Eigen/src/Core/Inverse.h
[6.043s] -- Up-to-date symlink: /workspaces/isaac_ros-dev/src/isaac_ros_nvblox/install/nvblox_ros/include/eigen3/Eigen/src/Core/Map.h
[6.043s] -- Up-to-date symlink: /workspaces/isaac_ros-dev/src/isaac_ros_nvblox/install/nvblox_ros/include/eigen3/Eigen/src/Core/MapBase.h
[6.044s] -- Up-to-date symlink: /workspaces/isaac_ros-dev/src/isaac_ros_nvblox/install/nvblox_ros/include/eigen3/Eigen/src/Core/MathFunctions.h
[6.044s] -- Up-to-date symlink: /workspaces/isaac_ros-dev/src/isaac_ros_nvblox/install/nvblox_ros/include/eigen3/Eigen/src/Core/MathFunctionsImpl.h
[6.044s] -- Up-to-date symlink: /workspaces/isaac_ros-dev/src/isaac_ros_nvblox/install/nvblox_ros/include/eigen3/Eigen/src/Core/Matrix.h
[6.044s] -- Up-to-date symlink: /workspaces/isaac_ros-dev/src/isaac_ros_nvblox/install/nvblox_ros/include/eigen3/Eigen/src/Core/MatrixBase.h
[6.044s] -- Up-to-date symlink: /workspaces/isaac_ros-dev/src/isaac_ros_nvblox/install/nvblox_ros/include/eigen3/Eigen/src/Core/NestByValue.h
[6.044s] -- Up-to-date symlink: /workspaces/isaac_ros-dev/src/isaac_ros_nvblox/install/nvblox_ros/include/eigen3/Eigen/src/Core/NoAlias.h
[6.044s] -- Up-to-date symlink: /workspaces/isaac_ros-dev/src/isaac_ros_nvblox/install/nvblox_ros/include/eigen3/Eigen/src/Core/NumTraits.h
[6.044s] -- Up-to-date symlink: /workspaces/isaac_ros-dev/src/isaac_ros_nvblox/install/nvblox_ros/include/eigen3/Eigen/src/Core/PartialReduxEvaluator.h
[6.044s] -- Up-to-date symlink: /workspaces/isaac_ros-dev/src/isaac_ros_nvblox/install/nvblox_ros/include/eigen3/Eigen/src/Core/PermutationMatrix.h
[6.045s] -- Up-to-date symlink: /workspaces/isaac_ros-dev/src/isaac_ros_nvblox/install/nvblox_ros/include/eigen3/Eigen/src/Core/PlainObjectBase.h
[6.045s] -- Up-to-date symlink: /workspaces/isaac_ros-dev/src/isaac_ros_nvblox/install/nvblox_ros/include/eigen3/Eigen/src/Core/Product.h
[6.045s] -- Up-to-date symlink: /workspaces/isaac_ros-dev/src/isaac_ros_nvblox/install/nvblox_ros/include/eigen3/Eigen/src/Core/ProductEvaluators.h
[6.045s] -- Up-to-date symlink: /workspaces/isaac_ros-dev/src/isaac_ros_nvblox/install/nvblox_ros/include/eigen3/Eigen/src/Core/Random.h
[6.045s] -- Up-to-date symlink: /workspaces/isaac_ros-dev/src/isaac_ros_nvblox/install/nvblox_ros/include/eigen3/Eigen/src/Core/Redux.h
[6.045s] -- Up-to-date symlink: /workspaces/isaac_ros-dev/src/isaac_ros_nvblox/install/nvblox_ros/include/eigen3/Eigen/src/Core/Ref.h
[6.045s] -- Up-to-date symlink: /workspaces/isaac_ros-dev/src/isaac_ros_nvblox/install/nvblox_ros/include/eigen3/Eigen/src/Core/Replicate.h
[6.045s] -- Up-to-date symlink: /workspaces/isaac_ros-dev/src/isaac_ros_nvblox/install/nvblox_ros/include/eigen3/Eigen/src/Core/Reshaped.h
[6.046s] -- Up-to-date symlink: /workspaces/isaac_ros-dev/src/isaac_ros_nvblox/install/nvblox_ros/include/eigen3/Eigen/src/Core/ReturnByValue.h
[6.046s] -- Up-to-date symlink: /workspaces/isaac_ros-dev/src/isaac_ros_nvblox/install/nvblox_ros/include/eigen3/Eigen/src/Core/Reverse.h
[6.046s] -- Up-to-date symlink: /workspaces/isaac_ros-dev/src/isaac_ros_nvblox/install/nvblox_ros/include/eigen3/Eigen/src/Core/Select.h
[6.046s] -- Up-to-date symlink: /workspaces/isaac_ros-dev/src/isaac_ros_nvblox/install/nvblox_ros/include/eigen3/Eigen/src/Core/SelfAdjointView.h
[6.046s] -- Up-to-date symlink: /workspaces/isaac_ros-dev/src/isaac_ros_nvblox/install/nvblox_ros/include/eigen3/Eigen/src/Core/SelfCwiseBinaryOp.h
[6.046s] -- Up-to-date symlink: /workspaces/isaac_ros-dev/src/isaac_ros_nvblox/install/nvblox_ros/include/eigen3/Eigen/src/Core/Solve.h
[6.046s] -- Up-to-date symlink: /workspaces/isaac_ros-dev/src/isaac_ros_nvblox/install/nvblox_ros/include/eigen3/Eigen/src/Core/SolveTriangular.h
[6.047s] -- Up-to-date symlink: /workspaces/isaac_ros-dev/src/isaac_ros_nvblox/install/nvblox_ros/include/eigen3/Eigen/src/Core/SolverBase.h
[6.047s] -- Up-to-date symlink: /workspaces/isaac_ros-dev/src/isaac_ros_nvblox/install/nvblox_ros/include/eigen3/Eigen/src/Core/StableNorm.h
[6.047s] -- Up-to-date symlink: /workspaces/isaac_ros-dev/src/isaac_ros_nvblox/install/nvblox_ros/include/eigen3/Eigen/src/Core/StlIterators.h
[6.047s] -- Up-to-date symlink: /workspaces/isaac_ros-dev/src/isaac_ros_nvblox/install/nvblox_ros/include/eigen3/Eigen/src/Core/Stride.h
[6.047s] -- Up-to-date symlink: /workspaces/isaac_ros-dev/src/isaac_ros_nvblox/install/nvblox_ros/include/eigen3/Eigen/src/Core/Swap.h
[6.047s] -- Up-to-date symlink: /workspaces/isaac_ros-dev/src/isaac_ros_nvblox/install/nvblox_ros/include/eigen3/Eigen/src/Core/Transpose.h
[6.047s] -- Up-to-date symlink: /workspaces/isaac_ros-dev/src/isaac_ros_nvblox/install/nvblox_ros/include/eigen3/Eigen/src/Core/Transpositions.h
[6.047s] -- Up-to-date symlink: /workspaces/isaac_ros-dev/src/isaac_ros_nvblox/install/nvblox_ros/include/eigen3/Eigen/src/Core/TriangularMatrix.h
[6.047s] -- Up-to-date symlink: /workspaces/isaac_ros-dev/src/isaac_ros_nvblox/install/nvblox_ros/include/eigen3/Eigen/src/Core/VectorBlock.h
[6.048s] -- Up-to-date symlink: /workspaces/isaac_ros-dev/src/isaac_ros_nvblox/install/nvblox_ros/include/eigen3/Eigen/src/Core/VectorwiseOp.h
[6.048s] -- Up-to-date symlink: /workspaces/isaac_ros-dev/src/isaac_ros_nvblox/install/nvblox_ros/include/eigen3/Eigen/src/Core/Visitor.h
[6.048s] -- Up-to-date symlink: /workspaces/isaac_ros-dev/src/isaac_ros_nvblox/install/nvblox_ros/include/eigen3/Eigen/src/Core/arch/AVX/Complex.h
[6.048s] -- Up-to-date symlink: /workspaces/isaac_ros-dev/src/isaac_ros_nvblox/install/nvblox_ros/include/eigen3/Eigen/src/Core/arch/AVX/MathFunctions.h
[6.048s] -- Up-to-date symlink: /workspaces/isaac_ros-dev/src/isaac_ros_nvblox/install/nvblox_ros/include/eigen3/Eigen/src/Core/arch/AVX/PacketMath.h
[6.048s] -- Up-to-date symlink: /workspaces/isaac_ros-dev/src/isaac_ros_nvblox/install/nvblox_ros/include/eigen3/Eigen/src/Core/arch/AVX/TypeCasting.h
[6.048s] -- Up-to-date symlink: /workspaces/isaac_ros-dev/src/isaac_ros_nvblox/install/nvblox_ros/include/eigen3/Eigen/src/Core/arch/AVX512/Complex.h
[6.049s] -- Up-to-date symlink: /workspaces/isaac_ros-dev/src/isaac_ros_nvblox/install/nvblox_ros/include/eigen3/Eigen/src/Core/arch/AVX512/MathFunctions.h
[6.049s] -- Up-to-date symlink: /workspaces/isaac_ros-dev/src/isaac_ros_nvblox/install/nvblox_ros/include/eigen3/Eigen/src/Core/arch/AVX512/PacketMath.h
[6.049s] -- Up-to-date symlink: /workspaces/isaac_ros-dev/src/isaac_ros_nvblox/install/nvblox_ros/include/eigen3/Eigen/src/Core/arch/AVX512/TypeCasting.h
[6.049s] -- Up-to-date symlink: /workspaces/isaac_ros-dev/src/isaac_ros_nvblox/install/nvblox_ros/include/eigen3/Eigen/src/Core/arch/AltiVec/Complex.h
[6.049s] -- Up-to-date symlink: /workspaces/isaac_ros-dev/src/isaac_ros_nvblox/install/nvblox_ros/include/eigen3/Eigen/src/Core/arch/AltiVec/MathFunctions.h
[6.049s] -- Up-to-date symlink: /workspaces/isaac_ros-dev/src/isaac_ros_nvblox/install/nvblox_ros/include/eigen3/Eigen/src/Core/arch/AltiVec/MatrixProduct.h
[6.049s] -- Up-to-date symlink: /workspaces/isaac_ros-dev/src/isaac_ros_nvblox/install/nvblox_ros/include/eigen3/Eigen/src/Core/arch/AltiVec/MatrixProductCommon.h
[6.049s] -- Up-to-date symlink: /workspaces/isaac_ros-dev/src/isaac_ros_nvblox/install/nvblox_ros/include/eigen3/Eigen/src/Core/arch/AltiVec/MatrixProductMMA.h
[6.050s] -- Up-to-date symlink: /workspaces/isaac_ros-dev/src/isaac_ros_nvblox/install/nvblox_ros/include/eigen3/Eigen/src/Core/arch/AltiVec/PacketMath.h
[6.050s] -- Up-to-date symlink: /workspaces/isaac_ros-dev/src/isaac_ros_nvblox/install/nvblox_ros/include/eigen3/Eigen/src/Core/arch/CUDA/Complex.h
[6.050s] -- Up-to-date symlink: /workspaces/isaac_ros-dev/src/isaac_ros_nvblox/install/nvblox_ros/include/eigen3/Eigen/src/Core/arch/Default/BFloat16.h
[6.050s] -- Up-to-date symlink: /workspaces/isaac_ros-dev/src/isaac_ros_nvblox/install/nvblox_ros/include/eigen3/Eigen/src/Core/arch/Default/ConjHelper.h
[6.050s] -- Up-to-date symlink: /workspaces/isaac_ros-dev/src/isaac_ros_nvblox/install/nvblox_ros/include/eigen3/Eigen/src/Core/arch/Default/GenericPacketMathFunctions.h
[6.050s] -- Up-to-date symlink: /workspaces/isaac_ros-dev/src/isaac_ros_nvblox/install/nvblox_ros/include/eigen3/Eigen/src/Core/arch/Default/GenericPacketMathFunctionsFwd.h
[6.050s] -- Up-to-date symlink: /workspaces/isaac_ros-dev/src/isaac_ros_nvblox/install/nvblox_ros/include/eigen3/Eigen/src/Core/arch/Default/Half.h
[6.051s] -- Up-to-date symlink: /workspaces/isaac_ros-dev/src/isaac_ros_nvblox/install/nvblox_ros/include/eigen3/Eigen/src/Core/arch/Default/Settings.h
[6.051s] -- Up-to-date symlink: /workspaces/isaac_ros-dev/src/isaac_ros_nvblox/install/nvblox_ros/include/eigen3/Eigen/src/Core/arch/Default/TypeCasting.h
[6.051s] -- Up-to-date symlink: /workspaces/isaac_ros-dev/src/isaac_ros_nvblox/install/nvblox_ros/include/eigen3/Eigen/src/Core/arch/GPU/MathFunctions.h
[6.051s] -- Up-to-date symlink: /workspaces/isaac_ros-dev/src/isaac_ros_nvblox/install/nvblox_ros/include/eigen3/Eigen/src/Core/arch/GPU/PacketMath.h
[6.051s] -- Up-to-date symlink: /workspaces/isaac_ros-dev/src/isaac_ros_nvblox/install/nvblox_ros/include/eigen3/Eigen/src/Core/arch/GPU/TypeCasting.h
[6.051s] -- Up-to-date symlink: /workspaces/isaac_ros-dev/src/isaac_ros_nvblox/install/nvblox_ros/include/eigen3/Eigen/src/Core/arch/HIP/hcc/math_constants.h
[6.051s] -- Up-to-date symlink: /workspaces/isaac_ros-dev/src/isaac_ros_nvblox/install/nvblox_ros/include/eigen3/Eigen/src/Core/arch/MSA/Complex.h
[6.051s] -- Up-to-date symlink: /workspaces/isaac_ros-dev/src/isaac_ros_nvblox/install/nvblox_ros/include/eigen3/Eigen/src/Core/arch/MSA/MathFunctions.h
[6.052s] -- Up-to-date symlink: /workspaces/isaac_ros-dev/src/isaac_ros_nvblox/install/nvblox_ros/include/eigen3/Eigen/src/Core/arch/MSA/PacketMath.h
[6.052s] -- Up-to-date symlink: /workspaces/isaac_ros-dev/src/isaac_ros_nvblox/install/nvblox_ros/include/eigen3/Eigen/src/Core/arch/NEON/Complex.h
[6.052s] -- Up-to-date symlink: /workspaces/isaac_ros-dev/src/isaac_ros_nvblox/install/nvblox_ros/include/eigen3/Eigen/src/Core/arch/NEON/GeneralBlockPanelKernel.h
[6.052s] -- Up-to-date symlink: /workspaces/isaac_ros-dev/src/isaac_ros_nvblox/install/nvblox_ros/include/eigen3/Eigen/src/Core/arch/NEON/MathFunctions.h
[6.052s] -- Up-to-date symlink: /workspaces/isaac_ros-dev/src/isaac_ros_nvblox/install/nvblox_ros/include/eigen3/Eigen/src/Core/arch/NEON/PacketMath.h
[6.052s] -- Up-to-date symlink: /workspaces/isaac_ros-dev/src/isaac_ros_nvblox/install/nvblox_ros/include/eigen3/Eigen/src/Core/arch/NEON/TypeCasting.h
[6.052s] -- Up-to-date symlink: /workspaces/isaac_ros-dev/src/isaac_ros_nvblox/install/nvblox_ros/include/eigen3/Eigen/src/Core/arch/SSE/Complex.h
[6.053s] -- Up-to-date symlink: /workspaces/isaac_ros-dev/src/isaac_ros_nvblox/install/nvblox_ros/include/eigen3/Eigen/src/Core/arch/SSE/MathFunctions.h
[6.053s] -- Up-to-date symlink: /workspaces/isaac_ros-dev/src/isaac_ros_nvblox/install/nvblox_ros/include/eigen3/Eigen/src/Core/arch/SSE/PacketMath.h
[6.053s] -- Up-to-date symlink: /workspaces/isaac_ros-dev/src/isaac_ros_nvblox/install/nvblox_ros/include/eigen3/Eigen/src/Core/arch/SSE/TypeCasting.h
[6.053s] -- Up-to-date symlink: /workspaces/isaac_ros-dev/src/isaac_ros_nvblox/install/nvblox_ros/include/eigen3/Eigen/src/Core/arch/SVE/MathFunctions.h
[6.053s] -- Up-to-date symlink: /workspaces/isaac_ros-dev/src/isaac_ros_nvblox/install/nvblox_ros/include/eigen3/Eigen/src/Core/arch/SVE/PacketMath.h
[6.053s] -- Up-to-date symlink: /workspaces/isaac_ros-dev/src/isaac_ros_nvblox/install/nvblox_ros/include/eigen3/Eigen/src/Core/arch/SVE/TypeCasting.h
[6.053s] -- Up-to-date symlink: /workspaces/isaac_ros-dev/src/isaac_ros_nvblox/install/nvblox_ros/include/eigen3/Eigen/src/Core/arch/SYCL/InteropHeaders.h
[6.053s] -- Up-to-date symlink: /workspaces/isaac_ros-dev/src/isaac_ros_nvblox/install/nvblox_ros/include/eigen3/Eigen/src/Core/arch/SYCL/MathFunctions.h
[6.054s] -- Up-to-date symlink: /workspaces/isaac_ros-dev/src/isaac_ros_nvblox/install/nvblox_ros/include/eigen3/Eigen/src/Core/arch/SYCL/PacketMath.h
[6.054s] -- Up-to-date symlink: /workspaces/isaac_ros-dev/src/isaac_ros_nvblox/install/nvblox_ros/include/eigen3/Eigen/src/Core/arch/SYCL/SyclMemoryModel.h
[6.054s] -- Up-to-date symlink: /workspaces/isaac_ros-dev/src/isaac_ros_nvblox/install/nvblox_ros/include/eigen3/Eigen/src/Core/arch/SYCL/TypeCasting.h
[6.054s] -- Up-to-date symlink: /workspaces/isaac_ros-dev/src/isaac_ros_nvblox/install/nvblox_ros/include/eigen3/Eigen/src/Core/arch/ZVector/Complex.h
[6.054s] -- Up-to-date symlink: /workspaces/isaac_ros-dev/src/isaac_ros_nvblox/install/nvblox_ros/include/eigen3/Eigen/src/Core/arch/ZVector/MathFunctions.h
[6.054s] -- Up-to-date symlink: /workspaces/isaac_ros-dev/src/isaac_ros_nvblox/install/nvblox_ros/include/eigen3/Eigen/src/Core/arch/ZVector/PacketMath.h
[6.054s] -- Up-to-date symlink: /workspaces/isaac_ros-dev/src/isaac_ros_nvblox/install/nvblox_ros/include/eigen3/Eigen/src/Core/functors/AssignmentFunctors.h
[6.055s] -- Up-to-date symlink: /workspaces/isaac_ros-dev/src/isaac_ros_nvblox/install/nvblox_ros/include/eigen3/Eigen/src/Core/functors/BinaryFunctors.h
[6.055s] -- Up-to-date symlink: /workspaces/isaac_ros-dev/src/isaac_ros_nvblox/install/nvblox_ros/include/eigen3/Eigen/src/Core/functors/NullaryFunctors.h
[6.055s] -- Up-to-date symlink: /workspaces/isaac_ros-dev/src/isaac_ros_nvblox/install/nvblox_ros/include/eigen3/Eigen/src/Core/functors/StlFunctors.h
[6.055s] -- Up-to-date symlink: /workspaces/isaac_ros-dev/src/isaac_ros_nvblox/install/nvblox_ros/include/eigen3/Eigen/src/Core/functors/TernaryFunctors.h
[6.055s] -- Up-to-date symlink: /workspaces/isaac_ros-dev/src/isaac_ros_nvblox/install/nvblox_ros/include/eigen3/Eigen/src/Core/functors/UnaryFunctors.h
[6.055s] -- Up-to-date symlink: /workspaces/isaac_ros-dev/src/isaac_ros_nvblox/install/nvblox_ros/include/eigen3/Eigen/src/Core/products/GeneralBlockPanelKernel.h
[6.055s] -- Up-to-date symlink: /workspaces/isaac_ros-dev/src/isaac_ros_nvblox/install/nvblox_ros/include/eigen3/Eigen/src/Core/products/GeneralMatrixMatrix.h
[6.055s] -- Up-to-date symlink: /workspaces/isaac_ros-dev/src/isaac_ros_nvblox/install/nvblox_ros/include/eigen3/Eigen/src/Core/products/GeneralMatrixMatrixTriangular.h
[6.056s] -- Up-to-date symlink: /workspaces/isaac_ros-dev/src/isaac_ros_nvblox/install/nvblox_ros/include/eigen3/Eigen/src/Core/products/GeneralMatrixMatrixTriangular_BLAS.h
[6.056s] -- Up-to-date symlink: /workspaces/isaac_ros-dev/src/isaac_ros_nvblox/install/nvblox_ros/include/eigen3/Eigen/src/Core/products/GeneralMatrixMatrix_BLAS.h
[6.056s] -- Up-to-date symlink: /workspaces/isaac_ros-dev/src/isaac_ros_nvblox/install/nvblox_ros/include/eigen3/Eigen/src/Core/products/GeneralMatrixVector.h
[6.056s] -- Up-to-date symlink: /workspaces/isaac_ros-dev/src/isaac_ros_nvblox/install/nvblox_ros/include/eigen3/Eigen/src/Core/products/GeneralMatrixVector_BLAS.h
[6.056s] -- Up-to-date symlink: /workspaces/isaac_ros-dev/src/isaac_ros_nvblox/install/nvblox_ros/include/eigen3/Eigen/src/Core/products/Parallelizer.h
[6.056s] -- Up-to-date symlink: /workspaces/isaac_ros-dev/src/isaac_ros_nvblox/install/nvblox_ros/include/eigen3/Eigen/src/Core/products/SelfadjointMatrixMatrix.h
[6.056s] -- Up-to-date symlink: /workspaces/isaac_ros-dev/src/isaac_ros_nvblox/install/nvblox_ros/include/eigen3/Eigen/src/Core/products/SelfadjointMatrixMatrix_BLAS.h
[6.056s] -- Up-to-date symlink: /workspaces/isaac_ros-dev/src/isaac_ros_nvblox/install/nvblox_ros/include/eigen3/Eigen/src/Core/products/SelfadjointMatrixVector.h
[6.057s] -- Up-to-date symlink: /workspaces/isaac_ros-dev/src/isaac_ros_nvblox/install/nvblox_ros/include/eigen3/Eigen/src/Core/products/SelfadjointMatrixVector_BLAS.h
[6.057s] -- Up-to-date symlink: /workspaces/isaac_ros-dev/src/isaac_ros_nvblox/install/nvblox_ros/include/eigen3/Eigen/src/Core/products/SelfadjointProduct.h
[6.057s] -- Up-to-date symlink: /workspaces/isaac_ros-dev/src/isaac_ros_nvblox/install/nvblox_ros/include/eigen3/Eigen/src/Core/products/SelfadjointRank2Update.h
[6.057s] -- Up-to-date symlink: /workspaces/isaac_ros-dev/src/isaac_ros_nvblox/install/nvblox_ros/include/eigen3/Eigen/src/Core/products/TriangularMatrixMatrix.h
[6.057s] -- Up-to-date symlink: /workspaces/isaac_ros-dev/src/isaac_ros_nvblox/install/nvblox_ros/include/eigen3/Eigen/src/Core/products/TriangularMatrixMatrix_BLAS.h
[6.057s] -- Up-to-date symlink: /workspaces/isaac_ros-dev/src/isaac_ros_nvblox/install/nvblox_ros/include/eigen3/Eigen/src/Core/products/TriangularMatrixVector.h
[6.057s] -- Up-to-date symlink: /workspaces/isaac_ros-dev/src/isaac_ros_nvblox/install/nvblox_ros/include/eigen3/Eigen/src/Core/products/TriangularMatrixVector_BLAS.h
[6.058s] -- Up-to-date symlink: /workspaces/isaac_ros-dev/src/isaac_ros_nvblox/install/nvblox_ros/include/eigen3/Eigen/src/Core/products/TriangularSolverMatrix.h
[6.058s] -- Up-to-date symlink: /workspaces/isaac_ros-dev/src/isaac_ros_nvblox/install/nvblox_ros/include/eigen3/Eigen/src/Core/products/TriangularSolverMatrix_BLAS.h
[6.058s] -- Up-to-date symlink: /workspaces/isaac_ros-dev/src/isaac_ros_nvblox/install/nvblox_ros/include/eigen3/Eigen/src/Core/products/TriangularSolverVector.h
[6.058s] -- Up-to-date symlink: /workspaces/isaac_ros-dev/src/isaac_ros_nvblox/install/nvblox_ros/include/eigen3/Eigen/src/Core/util/BlasUtil.h
[6.058s] -- Up-to-date symlink: /workspaces/isaac_ros-dev/src/isaac_ros_nvblox/install/nvblox_ros/include/eigen3/Eigen/src/Core/util/ConfigureVectorization.h
[6.058s] -- Up-to-date symlink: /workspaces/isaac_ros-dev/src/isaac_ros_nvblox/install/nvblox_ros/include/eigen3/Eigen/src/Core/util/Constants.h
[6.058s] -- Up-to-date symlink: /workspaces/isaac_ros-dev/src/isaac_ros_nvblox/install/nvblox_ros/include/eigen3/Eigen/src/Core/util/DisableStupidWarnings.h
[6.058s] -- Up-to-date symlink: /workspaces/isaac_ros-dev/src/isaac_ros_nvblox/install/nvblox_ros/include/eigen3/Eigen/src/Core/util/ForwardDeclarations.h
[6.059s] -- Up-to-date symlink: /workspaces/isaac_ros-dev/src/isaac_ros_nvblox/install/nvblox_ros/include/eigen3/Eigen/src/Core/util/IndexedViewHelper.h
[6.059s] -- Up-to-date symlink: /workspaces/isaac_ros-dev/src/isaac_ros_nvblox/install/nvblox_ros/include/eigen3/Eigen/src/Core/util/IntegralConstant.h
[6.059s] -- Up-to-date symlink: /workspaces/isaac_ros-dev/src/isaac_ros_nvblox/install/nvblox_ros/include/eigen3/Eigen/src/Core/util/MKL_support.h
[6.059s] -- Up-to-date symlink: /workspaces/isaac_ros-dev/src/isaac_ros_nvblox/install/nvblox_ros/include/eigen3/Eigen/src/Core/util/Macros.h
[6.059s] -- Up-to-date symlink: /workspaces/isaac_ros-dev/src/isaac_ros_nvblox/install/nvblox_ros/include/eigen3/Eigen/src/Core/util/Memory.h
[6.059s] -- Up-to-date symlink: /workspaces/isaac_ros-dev/src/isaac_ros_nvblox/install/nvblox_ros/include/eigen3/Eigen/src/Core/util/Meta.h
[6.059s] -- Up-to-date symlink: /workspaces/isaac_ros-dev/src/isaac_ros_nvblox/install/nvblox_ros/include/eigen3/Eigen/src/Core/util/NonMPL2.h
[6.059s] -- Up-to-date symlink: /workspaces/isaac_ros-dev/src/isaac_ros_nvblox/install/nvblox_ros/include/eigen3/Eigen/src/Core/util/ReenableStupidWarnings.h
[6.060s] -- Up-to-date symlink: /workspaces/isaac_ros-dev/src/isaac_ros_nvblox/install/nvblox_ros/include/eigen3/Eigen/src/Core/util/ReshapedHelper.h
[6.060s] -- Up-to-date symlink: /workspaces/isaac_ros-dev/src/isaac_ros_nvblox/install/nvblox_ros/include/eigen3/Eigen/src/Core/util/StaticAssert.h
[6.060s] -- Up-to-date symlink: /workspaces/isaac_ros-dev/src/isaac_ros_nvblox/install/nvblox_ros/include/eigen3/Eigen/src/Core/util/SymbolicIndex.h
[6.060s] -- Up-to-date symlink: /workspaces/isaac_ros-dev/src/isaac_ros_nvblox/install/nvblox_ros/include/eigen3/Eigen/src/Core/util/XprHelper.h
[6.060s] -- Up-to-date symlink: /workspaces/isaac_ros-dev/src/isaac_ros_nvblox/install/nvblox_ros/include/eigen3/Eigen/src/Eigenvalues/ComplexEigenSolver.h
[6.060s] -- Up-to-date symlink: /workspaces/isaac_ros-dev/src/isaac_ros_nvblox/install/nvblox_ros/include/eigen3/Eigen/src/Eigenvalues/ComplexSchur.h
[6.060s] -- Up-to-date symlink: /workspaces/isaac_ros-dev/src/isaac_ros_nvblox/install/nvblox_ros/include/eigen3/Eigen/src/Eigenvalues/ComplexSchur_LAPACKE.h
[6.060s] -- Up-to-date symlink: /workspaces/isaac_ros-dev/src/isaac_ros_nvblox/install/nvblox_ros/include/eigen3/Eigen/src/Eigenvalues/EigenSolver.h
[6.061s] -- Up-to-date symlink: /workspaces/isaac_ros-dev/src/isaac_ros_nvblox/install/nvblox_ros/include/eigen3/Eigen/src/Eigenvalues/GeneralizedEigenSolver.h
[6.061s] -- Up-to-date symlink: /workspaces/isaac_ros-dev/src/isaac_ros_nvblox/install/nvblox_ros/include/eigen3/Eigen/src/Eigenvalues/GeneralizedSelfAdjointEigenSolver.h
[6.061s] -- Up-to-date symlink: /workspaces/isaac_ros-dev/src/isaac_ros_nvblox/install/nvblox_ros/include/eigen3/Eigen/src/Eigenvalues/HessenbergDecomposition.h
[6.061s] -- Up-to-date symlink: /workspaces/isaac_ros-dev/src/isaac_ros_nvblox/install/nvblox_ros/include/eigen3/Eigen/src/Eigenvalues/MatrixBaseEigenvalues.h
[6.061s] -- Up-to-date symlink: /workspaces/isaac_ros-dev/src/isaac_ros_nvblox/install/nvblox_ros/include/eigen3/Eigen/src/Eigenvalues/RealQZ.h
[6.061s] -- Up-to-date symlink: /workspaces/isaac_ros-dev/src/isaac_ros_nvblox/install/nvblox_ros/include/eigen3/Eigen/src/Eigenvalues/RealSchur.h
[6.061s] -- Up-to-date symlink: /workspaces/isaac_ros-dev/src/isaac_ros_nvblox/install/nvblox_ros/include/eigen3/Eigen/src/Eigenvalues/RealSchur_LAPACKE.h
[6.061s] -- Up-to-date symlink: /workspaces/isaac_ros-dev/src/isaac_ros_nvblox/install/nvblox_ros/include/eigen3/Eigen/src/Eigenvalues/SelfAdjointEigenSolver.h
[6.062s] -- Up-to-date symlink: /workspaces/isaac_ros-dev/src/isaac_ros_nvblox/install/nvblox_ros/include/eigen3/Eigen/src/Eigenvalues/SelfAdjointEigenSolver_LAPACKE.h
[6.062s] -- Up-to-date symlink: /workspaces/isaac_ros-dev/src/isaac_ros_nvblox/install/nvblox_ros/include/eigen3/Eigen/src/Eigenvalues/Tridiagonalization.h
[6.062s] -- Up-to-date symlink: /workspaces/isaac_ros-dev/src/isaac_ros_nvblox/install/nvblox_ros/include/eigen3/Eigen/src/Geometry/AlignedBox.h
[6.062s] -- Up-to-date symlink: /workspaces/isaac_ros-dev/src/isaac_ros_nvblox/install/nvblox_ros/include/eigen3/Eigen/src/Geometry/AngleAxis.h
[6.062s] -- Up-to-date symlink: /workspaces/isaac_ros-dev/src/isaac_ros_nvblox/install/nvblox_ros/include/eigen3/Eigen/src/Geometry/EulerAngles.h
[6.062s] -- Up-to-date symlink: /workspaces/isaac_ros-dev/src/isaac_ros_nvblox/install/nvblox_ros/include/eigen3/Eigen/src/Geometry/Homogeneous.h
[6.062s] -- Up-to-date symlink: /workspaces/isaac_ros-dev/src/isaac_ros_nvblox/install/nvblox_ros/include/eigen3/Eigen/src/Geometry/Hyperplane.h
[6.062s] -- Up-to-date symlink: /workspaces/isaac_ros-dev/src/isaac_ros_nvblox/install/nvblox_ros/include/eigen3/Eigen/src/Geometry/OrthoMethods.h
[6.062s] -- Up-to-date symlink: /workspaces/isaac_ros-dev/src/isaac_ros_nvblox/install/nvblox_ros/include/eigen3/Eigen/src/Geometry/ParametrizedLine.h
[6.063s] -- Up-to-date symlink: /workspaces/isaac_ros-dev/src/isaac_ros_nvblox/install/nvblox_ros/include/eigen3/Eigen/src/Geometry/Quaternion.h
[6.063s] -- Up-to-date symlink: /workspaces/isaac_ros-dev/src/isaac_ros_nvblox/install/nvblox_ros/include/eigen3/Eigen/src/Geometry/Rotation2D.h
[6.063s] -- Up-to-date symlink: /workspaces/isaac_ros-dev/src/isaac_ros_nvblox/install/nvblox_ros/include/eigen3/Eigen/src/Geometry/RotationBase.h
[6.063s] -- Up-to-date symlink: /workspaces/isaac_ros-dev/src/isaac_ros_nvblox/install/nvblox_ros/include/eigen3/Eigen/src/Geometry/Scaling.h
[6.063s] -- Up-to-date symlink: /workspaces/isaac_ros-dev/src/isaac_ros_nvblox/install/nvblox_ros/include/eigen3/Eigen/src/Geometry/Transform.h
[6.063s] -- Up-to-date symlink: /workspaces/isaac_ros-dev/src/isaac_ros_nvblox/install/nvblox_ros/include/eigen3/Eigen/src/Geometry/Translation.h
[6.063s] -- Up-to-date symlink: /workspaces/isaac_ros-dev/src/isaac_ros_nvblox/install/nvblox_ros/include/eigen3/Eigen/src/Geometry/Umeyama.h
[6.063s] -- Up-to-date symlink: /workspaces/isaac_ros-dev/src/isaac_ros_nvblox/install/nvblox_ros/include/eigen3/Eigen/src/Geometry/arch/Geometry_SIMD.h
[6.064s] -- Up-to-date symlink: /workspaces/isaac_ros-dev/src/isaac_ros_nvblox/install/nvblox_ros/include/eigen3/Eigen/src/Householder/BlockHouseholder.h
[6.064s] -- Up-to-date symlink: /workspaces/isaac_ros-dev/src/isaac_ros_nvblox/install/nvblox_ros/include/eigen3/Eigen/src/Householder/Householder.h
[6.064s] -- Up-to-date symlink: /workspaces/isaac_ros-dev/src/isaac_ros_nvblox/install/nvblox_ros/include/eigen3/Eigen/src/Householder/HouseholderSequence.h
[6.064s] -- Up-to-date symlink: /workspaces/isaac_ros-dev/src/isaac_ros_nvblox/install/nvblox_ros/include/eigen3/Eigen/src/IterativeLinearSolvers/BasicPreconditioners.h
[6.064s] -- Up-to-date symlink: /workspaces/isaac_ros-dev/src/isaac_ros_nvblox/install/nvblox_ros/include/eigen3/Eigen/src/IterativeLinearSolvers/BiCGSTAB.h
[6.064s] -- Up-to-date symlink: /workspaces/isaac_ros-dev/src/isaac_ros_nvblox/install/nvblox_ros/include/eigen3/Eigen/src/IterativeLinearSolvers/ConjugateGradient.h
[6.064s] -- Up-to-date symlink: /workspaces/isaac_ros-dev/src/isaac_ros_nvblox/install/nvblox_ros/include/eigen3/Eigen/src/IterativeLinearSolvers/IncompleteCholesky.h
[6.065s] -- Up-to-date symlink: /workspaces/isaac_ros-dev/src/isaac_ros_nvblox/install/nvblox_ros/include/eigen3/Eigen/src/IterativeLinearSolvers/IncompleteLUT.h
[6.065s] -- Up-to-date symlink: /workspaces/isaac_ros-dev/src/isaac_ros_nvblox/install/nvblox_ros/include/eigen3/Eigen/src/IterativeLinearSolvers/IterativeSolverBase.h
[6.065s] -- Up-to-date symlink: /workspaces/isaac_ros-dev/src/isaac_ros_nvblox/install/nvblox_ros/include/eigen3/Eigen/src/IterativeLinearSolvers/LeastSquareConjugateGradient.h
[6.065s] -- Up-to-date symlink: /workspaces/isaac_ros-dev/src/isaac_ros_nvblox/install/nvblox_ros/include/eigen3/Eigen/src/IterativeLinearSolvers/SolveWithGuess.h
[6.065s] -- Up-to-date symlink: /workspaces/isaac_ros-dev/src/isaac_ros_nvblox/install/nvblox_ros/include/eigen3/Eigen/src/Jacobi/Jacobi.h
[6.065s] -- Up-to-date symlink: /workspaces/isaac_ros-dev/src/isaac_ros_nvblox/install/nvblox_ros/include/eigen3/Eigen/src/KLUSupport/KLUSupport.h
[6.065s] -- Up-to-date symlink: /workspaces/isaac_ros-dev/src/isaac_ros_nvblox/install/nvblox_ros/include/eigen3/Eigen/src/LU/Determinant.h
[6.065s] -- Up-to-date symlink: /workspaces/isaac_ros-dev/src/isaac_ros_nvblox/install/nvblox_ros/include/eigen3/Eigen/src/LU/FullPivLU.h
[6.066s] -- Up-to-date symlink: /workspaces/isaac_ros-dev/src/isaac_ros_nvblox/install/nvblox_ros/include/eigen3/Eigen/src/LU/InverseImpl.h
[6.066s] -- Up-to-date symlink: /workspaces/isaac_ros-dev/src/isaac_ros_nvblox/install/nvblox_ros/include/eigen3/Eigen/src/LU/PartialPivLU.h
[6.066s] -- Up-to-date symlink: /workspaces/isaac_ros-dev/src/isaac_ros_nvblox/install/nvblox_ros/include/eigen3/Eigen/src/LU/PartialPivLU_LAPACKE.h
[6.066s] -- Up-to-date symlink: /workspaces/isaac_ros-dev/src/isaac_ros_nvblox/install/nvblox_ros/include/eigen3/Eigen/src/LU/arch/InverseSize4.h
[6.066s] -- Up-to-date symlink: /workspaces/isaac_ros-dev/src/isaac_ros_nvblox/install/nvblox_ros/include/eigen3/Eigen/src/MetisSupport/MetisSupport.h
[6.066s] -- Up-to-date symlink: /workspaces/isaac_ros-dev/src/isaac_ros_nvblox/install/nvblox_ros/include/eigen3/Eigen/src/OrderingMethods/Amd.h
[6.066s] -- Up-to-date symlink: /workspaces/isaac_ros-dev/src/isaac_ros_nvblox/install/nvblox_ros/include/eigen3/Eigen/src/OrderingMethods/Eigen_Colamd.h
[6.066s] -- Up-to-date symlink: /workspaces/isaac_ros-dev/src/isaac_ros_nvblox/install/nvblox_ros/include/eigen3/Eigen/src/OrderingMethods/Ordering.h
[6.066s] -- Up-to-date symlink: /workspaces/isaac_ros-dev/src/isaac_ros_nvblox/install/nvblox_ros/include/eigen3/Eigen/src/PaStiXSupport/PaStiXSupport.h
[6.067s] -- Up-to-date symlink: /workspaces/isaac_ros-dev/src/isaac_ros_nvblox/install/nvblox_ros/include/eigen3/Eigen/src/PardisoSupport/PardisoSupport.h
[6.067s] -- Up-to-date symlink: /workspaces/isaac_ros-dev/src/isaac_ros_nvblox/install/nvblox_ros/include/eigen3/Eigen/src/QR/ColPivHouseholderQR.h
[6.067s] -- Up-to-date symlink: /workspaces/isaac_ros-dev/src/isaac_ros_nvblox/install/nvblox_ros/include/eigen3/Eigen/src/QR/ColPivHouseholderQR_LAPACKE.h
[6.067s] -- Up-to-date symlink: /workspaces/isaac_ros-dev/src/isaac_ros_nvblox/install/nvblox_ros/include/eigen3/Eigen/src/QR/CompleteOrthogonalDecomposition.h
[6.067s] -- Up-to-date symlink: /workspaces/isaac_ros-dev/src/isaac_ros_nvblox/install/nvblox_ros/include/eigen3/Eigen/src/QR/FullPivHouseholderQR.h
[6.068s] -- Up-to-date symlink: /workspaces/isaac_ros-dev/src/isaac_ros_nvblox/install/nvblox_ros/include/eigen3/Eigen/src/QR/HouseholderQR.h
[6.068s] -- Up-to-date symlink: /workspaces/isaac_ros-dev/src/isaac_ros_nvblox/install/nvblox_ros/include/eigen3/Eigen/src/QR/HouseholderQR_LAPACKE.h
[6.068s] -- Up-to-date symlink: /workspaces/isaac_ros-dev/src/isaac_ros_nvblox/install/nvblox_ros/include/eigen3/Eigen/src/SPQRSupport/SuiteSparseQRSupport.h
[6.068s] -- Up-to-date symlink: /workspaces/isaac_ros-dev/src/isaac_ros_nvblox/install/nvblox_ros/include/eigen3/Eigen/src/SVD/BDCSVD.h
[6.068s] -- Up-to-date symlink: /workspaces/isaac_ros-dev/src/isaac_ros_nvblox/install/nvblox_ros/include/eigen3/Eigen/src/SVD/JacobiSVD.h
[6.068s] -- Up-to-date symlink: /workspaces/isaac_ros-dev/src/isaac_ros_nvblox/install/nvblox_ros/include/eigen3/Eigen/src/SVD/JacobiSVD_LAPACKE.h
[6.068s] -- Up-to-date symlink: /workspaces/isaac_ros-dev/src/isaac_ros_nvblox/install/nvblox_ros/include/eigen3/Eigen/src/SVD/SVDBase.h
[6.068s] -- Up-to-date symlink: /workspaces/isaac_ros-dev/src/isaac_ros_nvblox/install/nvblox_ros/include/eigen3/Eigen/src/SVD/UpperBidiagonalization.h
[6.069s] -- Up-to-date symlink: /workspaces/isaac_ros-dev/src/isaac_ros_nvblox/install/nvblox_ros/include/eigen3/Eigen/src/SparseCholesky/SimplicialCholesky.h
[6.069s] -- Up-to-date symlink: /workspaces/isaac_ros-dev/src/isaac_ros_nvblox/install/nvblox_ros/include/eigen3/Eigen/src/SparseCholesky/SimplicialCholesky_impl.h
[6.069s] -- Up-to-date symlink: /workspaces/isaac_ros-dev/src/isaac_ros_nvblox/install/nvblox_ros/include/eigen3/Eigen/src/SparseCore/AmbiVector.h
[6.069s] -- Up-to-date symlink: /workspaces/isaac_ros-dev/src/isaac_ros_nvblox/install/nvblox_ros/include/eigen3/Eigen/src/SparseCore/CompressedStorage.h
[6.069s] -- Up-to-date symlink: /workspaces/isaac_ros-dev/src/isaac_ros_nvblox/install/nvblox_ros/include/eigen3/Eigen/src/SparseCore/ConservativeSparseSparseProduct.h
[6.069s] -- Up-to-date symlink: /workspaces/isaac_ros-dev/src/isaac_ros_nvblox/install/nvblox_ros/include/eigen3/Eigen/src/SparseCore/MappedSparseMatrix.h
[6.069s] -- Up-to-date symlink: /workspaces/isaac_ros-dev/src/isaac_ros_nvblox/install/nvblox_ros/include/eigen3/Eigen/src/SparseCore/SparseAssign.h
[6.069s] -- Up-to-date symlink: /workspaces/isaac_ros-dev/src/isaac_ros_nvblox/install/nvblox_ros/include/eigen3/Eigen/src/SparseCore/SparseBlock.h
[6.069s] -- Up-to-date symlink: /workspaces/isaac_ros-dev/src/isaac_ros_nvblox/install/nvblox_ros/include/eigen3/Eigen/src/SparseCore/SparseColEtree.h
[6.070s] -- Up-to-date symlink: /workspaces/isaac_ros-dev/src/isaac_ros_nvblox/install/nvblox_ros/include/eigen3/Eigen/src/SparseCore/SparseCompressedBase.h
[6.070s] -- Up-to-date symlink: /workspaces/isaac_ros-dev/src/isaac_ros_nvblox/install/nvblox_ros/include/eigen3/Eigen/src/SparseCore/SparseCwiseBinaryOp.h
[6.070s] -- Up-to-date symlink: /workspaces/isaac_ros-dev/src/isaac_ros_nvblox/install/nvblox_ros/include/eigen3/Eigen/src/SparseCore/SparseCwiseUnaryOp.h
[6.070s] -- Up-to-date symlink: /workspaces/isaac_ros-dev/src/isaac_ros_nvblox/install/nvblox_ros/include/eigen3/Eigen/src/SparseCore/SparseDenseProduct.h
[6.070s] -- Up-to-date symlink: /workspaces/isaac_ros-dev/src/isaac_ros_nvblox/install/nvblox_ros/include/eigen3/Eigen/src/SparseCore/SparseDiagonalProduct.h
[6.070s] -- Up-to-date symlink: /workspaces/isaac_ros-dev/src/isaac_ros_nvblox/install/nvblox_ros/include/eigen3/Eigen/src/SparseCore/SparseDot.h
[6.070s] -- Up-to-date symlink: /workspaces/isaac_ros-dev/src/isaac_ros_nvblox/install/nvblox_ros/include/eigen3/Eigen/src/SparseCore/SparseFuzzy.h
[6.070s] -- Up-to-date symlink: /workspaces/isaac_ros-dev/src/isaac_ros_nvblox/install/nvblox_ros/include/eigen3/Eigen/src/SparseCore/SparseMap.h
[6.071s] -- Up-to-date symlink: /workspaces/isaac_ros-dev/src/isaac_ros_nvblox/install/nvblox_ros/include/eigen3/Eigen/src/SparseCore/SparseMatrix.h
[6.071s] -- Up-to-date symlink: /workspaces/isaac_ros-dev/src/isaac_ros_nvblox/install/nvblox_ros/include/eigen3/Eigen/src/SparseCore/SparseMatrixBase.h
[6.071s] -- Up-to-date symlink: /workspaces/isaac_ros-dev/src/isaac_ros_nvblox/install/nvblox_ros/include/eigen3/Eigen/src/SparseCore/SparsePermutation.h
[6.071s] -- Up-to-date symlink: /workspaces/isaac_ros-dev/src/isaac_ros_nvblox/install/nvblox_ros/include/eigen3/Eigen/src/SparseCore/SparseProduct.h
[6.071s] -- Up-to-date symlink: /workspaces/isaac_ros-dev/src/isaac_ros_nvblox/install/nvblox_ros/include/eigen3/Eigen/src/SparseCore/SparseRedux.h
[6.071s] -- Up-to-date symlink: /workspaces/isaac_ros-dev/src/isaac_ros_nvblox/install/nvblox_ros/include/eigen3/Eigen/src/SparseCore/SparseRef.h
[6.071s] -- Up-to-date symlink: /workspaces/isaac_ros-dev/src/isaac_ros_nvblox/install/nvblox_ros/include/eigen3/Eigen/src/SparseCore/SparseSelfAdjointView.h
[6.071s] -- Up-to-date symlink: /workspaces/isaac_ros-dev/src/isaac_ros_nvblox/install/nvblox_ros/include/eigen3/Eigen/src/SparseCore/SparseSolverBase.h
[6.071s] -- Up-to-date symlink: /workspaces/isaac_ros-dev/src/isaac_ros_nvblox/install/nvblox_ros/include/eigen3/Eigen/src/SparseCore/SparseSparseProductWithPruning.h
[6.072s] -- Up-to-date symlink: /workspaces/isaac_ros-dev/src/isaac_ros_nvblox/install/nvblox_ros/include/eigen3/Eigen/src/SparseCore/SparseTranspose.h
[6.072s] -- Up-to-date symlink: /workspaces/isaac_ros-dev/src/isaac_ros_nvblox/install/nvblox_ros/include/eigen3/Eigen/src/SparseCore/SparseTriangularView.h
[6.072s] -- Up-to-date symlink: /workspaces/isaac_ros-dev/src/isaac_ros_nvblox/install/nvblox_ros/include/eigen3/Eigen/src/SparseCore/SparseUtil.h
[6.072s] -- Up-to-date symlink: /workspaces/isaac_ros-dev/src/isaac_ros_nvblox/install/nvblox_ros/include/eigen3/Eigen/src/SparseCore/SparseVector.h
[6.072s] -- Up-to-date symlink: /workspaces/isaac_ros-dev/src/isaac_ros_nvblox/install/nvblox_ros/include/eigen3/Eigen/src/SparseCore/SparseView.h
[6.072s] -- Up-to-date symlink: /workspaces/isaac_ros-dev/src/isaac_ros_nvblox/install/nvblox_ros/include/eigen3/Eigen/src/SparseCore/TriangularSolver.h
[6.072s] -- Up-to-date symlink: /workspaces/isaac_ros-dev/src/isaac_ros_nvblox/install/nvblox_ros/include/eigen3/Eigen/src/SparseLU/SparseLU.h
[6.072s] -- Up-to-date symlink: /workspaces/isaac_ros-dev/src/isaac_ros_nvblox/install/nvblox_ros/include/eigen3/Eigen/src/SparseLU/SparseLUImpl.h
[6.072s] -- Up-to-date symlink: /workspaces/isaac_ros-dev/src/isaac_ros_nvblox/install/nvblox_ros/include/eigen3/Eigen/src/SparseLU/SparseLU_Memory.h
[6.073s] -- Up-to-date symlink: /workspaces/isaac_ros-dev/src/isaac_ros_nvblox/install/nvblox_ros/include/eigen3/Eigen/src/SparseLU/SparseLU_Structs.h
[6.073s] -- Up-to-date symlink: /workspaces/isaac_ros-dev/src/isaac_ros_nvblox/install/nvblox_ros/include/eigen3/Eigen/src/SparseLU/SparseLU_SupernodalMatrix.h
[6.073s] -- Up-to-date symlink: /workspaces/isaac_ros-dev/src/isaac_ros_nvblox/install/nvblox_ros/include/eigen3/Eigen/src/SparseLU/SparseLU_Utils.h
[6.073s] -- Up-to-date symlink: /workspaces/isaac_ros-dev/src/isaac_ros_nvblox/install/nvblox_ros/include/eigen3/Eigen/src/SparseLU/SparseLU_column_bmod.h
[6.073s] -- Up-to-date symlink: /workspaces/isaac_ros-dev/src/isaac_ros_nvblox/install/nvblox_ros/include/eigen3/Eigen/src/SparseLU/SparseLU_column_dfs.h
[6.073s] -- Up-to-date symlink: /workspaces/isaac_ros-dev/src/isaac_ros_nvblox/install/nvblox_ros/include/eigen3/Eigen/src/SparseLU/SparseLU_copy_to_ucol.h
[6.073s] -- Up-to-date symlink: /workspaces/isaac_ros-dev/src/isaac_ros_nvblox/install/nvblox_ros/include/eigen3/Eigen/src/SparseLU/SparseLU_gemm_kernel.h
[6.073s] -- Up-to-date symlink: /workspaces/isaac_ros-dev/src/isaac_ros_nvblox/install/nvblox_ros/include/eigen3/Eigen/src/SparseLU/SparseLU_heap_relax_snode.h
[6.074s] -- Up-to-date symlink: /workspaces/isaac_ros-dev/src/isaac_ros_nvblox/install/nvblox_ros/include/eigen3/Eigen/src/SparseLU/SparseLU_kernel_bmod.h
[6.074s] -- Up-to-date symlink: /workspaces/isaac_ros-dev/src/isaac_ros_nvblox/install/nvblox_ros/include/eigen3/Eigen/src/SparseLU/SparseLU_panel_bmod.h
[6.074s] -- Up-to-date symlink: /workspaces/isaac_ros-dev/src/isaac_ros_nvblox/install/nvblox_ros/include/eigen3/Eigen/src/SparseLU/SparseLU_panel_dfs.h
[6.074s] -- Up-to-date symlink: /workspaces/isaac_ros-dev/src/isaac_ros_nvblox/install/nvblox_ros/include/eigen3/Eigen/src/SparseLU/SparseLU_pivotL.h
[6.074s] -- Up-to-date symlink: /workspaces/isaac_ros-dev/src/isaac_ros_nvblox/install/nvblox_ros/include/eigen3/Eigen/src/SparseLU/SparseLU_pruneL.h
[6.074s] -- Up-to-date symlink: /workspaces/isaac_ros-dev/src/isaac_ros_nvblox/install/nvblox_ros/include/eigen3/Eigen/src/SparseLU/SparseLU_relax_snode.h
[6.074s] -- Up-to-date symlink: /workspaces/isaac_ros-dev/src/isaac_ros_nvblox/install/nvblox_ros/include/eigen3/Eigen/src/SparseQR/SparseQR.h
[6.074s] -- Up-to-date symlink: /workspaces/isaac_ros-dev/src/isaac_ros_nvblox/install/nvblox_ros/include/eigen3/Eigen/src/StlSupport/StdDeque.h
[6.075s] -- Up-to-date symlink: /workspaces/isaac_ros-dev/src/isaac_ros_nvblox/install/nvblox_ros/include/eigen3/Eigen/src/StlSupport/StdList.h
[6.075s] -- Up-to-date symlink: /workspaces/isaac_ros-dev/src/isaac_ros_nvblox/install/nvblox_ros/include/eigen3/Eigen/src/StlSupport/StdVector.h
[6.075s] -- Up-to-date symlink: /workspaces/isaac_ros-dev/src/isaac_ros_nvblox/install/nvblox_ros/include/eigen3/Eigen/src/StlSupport/details.h
[6.075s] -- Up-to-date symlink: /workspaces/isaac_ros-dev/src/isaac_ros_nvblox/install/nvblox_ros/include/eigen3/Eigen/src/SuperLUSupport/SuperLUSupport.h
[6.075s] -- Up-to-date symlink: /workspaces/isaac_ros-dev/src/isaac_ros_nvblox/install/nvblox_ros/include/eigen3/Eigen/src/UmfPackSupport/UmfPackSupport.h
[6.075s] -- Up-to-date symlink: /workspaces/isaac_ros-dev/src/isaac_ros_nvblox/install/nvblox_ros/include/eigen3/Eigen/src/misc/Image.h
[6.075s] -- Up-to-date symlink: /workspaces/isaac_ros-dev/src/isaac_ros_nvblox/install/nvblox_ros/include/eigen3/Eigen/src/misc/Kernel.h
[6.075s] -- Up-to-date symlink: /workspaces/isaac_ros-dev/src/isaac_ros_nvblox/install/nvblox_ros/include/eigen3/Eigen/src/misc/RealSvd2x2.h
[6.075s] -- Up-to-date symlink: /workspaces/isaac_ros-dev/src/isaac_ros_nvblox/install/nvblox_ros/include/eigen3/Eigen/src/misc/blas.h
[6.076s] -- Up-to-date symlink: /workspaces/isaac_ros-dev/src/isaac_ros_nvblox/install/nvblox_ros/include/eigen3/Eigen/src/misc/lapack.h
[6.076s] -- Up-to-date symlink: /workspaces/isaac_ros-dev/src/isaac_ros_nvblox/install/nvblox_ros/include/eigen3/Eigen/src/misc/lapacke.h
[6.076s] -- Up-to-date symlink: /workspaces/isaac_ros-dev/src/isaac_ros_nvblox/install/nvblox_ros/include/eigen3/Eigen/src/misc/lapacke_mangling.h
[6.076s] -- Up-to-date symlink: /workspaces/isaac_ros-dev/src/isaac_ros_nvblox/install/nvblox_ros/include/eigen3/Eigen/src/plugins/ArrayCwiseBinaryOps.h
[6.076s] -- Up-to-date symlink: /workspaces/isaac_ros-dev/src/isaac_ros_nvblox/install/nvblox_ros/include/eigen3/Eigen/src/plugins/ArrayCwiseUnaryOps.h
[6.076s] -- Up-to-date symlink: /workspaces/isaac_ros-dev/src/isaac_ros_nvblox/install/nvblox_ros/include/eigen3/Eigen/src/plugins/BlockMethods.h
[6.076s] -- Up-to-date symlink: /workspaces/isaac_ros-dev/src/isaac_ros_nvblox/install/nvblox_ros/include/eigen3/Eigen/src/plugins/CommonCwiseBinaryOps.h
[6.076s] -- Up-to-date symlink: /workspaces/isaac_ros-dev/src/isaac_ros_nvblox/install/nvblox_ros/include/eigen3/Eigen/src/plugins/CommonCwiseUnaryOps.h
[6.077s] -- Up-to-date symlink: /workspaces/isaac_ros-dev/src/isaac_ros_nvblox/install/nvblox_ros/include/eigen3/Eigen/src/plugins/IndexedViewMethods.h
[6.077s] -- Up-to-date symlink: /workspaces/isaac_ros-dev/src/isaac_ros_nvblox/install/nvblox_ros/include/eigen3/Eigen/src/plugins/MatrixCwiseBinaryOps.h
[6.077s] -- Up-to-date symlink: /workspaces/isaac_ros-dev/src/isaac_ros_nvblox/install/nvblox_ros/include/eigen3/Eigen/src/plugins/MatrixCwiseUnaryOps.h
[6.077s] -- Up-to-date symlink: /workspaces/isaac_ros-dev/src/isaac_ros_nvblox/install/nvblox_ros/include/eigen3/Eigen/src/plugins/ReshapedMethods.h
[6.077s] -- Up-to-date symlink: /workspaces/isaac_ros-dev/src/isaac_ros_nvblox/install/nvblox_ros/include/eigen3/signature_of_eigen3_matrix_library
[6.077s] -- Up-to-date symlink: /workspaces/isaac_ros-dev/src/isaac_ros_nvblox/install/nvblox_ros/include/eigen3/unsupported/Eigen/AdolcForward
[6.077s] -- Up-to-date symlink: /workspaces/isaac_ros-dev/src/isaac_ros_nvblox/install/nvblox_ros/include/eigen3/unsupported/Eigen/AlignedVector3
[6.077s] -- Up-to-date symlink: /workspaces/isaac_ros-dev/src/isaac_ros_nvblox/install/nvblox_ros/include/eigen3/unsupported/Eigen/ArpackSupport
[6.078s] -- Up-to-date symlink: /workspaces/isaac_ros-dev/src/isaac_ros_nvblox/install/nvblox_ros/include/eigen3/unsupported/Eigen/AutoDiff
[6.078s] -- Up-to-date symlink: /workspaces/isaac_ros-dev/src/isaac_ros_nvblox/install/nvblox_ros/include/eigen3/unsupported/Eigen/BVH
[6.078s] -- Up-to-date symlink: /workspaces/isaac_ros-dev/src/isaac_ros_nvblox/install/nvblox_ros/include/eigen3/unsupported/Eigen/CXX11/Tensor
[6.078s] -- Up-to-date symlink: /workspaces/isaac_ros-dev/src/isaac_ros_nvblox/install/nvblox_ros/include/eigen3/unsupported/Eigen/CXX11/TensorSymmetry
[6.078s] -- Up-to-date symlink: /workspaces/isaac_ros-dev/src/isaac_ros_nvblox/install/nvblox_ros/include/eigen3/unsupported/Eigen/CXX11/ThreadPool
[6.078s] -- Up-to-date symlink: /workspaces/isaac_ros-dev/src/isaac_ros_nvblox/install/nvblox_ros/include/eigen3/unsupported/Eigen/CXX11/src/Tensor/Tensor.h
[6.078s] -- Up-to-date symlink: /workspaces/isaac_ros-dev/src/isaac_ros_nvblox/install/nvblox_ros/include/eigen3/unsupported/Eigen/CXX11/src/Tensor/TensorArgMax.h
[6.078s] -- Up-to-date symlink: /workspaces/isaac_ros-dev/src/isaac_ros_nvblox/install/nvblox_ros/include/eigen3/unsupported/Eigen/CXX11/src/Tensor/TensorAssign.h
[6.079s] -- Up-to-date symlink: /workspaces/isaac_ros-dev/src/isaac_ros_nvblox/install/nvblox_ros/include/eigen3/unsupported/Eigen/CXX11/src/Tensor/TensorBase.h
[6.079s] -- Up-to-date symlink: /workspaces/isaac_ros-dev/src/isaac_ros_nvblox/install/nvblox_ros/include/eigen3/unsupported/Eigen/CXX11/src/Tensor/TensorBlock.h
[6.079s] -- Up-to-date symlink: /workspaces/isaac_ros-dev/src/isaac_ros_nvblox/install/nvblox_ros/include/eigen3/unsupported/Eigen/CXX11/src/Tensor/TensorBroadcasting.h
[6.079s] -- Up-to-date symlink: /workspaces/isaac_ros-dev/src/isaac_ros_nvblox/install/nvblox_ros/include/eigen3/unsupported/Eigen/CXX11/src/Tensor/TensorChipping.h
[6.079s] -- Up-to-date symlink: /workspaces/isaac_ros-dev/src/isaac_ros_nvblox/install/nvblox_ros/include/eigen3/unsupported/Eigen/CXX11/src/Tensor/TensorConcatenation.h
[6.079s] -- Up-to-date symlink: /workspaces/isaac_ros-dev/src/isaac_ros_nvblox/install/nvblox_ros/include/eigen3/unsupported/Eigen/CXX11/src/Tensor/TensorContraction.h
[6.079s] -- Up-to-date symlink: /workspaces/isaac_ros-dev/src/isaac_ros_nvblox/install/nvblox_ros/include/eigen3/unsupported/Eigen/CXX11/src/Tensor/TensorContractionBlocking.h
[6.080s] -- Up-to-date symlink: /workspaces/isaac_ros-dev/src/isaac_ros_nvblox/install/nvblox_ros/include/eigen3/unsupported/Eigen/CXX11/src/Tensor/TensorContractionCuda.h
[6.080s] -- Up-to-date symlink: /workspaces/isaac_ros-dev/src/isaac_ros_nvblox/install/nvblox_ros/include/eigen3/unsupported/Eigen/CXX11/src/Tensor/TensorContractionGpu.h
[6.080s] -- Up-to-date symlink: /workspaces/isaac_ros-dev/src/isaac_ros_nvblox/install/nvblox_ros/include/eigen3/unsupported/Eigen/CXX11/src/Tensor/TensorContractionMapper.h
[6.080s] -- Up-to-date symlink: /workspaces/isaac_ros-dev/src/isaac_ros_nvblox/install/nvblox_ros/include/eigen3/unsupported/Eigen/CXX11/src/Tensor/TensorContractionSycl.h
[6.080s] -- Up-to-date symlink: /workspaces/isaac_ros-dev/src/isaac_ros_nvblox/install/nvblox_ros/include/eigen3/unsupported/Eigen/CXX11/src/Tensor/TensorContractionThreadPool.h
[6.080s] -- Up-to-date symlink: /workspaces/isaac_ros-dev/src/isaac_ros_nvblox/install/nvblox_ros/include/eigen3/unsupported/Eigen/CXX11/src/Tensor/TensorConversion.h
[6.080s] -- Up-to-date symlink: /workspaces/isaac_ros-dev/src/isaac_ros_nvblox/install/nvblox_ros/include/eigen3/unsupported/Eigen/CXX11/src/Tensor/TensorConvolution.h
[6.081s] -- Up-to-date symlink: /workspaces/isaac_ros-dev/src/isaac_ros_nvblox/install/nvblox_ros/include/eigen3/unsupported/Eigen/CXX11/src/Tensor/TensorConvolutionSycl.h
[6.081s] -- Up-to-date symlink: /workspaces/isaac_ros-dev/src/isaac_ros_nvblox/install/nvblox_ros/include/eigen3/unsupported/Eigen/CXX11/src/Tensor/TensorCostModel.h
[6.081s] -- Up-to-date symlink: /workspaces/isaac_ros-dev/src/isaac_ros_nvblox/install/nvblox_ros/include/eigen3/unsupported/Eigen/CXX11/src/Tensor/TensorCustomOp.h
[6.081s] -- Up-to-date symlink: /workspaces/isaac_ros-dev/src/isaac_ros_nvblox/install/nvblox_ros/include/eigen3/unsupported/Eigen/CXX11/src/Tensor/TensorDevice.h
[6.081s] -- Up-to-date symlink: /workspaces/isaac_ros-dev/src/isaac_ros_nvblox/install/nvblox_ros/include/eigen3/unsupported/Eigen/CXX11/src/Tensor/TensorDeviceCuda.h
[6.081s] -- Up-to-date symlink: /workspaces/isaac_ros-dev/src/isaac_ros_nvblox/install/nvblox_ros/include/eigen3/unsupported/Eigen/CXX11/src/Tensor/TensorDeviceDefault.h
[6.081s] -- Up-to-date symlink: /workspaces/isaac_ros-dev/src/isaac_ros_nvblox/install/nvblox_ros/include/eigen3/unsupported/Eigen/CXX11/src/Tensor/TensorDeviceGpu.h
[6.081s] -- Up-to-date symlink: /workspaces/isaac_ros-dev/src/isaac_ros_nvblox/install/nvblox_ros/include/eigen3/unsupported/Eigen/CXX11/src/Tensor/TensorDeviceSycl.h
[6.082s] -- Up-to-date symlink: /workspaces/isaac_ros-dev/src/isaac_ros_nvblox/install/nvblox_ros/include/eigen3/unsupported/Eigen/CXX11/src/Tensor/TensorDeviceThreadPool.h
[6.082s] -- Up-to-date symlink: /workspaces/isaac_ros-dev/src/isaac_ros_nvblox/install/nvblox_ros/include/eigen3/unsupported/Eigen/CXX11/src/Tensor/TensorDimensionList.h
[6.082s] -- Up-to-date symlink: /workspaces/isaac_ros-dev/src/isaac_ros_nvblox/install/nvblox_ros/include/eigen3/unsupported/Eigen/CXX11/src/Tensor/TensorDimensions.h
[6.082s] -- Up-to-date symlink: /workspaces/isaac_ros-dev/src/isaac_ros_nvblox/install/nvblox_ros/include/eigen3/unsupported/Eigen/CXX11/src/Tensor/TensorEvalTo.h
[6.082s] -- Up-to-date symlink: /workspaces/isaac_ros-dev/src/isaac_ros_nvblox/install/nvblox_ros/include/eigen3/unsupported/Eigen/CXX11/src/Tensor/TensorEvaluator.h
[6.082s] -- Up-to-date symlink: /workspaces/isaac_ros-dev/src/isaac_ros_nvblox/install/nvblox_ros/include/eigen3/unsupported/Eigen/CXX11/src/Tensor/TensorExecutor.h
[6.082s] -- Up-to-date symlink: /workspaces/isaac_ros-dev/src/isaac_ros_nvblox/install/nvblox_ros/include/eigen3/unsupported/Eigen/CXX11/src/Tensor/TensorExpr.h
[6.083s] -- Up-to-date symlink: /workspaces/isaac_ros-dev/src/isaac_ros_nvblox/install/nvblox_ros/include/eigen3/unsupported/Eigen/CXX11/src/Tensor/TensorFFT.h
[6.083s] -- Up-to-date symlink: /workspaces/isaac_ros-dev/src/isaac_ros_nvblox/install/nvblox_ros/include/eigen3/unsupported/Eigen/CXX11/src/Tensor/TensorFixedSize.h
[6.083s] -- Up-to-date symlink: /workspaces/isaac_ros-dev/src/isaac_ros_nvblox/install/nvblox_ros/include/eigen3/unsupported/Eigen/CXX11/src/Tensor/TensorForcedEval.h
[6.083s] -- Up-to-date symlink: /workspaces/isaac_ros-dev/src/isaac_ros_nvblox/install/nvblox_ros/include/eigen3/unsupported/Eigen/CXX11/src/Tensor/TensorForwardDeclarations.h
[6.083s] -- Up-to-date symlink: /workspaces/isaac_ros-dev/src/isaac_ros_nvblox/install/nvblox_ros/include/eigen3/unsupported/Eigen/CXX11/src/Tensor/TensorFunctors.h
[6.083s] -- Up-to-date symlink: /workspaces/isaac_ros-dev/src/isaac_ros_nvblox/install/nvblox_ros/include/eigen3/unsupported/Eigen/CXX11/src/Tensor/TensorGenerator.h
[6.083s] -- Up-to-date symlink: /workspaces/isaac_ros-dev/src/isaac_ros_nvblox/install/nvblox_ros/include/eigen3/unsupported/Eigen/CXX11/src/Tensor/TensorGlobalFunctions.h
[6.083s] -- Up-to-date symlink: /workspaces/isaac_ros-dev/src/isaac_ros_nvblox/install/nvblox_ros/include/eigen3/unsupported/Eigen/CXX11/src/Tensor/TensorGpuHipCudaDefines.h
[6.084s] -- Up-to-date symlink: /workspaces/isaac_ros-dev/src/isaac_ros_nvblox/install/nvblox_ros/include/eigen3/unsupported/Eigen/CXX11/src/Tensor/TensorGpuHipCudaUndefines.h
[6.084s] -- Up-to-date symlink: /workspaces/isaac_ros-dev/src/isaac_ros_nvblox/install/nvblox_ros/include/eigen3/unsupported/Eigen/CXX11/src/Tensor/TensorIO.h
[6.084s] -- Up-to-date symlink: /workspaces/isaac_ros-dev/src/isaac_ros_nvblox/install/nvblox_ros/include/eigen3/unsupported/Eigen/CXX11/src/Tensor/TensorImagePatch.h
[6.084s] -- Up-to-date symlink: /workspaces/isaac_ros-dev/src/isaac_ros_nvblox/install/nvblox_ros/include/eigen3/unsupported/Eigen/CXX11/src/Tensor/TensorIndexList.h
[6.084s] -- Up-to-date symlink: /workspaces/isaac_ros-dev/src/isaac_ros_nvblox/install/nvblox_ros/include/eigen3/unsupported/Eigen/CXX11/src/Tensor/TensorInflation.h
[6.084s] -- Up-to-date symlink: /workspaces/isaac_ros-dev/src/isaac_ros_nvblox/install/nvblox_ros/include/eigen3/unsupported/Eigen/CXX11/src/Tensor/TensorInitializer.h
[6.084s] -- Up-to-date symlink: /workspaces/isaac_ros-dev/src/isaac_ros_nvblox/install/nvblox_ros/include/eigen3/unsupported/Eigen/CXX11/src/Tensor/TensorIntDiv.h
[6.085s] -- Up-to-date symlink: /workspaces/isaac_ros-dev/src/isaac_ros_nvblox/install/nvblox_ros/include/eigen3/unsupported/Eigen/CXX11/src/Tensor/TensorLayoutSwap.h
[6.085s] -- Up-to-date symlink: /workspaces/isaac_ros-dev/src/isaac_ros_nvblox/install/nvblox_ros/include/eigen3/unsupported/Eigen/CXX11/src/Tensor/TensorMacros.h
[6.085s] -- Up-to-date symlink: /workspaces/isaac_ros-dev/src/isaac_ros_nvblox/install/nvblox_ros/include/eigen3/unsupported/Eigen/CXX11/src/Tensor/TensorMap.h
[6.085s] -- Up-to-date symlink: /workspaces/isaac_ros-dev/src/isaac_ros_nvblox/install/nvblox_ros/include/eigen3/unsupported/Eigen/CXX11/src/Tensor/TensorMeta.h
[6.085s] -- Up-to-date symlink: /workspaces/isaac_ros-dev/src/isaac_ros_nvblox/install/nvblox_ros/include/eigen3/unsupported/Eigen/CXX11/src/Tensor/TensorMorphing.h
[6.085s] -- Up-to-date symlink: /workspaces/isaac_ros-dev/src/isaac_ros_nvblox/install/nvblox_ros/include/eigen3/unsupported/Eigen/CXX11/src/Tensor/TensorPadding.h
[6.085s] -- Up-to-date symlink: /workspaces/isaac_ros-dev/src/isaac_ros_nvblox/install/nvblox_ros/include/eigen3/unsupported/Eigen/CXX11/src/Tensor/TensorPatch.h
[6.085s] -- Up-to-date symlink: /workspaces/isaac_ros-dev/src/isaac_ros_nvblox/install/nvblox_ros/include/eigen3/unsupported/Eigen/CXX11/src/Tensor/TensorRandom.h
[6.086s] -- Up-to-date symlink: /workspaces/isaac_ros-dev/src/isaac_ros_nvblox/install/nvblox_ros/include/eigen3/unsupported/Eigen/CXX11/src/Tensor/TensorReduction.h
[6.086s] -- Up-to-date symlink: /workspaces/isaac_ros-dev/src/isaac_ros_nvblox/install/nvblox_ros/include/eigen3/unsupported/Eigen/CXX11/src/Tensor/TensorReductionCuda.h
[6.086s] -- Up-to-date symlink: /workspaces/isaac_ros-dev/src/isaac_ros_nvblox/install/nvblox_ros/include/eigen3/unsupported/Eigen/CXX11/src/Tensor/TensorReductionGpu.h
[6.086s] -- Up-to-date symlink: /workspaces/isaac_ros-dev/src/isaac_ros_nvblox/install/nvblox_ros/include/eigen3/unsupported/Eigen/CXX11/src/Tensor/TensorReductionSycl.h
[6.086s] -- Up-to-date symlink: /workspaces/isaac_ros-dev/src/isaac_ros_nvblox/install/nvblox_ros/include/eigen3/unsupported/Eigen/CXX11/src/Tensor/TensorRef.h
[6.086s] -- Up-to-date symlink: /workspaces/isaac_ros-dev/src/isaac_ros_nvblox/install/nvblox_ros/include/eigen3/unsupported/Eigen/CXX11/src/Tensor/TensorReverse.h
[6.086s] -- Up-to-date symlink: /workspaces/isaac_ros-dev/src/isaac_ros_nvblox/install/nvblox_ros/include/eigen3/unsupported/Eigen/CXX11/src/Tensor/TensorScan.h
[6.087s] -- Up-to-date symlink: /workspaces/isaac_ros-dev/src/isaac_ros_nvblox/install/nvblox_ros/include/eigen3/unsupported/Eigen/CXX11/src/Tensor/TensorScanSycl.h
[6.087s] -- Up-to-date symlink: /workspaces/isaac_ros-dev/src/isaac_ros_nvblox/install/nvblox_ros/include/eigen3/unsupported/Eigen/CXX11/src/Tensor/TensorShuffling.h
[6.087s] -- Up-to-date symlink: /workspaces/isaac_ros-dev/src/isaac_ros_nvblox/install/nvblox_ros/include/eigen3/unsupported/Eigen/CXX11/src/Tensor/TensorStorage.h
[6.087s] -- Up-to-date symlink: /workspaces/isaac_ros-dev/src/isaac_ros_nvblox/install/nvblox_ros/include/eigen3/unsupported/Eigen/CXX11/src/Tensor/TensorStriding.h
[6.087s] -- Up-to-date symlink: /workspaces/isaac_ros-dev/src/isaac_ros_nvblox/install/nvblox_ros/include/eigen3/unsupported/Eigen/CXX11/src/Tensor/TensorTrace.h
[6.087s] -- Up-to-date symlink: /workspaces/isaac_ros-dev/src/isaac_ros_nvblox/install/nvblox_ros/include/eigen3/unsupported/Eigen/CXX11/src/Tensor/TensorTraits.h
[6.087s] -- Up-to-date symlink: /workspaces/isaac_ros-dev/src/isaac_ros_nvblox/install/nvblox_ros/include/eigen3/unsupported/Eigen/CXX11/src/Tensor/TensorUInt128.h
[6.087s] -- Up-to-date symlink: /workspaces/isaac_ros-dev/src/isaac_ros_nvblox/install/nvblox_ros/include/eigen3/unsupported/Eigen/CXX11/src/Tensor/TensorVolumePatch.h
[6.088s] -- Up-to-date symlink: /workspaces/isaac_ros-dev/src/isaac_ros_nvblox/install/nvblox_ros/include/eigen3/unsupported/Eigen/CXX11/src/TensorSymmetry/DynamicSymmetry.h
[6.088s] -- Up-to-date symlink: /workspaces/isaac_ros-dev/src/isaac_ros_nvblox/install/nvblox_ros/include/eigen3/unsupported/Eigen/CXX11/src/TensorSymmetry/StaticSymmetry.h
[6.088s] -- Up-to-date symlink: /workspaces/isaac_ros-dev/src/isaac_ros_nvblox/install/nvblox_ros/include/eigen3/unsupported/Eigen/CXX11/src/TensorSymmetry/Symmetry.h
[6.088s] -- Up-to-date symlink: /workspaces/isaac_ros-dev/src/isaac_ros_nvblox/install/nvblox_ros/include/eigen3/unsupported/Eigen/CXX11/src/TensorSymmetry/util/TemplateGroupTheory.h
[6.088s] -- Up-to-date symlink: /workspaces/isaac_ros-dev/src/isaac_ros_nvblox/install/nvblox_ros/include/eigen3/unsupported/Eigen/CXX11/src/ThreadPool/Barrier.h
[6.088s] -- Up-to-date symlink: /workspaces/isaac_ros-dev/src/isaac_ros_nvblox/install/nvblox_ros/include/eigen3/unsupported/Eigen/CXX11/src/ThreadPool/EventCount.h
[6.088s] -- Up-to-date symlink: /workspaces/isaac_ros-dev/src/isaac_ros_nvblox/install/nvblox_ros/include/eigen3/unsupported/Eigen/CXX11/src/ThreadPool/NonBlockingThreadPool.h
[6.089s] -- Up-to-date symlink: /workspaces/isaac_ros-dev/src/isaac_ros_nvblox/install/nvblox_ros/include/eigen3/unsupported/Eigen/CXX11/src/ThreadPool/RunQueue.h
[6.089s] -- Up-to-date symlink: /workspaces/isaac_ros-dev/src/isaac_ros_nvblox/install/nvblox_ros/include/eigen3/unsupported/Eigen/CXX11/src/ThreadPool/ThreadCancel.h
[6.089s] -- Up-to-date symlink: /workspaces/isaac_ros-dev/src/isaac_ros_nvblox/install/nvblox_ros/include/eigen3/unsupported/Eigen/CXX11/src/ThreadPool/ThreadEnvironment.h
[6.089s] -- Up-to-date symlink: /workspaces/isaac_ros-dev/src/isaac_ros_nvblox/install/nvblox_ros/include/eigen3/unsupported/Eigen/CXX11/src/ThreadPool/ThreadLocal.h
[6.089s] -- Up-to-date symlink: /workspaces/isaac_ros-dev/src/isaac_ros_nvblox/install/nvblox_ros/include/eigen3/unsupported/Eigen/CXX11/src/ThreadPool/ThreadPoolInterface.h
[6.089s] -- Up-to-date symlink: /workspaces/isaac_ros-dev/src/isaac_ros_nvblox/install/nvblox_ros/include/eigen3/unsupported/Eigen/CXX11/src/ThreadPool/ThreadYield.h
[6.089s] -- Up-to-date symlink: /workspaces/isaac_ros-dev/src/isaac_ros_nvblox/install/nvblox_ros/include/eigen3/unsupported/Eigen/CXX11/src/util/CXX11Meta.h
[6.090s] -- Up-to-date symlink: /workspaces/isaac_ros-dev/src/isaac_ros_nvblox/install/nvblox_ros/include/eigen3/unsupported/Eigen/CXX11/src/util/CXX11Workarounds.h
[6.090s] -- Up-to-date symlink: /workspaces/isaac_ros-dev/src/isaac_ros_nvblox/install/nvblox_ros/include/eigen3/unsupported/Eigen/CXX11/src/util/EmulateArray.h
[6.090s] -- Up-to-date symlink: /workspaces/isaac_ros-dev/src/isaac_ros_nvblox/install/nvblox_ros/include/eigen3/unsupported/Eigen/CXX11/src/util/MaxSizeVector.h
[6.090s] -- Up-to-date symlink: /workspaces/isaac_ros-dev/src/isaac_ros_nvblox/install/nvblox_ros/include/eigen3/unsupported/Eigen/EulerAngles
[6.090s] -- Up-to-date symlink: /workspaces/isaac_ros-dev/src/isaac_ros_nvblox/install/nvblox_ros/include/eigen3/unsupported/Eigen/FFT
[6.090s] -- Up-to-date symlink: /workspaces/isaac_ros-dev/src/isaac_ros_nvblox/install/nvblox_ros/include/eigen3/unsupported/Eigen/IterativeSolvers
[6.090s] -- Up-to-date symlink: /workspaces/isaac_ros-dev/src/isaac_ros_nvblox/install/nvblox_ros/include/eigen3/unsupported/Eigen/KroneckerProduct
[6.090s] -- Up-to-date symlink: /workspaces/isaac_ros-dev/src/isaac_ros_nvblox/install/nvblox_ros/include/eigen3/unsupported/Eigen/LevenbergMarquardt
[6.090s] -- Up-to-date symlink: /workspaces/isaac_ros-dev/src/isaac_ros_nvblox/install/nvblox_ros/include/eigen3/unsupported/Eigen/MPRealSupport
[6.091s] -- Up-to-date symlink: /workspaces/isaac_ros-dev/src/isaac_ros_nvblox/install/nvblox_ros/include/eigen3/unsupported/Eigen/MatrixFunctions
[6.091s] -- Up-to-date symlink: /workspaces/isaac_ros-dev/src/isaac_ros_nvblox/install/nvblox_ros/include/eigen3/unsupported/Eigen/MoreVectorization
[6.091s] -- Up-to-date symlink: /workspaces/isaac_ros-dev/src/isaac_ros_nvblox/install/nvblox_ros/include/eigen3/unsupported/Eigen/NonLinearOptimization
[6.091s] -- Up-to-date symlink: /workspaces/isaac_ros-dev/src/isaac_ros_nvblox/install/nvblox_ros/include/eigen3/unsupported/Eigen/NumericalDiff
[6.091s] -- Up-to-date symlink: /workspaces/isaac_ros-dev/src/isaac_ros_nvblox/install/nvblox_ros/include/eigen3/unsupported/Eigen/OpenGLSupport
[6.091s] -- Up-to-date symlink: /workspaces/isaac_ros-dev/src/isaac_ros_nvblox/install/nvblox_ros/include/eigen3/unsupported/Eigen/Polynomials
[6.091s] -- Up-to-date symlink: /workspaces/isaac_ros-dev/src/isaac_ros_nvblox/install/nvblox_ros/include/eigen3/unsupported/Eigen/Skyline
[6.091s] -- Up-to-date symlink: /workspaces/isaac_ros-dev/src/isaac_ros_nvblox/install/nvblox_ros/include/eigen3/unsupported/Eigen/SparseExtra
[6.091s] -- Up-to-date symlink: /workspaces/isaac_ros-dev/src/isaac_ros_nvblox/install/nvblox_ros/include/eigen3/unsupported/Eigen/SpecialFunctions
[6.092s] -- Up-to-date symlink: /workspaces/isaac_ros-dev/src/isaac_ros_nvblox/install/nvblox_ros/include/eigen3/unsupported/Eigen/Splines
[6.092s] -- Up-to-date symlink: /workspaces/isaac_ros-dev/src/isaac_ros_nvblox/install/nvblox_ros/include/eigen3/unsupported/Eigen/src/AutoDiff/AutoDiffJacobian.h
[6.092s] -- Up-to-date symlink: /workspaces/isaac_ros-dev/src/isaac_ros_nvblox/install/nvblox_ros/include/eigen3/unsupported/Eigen/src/AutoDiff/AutoDiffScalar.h
[6.092s] -- Up-to-date symlink: /workspaces/isaac_ros-dev/src/isaac_ros_nvblox/install/nvblox_ros/include/eigen3/unsupported/Eigen/src/AutoDiff/AutoDiffVector.h
[6.092s] -- Up-to-date symlink: /workspaces/isaac_ros-dev/src/isaac_ros_nvblox/install/nvblox_ros/include/eigen3/unsupported/Eigen/src/BVH/BVAlgorithms.h
[6.092s] -- Up-to-date symlink: /workspaces/isaac_ros-dev/src/isaac_ros_nvblox/install/nvblox_ros/include/eigen3/unsupported/Eigen/src/BVH/KdBVH.h
[6.092s] -- Up-to-date symlink: /workspaces/isaac_ros-dev/src/isaac_ros_nvblox/install/nvblox_ros/include/eigen3/unsupported/Eigen/src/Eigenvalues/ArpackSelfAdjointEigenSolver.h
[6.092s] -- Up-to-date symlink: /workspaces/isaac_ros-dev/src/isaac_ros_nvblox/install/nvblox_ros/include/eigen3/unsupported/Eigen/src/EulerAngles/EulerAngles.h
[6.093s] -- Up-to-date symlink: /workspaces/isaac_ros-dev/src/isaac_ros_nvblox/install/nvblox_ros/include/eigen3/unsupported/Eigen/src/EulerAngles/EulerSystem.h
[6.093s] -- Up-to-date symlink: /workspaces/isaac_ros-dev/src/isaac_ros_nvblox/install/nvblox_ros/include/eigen3/unsupported/Eigen/src/FFT/ei_fftw_impl.h
[6.093s] -- Up-to-date symlink: /workspaces/isaac_ros-dev/src/isaac_ros_nvblox/install/nvblox_ros/include/eigen3/unsupported/Eigen/src/FFT/ei_kissfft_impl.h
[6.093s] -- Up-to-date symlink: /workspaces/isaac_ros-dev/src/isaac_ros_nvblox/install/nvblox_ros/include/eigen3/unsupported/Eigen/src/IterativeSolvers/ConstrainedConjGrad.h
[6.093s] -- Up-to-date symlink: /workspaces/isaac_ros-dev/src/isaac_ros_nvblox/install/nvblox_ros/include/eigen3/unsupported/Eigen/src/IterativeSolvers/DGMRES.h
[6.093s] -- Up-to-date symlink: /workspaces/isaac_ros-dev/src/isaac_ros_nvblox/install/nvblox_ros/include/eigen3/unsupported/Eigen/src/IterativeSolvers/GMRES.h
[6.093s] -- Up-to-date symlink: /workspaces/isaac_ros-dev/src/isaac_ros_nvblox/install/nvblox_ros/include/eigen3/unsupported/Eigen/src/IterativeSolvers/IDRS.h
[6.093s] -- Up-to-date symlink: /workspaces/isaac_ros-dev/src/isaac_ros_nvblox/install/nvblox_ros/include/eigen3/unsupported/Eigen/src/IterativeSolvers/IncompleteLU.h
[6.094s] -- Up-to-date symlink: /workspaces/isaac_ros-dev/src/isaac_ros_nvblox/install/nvblox_ros/include/eigen3/unsupported/Eigen/src/IterativeSolvers/IterationController.h
[6.094s] -- Up-to-date symlink: /workspaces/isaac_ros-dev/src/isaac_ros_nvblox/install/nvblox_ros/include/eigen3/unsupported/Eigen/src/IterativeSolvers/MINRES.h
[6.094s] -- Up-to-date symlink: /workspaces/isaac_ros-dev/src/isaac_ros_nvblox/install/nvblox_ros/include/eigen3/unsupported/Eigen/src/IterativeSolvers/Scaling.h
[6.094s] -- Up-to-date symlink: /workspaces/isaac_ros-dev/src/isaac_ros_nvblox/install/nvblox_ros/include/eigen3/unsupported/Eigen/src/KroneckerProduct/KroneckerTensorProduct.h
[6.094s] -- Up-to-date symlink: /workspaces/isaac_ros-dev/src/isaac_ros_nvblox/install/nvblox_ros/include/eigen3/unsupported/Eigen/src/LevenbergMarquardt/LMcovar.h
[6.094s] -- Up-to-date symlink: /workspaces/isaac_ros-dev/src/isaac_ros_nvblox/install/nvblox_ros/include/eigen3/unsupported/Eigen/src/LevenbergMarquardt/LMonestep.h
[6.094s] -- Up-to-date symlink: /workspaces/isaac_ros-dev/src/isaac_ros_nvblox/install/nvblox_ros/include/eigen3/unsupported/Eigen/src/LevenbergMarquardt/LMpar.h
[6.095s] -- Up-to-date symlink: /workspaces/isaac_ros-dev/src/isaac_ros_nvblox/install/nvblox_ros/include/eigen3/unsupported/Eigen/src/LevenbergMarquardt/LMqrsolv.h
[6.095s] -- Up-to-date symlink: /workspaces/isaac_ros-dev/src/isaac_ros_nvblox/install/nvblox_ros/include/eigen3/unsupported/Eigen/src/LevenbergMarquardt/LevenbergMarquardt.h
[6.095s] -- Up-to-date symlink: /workspaces/isaac_ros-dev/src/isaac_ros_nvblox/install/nvblox_ros/include/eigen3/unsupported/Eigen/src/MatrixFunctions/MatrixExponential.h
[6.095s] -- Up-to-date symlink: /workspaces/isaac_ros-dev/src/isaac_ros_nvblox/install/nvblox_ros/include/eigen3/unsupported/Eigen/src/MatrixFunctions/MatrixFunction.h
[6.095s] -- Up-to-date symlink: /workspaces/isaac_ros-dev/src/isaac_ros_nvblox/install/nvblox_ros/include/eigen3/unsupported/Eigen/src/MatrixFunctions/MatrixLogarithm.h
[6.095s] -- Up-to-date symlink: /workspaces/isaac_ros-dev/src/isaac_ros_nvblox/install/nvblox_ros/include/eigen3/unsupported/Eigen/src/MatrixFunctions/MatrixPower.h
[6.095s] -- Up-to-date symlink: /workspaces/isaac_ros-dev/src/isaac_ros_nvblox/install/nvblox_ros/include/eigen3/unsupported/Eigen/src/MatrixFunctions/MatrixSquareRoot.h
[6.095s] -- Up-to-date symlink: /workspaces/isaac_ros-dev/src/isaac_ros_nvblox/install/nvblox_ros/include/eigen3/unsupported/Eigen/src/MatrixFunctions/StemFunction.h
[6.096s] -- Up-to-date symlink: /workspaces/isaac_ros-dev/src/isaac_ros_nvblox/install/nvblox_ros/include/eigen3/unsupported/Eigen/src/MoreVectorization/MathFunctions.h
[6.096s] -- Up-to-date symlink: /workspaces/isaac_ros-dev/src/isaac_ros_nvblox/install/nvblox_ros/include/eigen3/unsupported/Eigen/src/NonLinearOptimization/HybridNonLinearSolver.h
[6.096s] -- Up-to-date symlink: /workspaces/isaac_ros-dev/src/isaac_ros_nvblox/install/nvblox_ros/include/eigen3/unsupported/Eigen/src/NonLinearOptimization/LevenbergMarquardt.h
[6.096s] -- Up-to-date symlink: /workspaces/isaac_ros-dev/src/isaac_ros_nvblox/install/nvblox_ros/include/eigen3/unsupported/Eigen/src/NonLinearOptimization/chkder.h
[6.096s] -- Up-to-date symlink: /workspaces/isaac_ros-dev/src/isaac_ros_nvblox/install/nvblox_ros/include/eigen3/unsupported/Eigen/src/NonLinearOptimization/covar.h
[6.096s] -- Up-to-date symlink: /workspaces/isaac_ros-dev/src/isaac_ros_nvblox/install/nvblox_ros/include/eigen3/unsupported/Eigen/src/NonLinearOptimization/dogleg.h
[6.096s] -- Up-to-date symlink: /workspaces/isaac_ros-dev/src/isaac_ros_nvblox/install/nvblox_ros/include/eigen3/unsupported/Eigen/src/NonLinearOptimization/fdjac1.h
[6.096s] -- Up-to-date symlink: /workspaces/isaac_ros-dev/src/isaac_ros_nvblox/install/nvblox_ros/include/eigen3/unsupported/Eigen/src/NonLinearOptimization/lmpar.h
[6.097s] -- Up-to-date symlink: /workspaces/isaac_ros-dev/src/isaac_ros_nvblox/install/nvblox_ros/include/eigen3/unsupported/Eigen/src/NonLinearOptimization/qrsolv.h
[6.097s] -- Up-to-date symlink: /workspaces/isaac_ros-dev/src/isaac_ros_nvblox/install/nvblox_ros/include/eigen3/unsupported/Eigen/src/NonLinearOptimization/r1mpyq.h
[6.097s] -- Up-to-date symlink: /workspaces/isaac_ros-dev/src/isaac_ros_nvblox/install/nvblox_ros/include/eigen3/unsupported/Eigen/src/NonLinearOptimization/r1updt.h
[6.097s] -- Up-to-date symlink: /workspaces/isaac_ros-dev/src/isaac_ros_nvblox/install/nvblox_ros/include/eigen3/unsupported/Eigen/src/NonLinearOptimization/rwupdt.h
[6.097s] -- Up-to-date symlink: /workspaces/isaac_ros-dev/src/isaac_ros_nvblox/install/nvblox_ros/include/eigen3/unsupported/Eigen/src/NumericalDiff/NumericalDiff.h
[6.097s] -- Up-to-date symlink: /workspaces/isaac_ros-dev/src/isaac_ros_nvblox/install/nvblox_ros/include/eigen3/unsupported/Eigen/src/Polynomials/Companion.h
[6.097s] -- Up-to-date symlink: /workspaces/isaac_ros-dev/src/isaac_ros_nvblox/install/nvblox_ros/include/eigen3/unsupported/Eigen/src/Polynomials/PolynomialSolver.h
[6.097s] -- Up-to-date symlink: /workspaces/isaac_ros-dev/src/isaac_ros_nvblox/install/nvblox_ros/include/eigen3/unsupported/Eigen/src/Polynomials/PolynomialUtils.h
[6.098s] -- Up-to-date symlink: /workspaces/isaac_ros-dev/src/isaac_ros_nvblox/install/nvblox_ros/include/eigen3/unsupported/Eigen/src/Skyline/SkylineInplaceLU.h
[6.098s] -- Up-to-date symlink: /workspaces/isaac_ros-dev/src/isaac_ros_nvblox/install/nvblox_ros/include/eigen3/unsupported/Eigen/src/Skyline/SkylineMatrix.h
[6.098s] -- Up-to-date symlink: /workspaces/isaac_ros-dev/src/isaac_ros_nvblox/install/nvblox_ros/include/eigen3/unsupported/Eigen/src/Skyline/SkylineMatrixBase.h
[6.098s] -- Up-to-date symlink: /workspaces/isaac_ros-dev/src/isaac_ros_nvblox/install/nvblox_ros/include/eigen3/unsupported/Eigen/src/Skyline/SkylineProduct.h
[6.098s] -- Up-to-date symlink: /workspaces/isaac_ros-dev/src/isaac_ros_nvblox/install/nvblox_ros/include/eigen3/unsupported/Eigen/src/Skyline/SkylineStorage.h
[6.098s] -- Up-to-date symlink: /workspaces/isaac_ros-dev/src/isaac_ros_nvblox/install/nvblox_ros/include/eigen3/unsupported/Eigen/src/Skyline/SkylineUtil.h
[6.098s] -- Up-to-date symlink: /workspaces/isaac_ros-dev/src/isaac_ros_nvblox/install/nvblox_ros/include/eigen3/unsupported/Eigen/src/SparseExtra/BlockOfDynamicSparseMatrix.h
[6.098s] -- Up-to-date symlink: /workspaces/isaac_ros-dev/src/isaac_ros_nvblox/install/nvblox_ros/include/eigen3/unsupported/Eigen/src/SparseExtra/BlockSparseMatrix.h
[6.099s] -- Up-to-date symlink: /workspaces/isaac_ros-dev/src/isaac_ros_nvblox/install/nvblox_ros/include/eigen3/unsupported/Eigen/src/SparseExtra/DynamicSparseMatrix.h
[6.099s] -- Up-to-date symlink: /workspaces/isaac_ros-dev/src/isaac_ros_nvblox/install/nvblox_ros/include/eigen3/unsupported/Eigen/src/SparseExtra/MarketIO.h
[6.099s] -- Up-to-date symlink: /workspaces/isaac_ros-dev/src/isaac_ros_nvblox/install/nvblox_ros/include/eigen3/unsupported/Eigen/src/SparseExtra/MatrixMarketIterator.h
[6.099s] -- Up-to-date symlink: /workspaces/isaac_ros-dev/src/isaac_ros_nvblox/install/nvblox_ros/include/eigen3/unsupported/Eigen/src/SparseExtra/RandomSetter.h
[6.099s] -- Up-to-date symlink: /workspaces/isaac_ros-dev/src/isaac_ros_nvblox/install/nvblox_ros/include/eigen3/unsupported/Eigen/src/SpecialFunctions/BesselFunctionsArrayAPI.h
[6.099s] -- Up-to-date symlink: /workspaces/isaac_ros-dev/src/isaac_ros_nvblox/install/nvblox_ros/include/eigen3/unsupported/Eigen/src/SpecialFunctions/BesselFunctionsBFloat16.h
[6.099s] -- Up-to-date symlink: /workspaces/isaac_ros-dev/src/isaac_ros_nvblox/install/nvblox_ros/include/eigen3/unsupported/Eigen/src/SpecialFunctions/BesselFunctionsFunctors.h
[6.100s] -- Up-to-date symlink: /workspaces/isaac_ros-dev/src/isaac_ros_nvblox/install/nvblox_ros/include/eigen3/unsupported/Eigen/src/SpecialFunctions/BesselFunctionsHalf.h
[6.100s] -- Up-to-date symlink: /workspaces/isaac_ros-dev/src/isaac_ros_nvblox/install/nvblox_ros/include/eigen3/unsupported/Eigen/src/SpecialFunctions/BesselFunctionsImpl.h
[6.100s] -- Up-to-date symlink: /workspaces/isaac_ros-dev/src/isaac_ros_nvblox/install/nvblox_ros/include/eigen3/unsupported/Eigen/src/SpecialFunctions/BesselFunctionsPacketMath.h
[6.100s] -- Up-to-date symlink: /workspaces/isaac_ros-dev/src/isaac_ros_nvblox/install/nvblox_ros/include/eigen3/unsupported/Eigen/src/SpecialFunctions/HipVectorCompatibility.h
[6.100s] -- Up-to-date symlink: /workspaces/isaac_ros-dev/src/isaac_ros_nvblox/install/nvblox_ros/include/eigen3/unsupported/Eigen/src/SpecialFunctions/SpecialFunctionsArrayAPI.h
[6.100s] -- Up-to-date symlink: /workspaces/isaac_ros-dev/src/isaac_ros_nvblox/install/nvblox_ros/include/eigen3/unsupported/Eigen/src/SpecialFunctions/SpecialFunctionsBFloat16.h
[6.100s] -- Up-to-date symlink: /workspaces/isaac_ros-dev/src/isaac_ros_nvblox/install/nvblox_ros/include/eigen3/unsupported/Eigen/src/SpecialFunctions/SpecialFunctionsFunctors.h
[6.100s] -- Up-to-date symlink: /workspaces/isaac_ros-dev/src/isaac_ros_nvblox/install/nvblox_ros/include/eigen3/unsupported/Eigen/src/SpecialFunctions/SpecialFunctionsHalf.h
[6.101s] -- Up-to-date symlink: /workspaces/isaac_ros-dev/src/isaac_ros_nvblox/install/nvblox_ros/include/eigen3/unsupported/Eigen/src/SpecialFunctions/SpecialFunctionsImpl.h
[6.101s] -- Up-to-date symlink: /workspaces/isaac_ros-dev/src/isaac_ros_nvblox/install/nvblox_ros/include/eigen3/unsupported/Eigen/src/SpecialFunctions/SpecialFunctionsPacketMath.h
[6.101s] -- Up-to-date symlink: /workspaces/isaac_ros-dev/src/isaac_ros_nvblox/install/nvblox_ros/include/eigen3/unsupported/Eigen/src/SpecialFunctions/arch/AVX/BesselFunctions.h
[6.101s] -- Up-to-date symlink: /workspaces/isaac_ros-dev/src/isaac_ros_nvblox/install/nvblox_ros/include/eigen3/unsupported/Eigen/src/SpecialFunctions/arch/AVX/SpecialFunctions.h
[6.101s] -- Up-to-date symlink: /workspaces/isaac_ros-dev/src/isaac_ros_nvblox/install/nvblox_ros/include/eigen3/unsupported/Eigen/src/SpecialFunctions/arch/AVX512/BesselFunctions.h
[6.101s] -- Up-to-date symlink: /workspaces/isaac_ros-dev/src/isaac_ros_nvblox/install/nvblox_ros/include/eigen3/unsupported/Eigen/src/SpecialFunctions/arch/AVX512/SpecialFunctions.h
[6.101s] -- Up-to-date symlink: /workspaces/isaac_ros-dev/src/isaac_ros_nvblox/install/nvblox_ros/include/eigen3/unsupported/Eigen/src/SpecialFunctions/arch/GPU/SpecialFunctions.h
[6.101s] -- Up-to-date symlink: /workspaces/isaac_ros-dev/src/isaac_ros_nvblox/install/nvblox_ros/include/eigen3/unsupported/Eigen/src/SpecialFunctions/arch/NEON/BesselFunctions.h
[6.102s] -- Up-to-date symlink: /workspaces/isaac_ros-dev/src/isaac_ros_nvblox/install/nvblox_ros/include/eigen3/unsupported/Eigen/src/SpecialFunctions/arch/NEON/SpecialFunctions.h
[6.102s] -- Up-to-date symlink: /workspaces/isaac_ros-dev/src/isaac_ros_nvblox/install/nvblox_ros/include/eigen3/unsupported/Eigen/src/Splines/Spline.h
[6.102s] -- Up-to-date symlink: /workspaces/isaac_ros-dev/src/isaac_ros_nvblox/install/nvblox_ros/include/eigen3/unsupported/Eigen/src/Splines/SplineFitting.h
[6.102s] -- Up-to-date symlink: /workspaces/isaac_ros-dev/src/isaac_ros_nvblox/install/nvblox_ros/include/eigen3/unsupported/Eigen/src/Splines/SplineFwd.h
[6.102s] -- Up-to-date symlink: /workspaces/isaac_ros-dev/src/isaac_ros_nvblox/install/nvblox_ros/share/nvblox/cmake/nvbloxConfig.cmake
[6.102s] -- Up-to-date symlink: /workspaces/isaac_ros-dev/src/isaac_ros_nvblox/install/nvblox_ros/share/nvblox/cmake/nvbloxConfigVersion.cmake
[6.103s] -- Up-to-date symlink: /workspaces/isaac_ros-dev/src/isaac_ros_nvblox/install/nvblox_ros/include/nvblox_ros/camera_cache.hpp
[6.103s] -- Up-to-date symlink: /workspaces/isaac_ros-dev/src/isaac_ros_nvblox/install/nvblox_ros/include/nvblox_ros/conversions/esdf_and_gradients_conversions.hpp
[6.103s] -- Up-to-date symlink: /workspaces/isaac_ros-dev/src/isaac_ros_nvblox/install/nvblox_ros/include/nvblox_ros/conversions/esdf_slice_conversions.hpp
[6.103s] -- Up-to-date symlink: /workspaces/isaac_ros-dev/src/isaac_ros_nvblox/install/nvblox_ros/include/nvblox_ros/conversions/image_conversions.hpp
[6.103s] -- Up-to-date symlink: /workspaces/isaac_ros-dev/src/isaac_ros_nvblox/install/nvblox_ros/include/nvblox_ros/conversions/image_conversions_thrust.hpp
[6.103s] -- Up-to-date symlink: /workspaces/isaac_ros-dev/src/isaac_ros_nvblox/install/nvblox_ros/include/nvblox_ros/conversions/layer_conversions.hpp
[6.103s] -- Up-to-date symlink: /workspaces/isaac_ros-dev/src/isaac_ros_nvblox/install/nvblox_ros/include/nvblox_ros/conversions/mesh_conversions.hpp
[6.103s] -- Up-to-date symlink: /workspaces/isaac_ros-dev/src/isaac_ros_nvblox/install/nvblox_ros/include/nvblox_ros/conversions/pointcloud_conversions.hpp
[6.104s] -- Up-to-date symlink: /workspaces/isaac_ros-dev/src/isaac_ros_nvblox/install/nvblox_ros/include/nvblox_ros/impl/mapper_initialization_impl.hpp
[6.104s] -- Up-to-date symlink: /workspaces/isaac_ros-dev/src/isaac_ros_nvblox/install/nvblox_ros/include/nvblox_ros/impl/nvblox_node_impl.hpp
[6.104s] -- Up-to-date symlink: /workspaces/isaac_ros-dev/src/isaac_ros_nvblox/install/nvblox_ros/include/nvblox_ros/mapper_initialization.hpp
[6.104s] -- Up-to-date symlink: /workspaces/isaac_ros-dev/src/isaac_ros_nvblox/install/nvblox_ros/include/nvblox_ros/nitros_types.hpp
[6.104s] -- Up-to-date symlink: /workspaces/isaac_ros-dev/src/isaac_ros_nvblox/install/nvblox_ros/include/nvblox_ros/nvblox_human_node.hpp
[6.104s] -- Up-to-date symlink: /workspaces/isaac_ros-dev/src/isaac_ros_nvblox/install/nvblox_ros/include/nvblox_ros/nvblox_node.hpp
[6.104s] -- Up-to-date symlink: /workspaces/isaac_ros-dev/src/isaac_ros_nvblox/install/nvblox_ros/include/nvblox_ros/nvblox_node_params.hpp
[6.104s] -- Up-to-date symlink: /workspaces/isaac_ros-dev/src/isaac_ros_nvblox/install/nvblox_ros/include/nvblox_ros/transformer.hpp
[6.104s] -- Up-to-date symlink: /workspaces/isaac_ros-dev/src/isaac_ros_nvblox/install/nvblox_ros/include/nvblox_ros/utils.hpp
[6.104s] -- Up-to-date symlink: /workspaces/isaac_ros-dev/src/isaac_ros_nvblox/install/nvblox_ros/include/nvblox_ros/visualization.hpp
[6.105s] -- Up-to-date symlink: /workspaces/isaac_ros-dev/src/isaac_ros_nvblox/install/nvblox_ros/lib/nvblox_ros/nvblox_node
[6.105s] -- Up-to-date symlink: /workspaces/isaac_ros-dev/src/isaac_ros_nvblox/install/nvblox_ros/lib/nvblox_ros/nvblox_human_node
[6.105s] -- Up-to-date symlink: /workspaces/isaac_ros-dev/src/isaac_ros_nvblox/install/nvblox_ros/share/nvblox_ros/test/integration_tests/CMakeLists.txt
[6.105s] -- Up-to-date symlink: /workspaces/isaac_ros-dev/src/isaac_ros_nvblox/install/nvblox_ros/share/nvblox_ros/test/integration_tests/isaac_ros_nvblox_pol.py
[6.105s] -- Up-to-date symlink: /workspaces/isaac_ros-dev/src/isaac_ros_nvblox/install/nvblox_ros/share/nvblox_ros/test/integration_tests/isaac_ros_nvblox_srv_save_and_load_map.py
[6.105s] -- Up-to-date symlink: /workspaces/isaac_ros-dev/src/isaac_ros_nvblox/install/nvblox_ros/share/nvblox_ros/test/integration_tests/isaac_ros_nvblox_srv_save_ply.py
[6.105s] -- Up-to-date symlink: /workspaces/isaac_ros-dev/src/isaac_ros_nvblox/install/nvblox_ros/share/nvblox_ros/test/integration_tests/isaac_ros_nvblox_srv_save_timings_and_rates.py
[6.106s] -- Up-to-date symlink: /workspaces/isaac_ros-dev/src/isaac_ros_nvblox/install/nvblox_ros/share/nvblox_ros/test/integration_tests/test_cases/rosbags/nvblox_pol/metadata.yaml
[6.106s] -- Up-to-date symlink: /workspaces/isaac_ros-dev/src/isaac_ros_nvblox/install/nvblox_ros/share/nvblox_ros/test/integration_tests/test_cases/rosbags/nvblox_pol/rosbag2_2024_05_07-11_54_22_0.db3
[6.106s] -- Up-to-date symlink: /workspaces/isaac_ros-dev/src/isaac_ros_nvblox/install/nvblox_ros/share/nvblox_ros/test/integration_tests/test_utils/__init__.py
[6.106s] -- Up-to-date symlink: /workspaces/isaac_ros-dev/src/isaac_ros_nvblox/install/nvblox_ros/share/nvblox_ros/test/unit_tests/CMakeLists.txt
[6.106s] -- Up-to-date symlink: /workspaces/isaac_ros-dev/src/isaac_ros_nvblox/install/nvblox_ros/share/nvblox_ros/test/unit_tests/test_esdf_and_gradient_conversions.cpp
[6.106s] -- Up-to-date symlink: /workspaces/isaac_ros-dev/src/isaac_ros_nvblox/install/nvblox_ros/share/nvblox_ros/test/unit_tests/test_nvblox_node_params.cpp
[6.106s] -- Up-to-date symlink: /workspaces/isaac_ros-dev/src/isaac_ros_nvblox/install/nvblox_ros/share/nvblox_ros/scripts//scripts/print_ros_params.sh
[6.106s] -- Up-to-date symlink: /workspaces/isaac_ros-dev/src/isaac_ros_nvblox/install/nvblox_ros/share/nvblox_ros/scripts//scripts/setup_peoplesemsegnet_model.sh
[6.106s] -- Up-to-date symlink: /workspaces/isaac_ros-dev/src/isaac_ros_nvblox/install/nvblox_ros/share/nvblox_ros/environment/library_path.sh
[6.107s] -- Up-to-date symlink: /workspaces/isaac_ros-dev/src/isaac_ros_nvblox/install/nvblox_ros/share/nvblox_ros/environment/library_path.dsv
[6.107s] -- Up-to-date symlink: /workspaces/isaac_ros-dev/src/isaac_ros_nvblox/install/nvblox_ros/share/ament_index/resource_index/package_run_dependencies/nvblox_ros
[6.107s] -- Up-to-date symlink: /workspaces/isaac_ros-dev/src/isaac_ros_nvblox/install/nvblox_ros/share/ament_index/resource_index/parent_prefix_path/nvblox_ros
[6.107s] -- Up-to-date symlink: /workspaces/isaac_ros-dev/src/isaac_ros_nvblox/install/nvblox_ros/share/nvblox_ros/environment/ament_prefix_path.sh
[6.107s] -- Up-to-date symlink: /workspaces/isaac_ros-dev/src/isaac_ros_nvblox/install/nvblox_ros/share/nvblox_ros/environment/ament_prefix_path.dsv
[6.107s] -- Up-to-date symlink: /workspaces/isaac_ros-dev/src/isaac_ros_nvblox/install/nvblox_ros/share/nvblox_ros/environment/path.sh
[6.107s] -- Up-to-date symlink: /workspaces/isaac_ros-dev/src/isaac_ros_nvblox/install/nvblox_ros/share/nvblox_ros/environment/path.dsv
[6.107s] -- Up-to-date symlink: /workspaces/isaac_ros-dev/src/isaac_ros_nvblox/install/nvblox_ros/share/nvblox_ros/local_setup.bash
[6.108s] -- Up-to-date symlink: /workspaces/isaac_ros-dev/src/isaac_ros_nvblox/install/nvblox_ros/share/nvblox_ros/local_setup.sh
[6.108s] -- Up-to-date symlink: /workspaces/isaac_ros-dev/src/isaac_ros_nvblox/install/nvblox_ros/share/nvblox_ros/local_setup.zsh
[6.108s] -- Up-to-date symlink: /workspaces/isaac_ros-dev/src/isaac_ros_nvblox/install/nvblox_ros/share/nvblox_ros/local_setup.dsv
[6.108s] -- Symlinking: /workspaces/isaac_ros-dev/src/isaac_ros_nvblox/install/nvblox_ros/share/nvblox_ros/package.dsv
[6.119s] -- Up-to-date symlink: /workspaces/isaac_ros-dev/src/isaac_ros_nvblox/install/nvblox_ros/share/ament_index/resource_index/packages/nvblox_ros
[6.119s] -- Up-to-date symlink: /workspaces/isaac_ros-dev/src/isaac_ros_nvblox/install/nvblox_ros/share/ament_index/resource_index/rclcpp_components/nvblox_ros
[6.119s] -- Up-to-date symlink: /workspaces/isaac_ros-dev/src/isaac_ros_nvblox/install/nvblox_ros/share/nvblox_ros/cmake/ament_cmake_export_include_directories-extras.cmake
[6.120s] -- Up-to-date symlink: /workspaces/isaac_ros-dev/src/isaac_ros_nvblox/install/nvblox_ros/share/nvblox_ros/cmake/ament_cmake_export_libraries-extras.cmake
[6.120s] -- Up-to-date symlink: /workspaces/isaac_ros-dev/src/isaac_ros_nvblox/install/nvblox_ros/share/nvblox_ros/cmake/ament_cmake_export_targets-extras.cmake
[6.120s] -- Up-to-date symlink: /workspaces/isaac_ros-dev/src/isaac_ros_nvblox/install/nvblox_ros/share/nvblox_ros/cmake/ament_cmake_export_dependencies-extras.cmake
[6.120s] -- Up-to-date symlink: /workspaces/isaac_ros-dev/src/isaac_ros_nvblox/install/nvblox_ros/share/nvblox_ros/cmake/nvblox_rosConfig.cmake
[6.120s] -- Up-to-date symlink: /workspaces/isaac_ros-dev/src/isaac_ros_nvblox/install/nvblox_ros/share/nvblox_ros/cmake/nvblox_rosConfig-version.cmake
[6.120s] -- Up-to-date symlink: /workspaces/isaac_ros-dev/src/isaac_ros_nvblox/install/nvblox_ros/share/nvblox_ros/package.xml
[6.120s] -- Up-to-date: /workspaces/isaac_ros-dev/src/isaac_ros_nvblox/install/nvblox_ros/lib/libnvblox_ros_lib.so
[6.120s] -- Up-to-date: /workspaces/isaac_ros-dev/src/isaac_ros_nvblox/install/nvblox_ros/lib/libnvblox_lib.so
[6.121s] -- Up-to-date: /workspaces/isaac_ros-dev/src/isaac_ros_nvblox/install/nvblox_ros/lib/libnvblox_gpu_hash.a
[6.121s] -- Up-to-date: /workspaces/isaac_ros-dev/src/isaac_ros_nvblox/install/nvblox_ros/lib/libstdgpu.a
[6.121s] -- Up-to-date: /workspaces/isaac_ros-dev/src/isaac_ros_nvblox/install/nvblox_ros/share/nvblox_ros/cmake/nvblox_rosTargetsExport.cmake
[6.121s] -- Up-to-date: /workspaces/isaac_ros-dev/src/isaac_ros_nvblox/install/nvblox_ros/share/nvblox_ros/cmake/nvblox_rosTargetsExport-release.cmake
[6.121s] -- Up-to-date: /workspaces/isaac_ros-dev/src/isaac_ros_nvblox/install/nvblox_ros/lib/cmake/stdgpu/cuda/FindCUDAToolkit.cmake
[6.122s] -- Up-to-date: /workspaces/isaac_ros-dev/src/isaac_ros_nvblox/install/nvblox_ros/lib/libstdgpu.a
[6.122s] -- Up-to-date: /workspaces/isaac_ros-dev/src/isaac_ros_nvblox/install/nvblox_ros/include
[6.122s] -- Up-to-date: /workspaces/isaac_ros-dev/src/isaac_ros_nvblox/install/nvblox_ros/include/stdgpu
[6.122s] -- Up-to-date: /workspaces/isaac_ros-dev/src/isaac_ros_nvblox/install/nvblox_ros/include/stdgpu/deque_fwd
[6.122s] -- Up-to-date: /workspaces/isaac_ros-dev/src/isaac_ros_nvblox/install/nvblox_ros/include/stdgpu/unordered_set.cuh
[6.122s] -- Up-to-date: /workspaces/isaac_ros-dev/src/isaac_ros_nvblox/install/nvblox_ros/include/stdgpu/functional.h
[6.122s] -- Up-to-date: /workspaces/isaac_ros-dev/src/isaac_ros_nvblox/install/nvblox_ros/include/stdgpu/queue.cuh
[6.122s] -- Up-to-date: /workspaces/isaac_ros-dev/src/isaac_ros_nvblox/install/nvblox_ros/include/stdgpu/utility.h
[6.122s] -- Up-to-date: /workspaces/isaac_ros-dev/src/isaac_ros_nvblox/install/nvblox_ros/include/stdgpu/algorithm.h
[6.123s] -- Up-to-date: /workspaces/isaac_ros-dev/src/isaac_ros_nvblox/install/nvblox_ros/include/stdgpu/mutex.cuh
[6.123s] -- Up-to-date: /workspaces/isaac_ros-dev/src/isaac_ros_nvblox/install/nvblox_ros/include/stdgpu/cmath.h
[6.123s] -- Up-to-date: /workspaces/isaac_ros-dev/src/isaac_ros_nvblox/install/nvblox_ros/include/stdgpu/contract.h
[6.123s] -- Up-to-date: /workspaces/isaac_ros-dev/src/isaac_ros_nvblox/install/nvblox_ros/include/stdgpu/platform.h
[6.123s] -- Up-to-date: /workspaces/isaac_ros-dev/src/isaac_ros_nvblox/install/nvblox_ros/include/stdgpu/memory.h
[6.123s] -- Up-to-date: /workspaces/isaac_ros-dev/src/isaac_ros_nvblox/install/nvblox_ros/include/stdgpu/bitset.cuh
[6.123s] -- Up-to-date: /workspaces/isaac_ros-dev/src/isaac_ros_nvblox/install/nvblox_ros/include/stdgpu/ranges.h
[6.123s] -- Up-to-date: /workspaces/isaac_ros-dev/src/isaac_ros_nvblox/install/nvblox_ros/include/stdgpu/unordered_set_fwd
[6.123s] -- Up-to-date: /workspaces/isaac_ros-dev/src/isaac_ros_nvblox/install/nvblox_ros/include/stdgpu/atomic.cuh
[6.124s] -- Up-to-date: /workspaces/isaac_ros-dev/src/isaac_ros_nvblox/install/nvblox_ros/include/stdgpu/bit.h
[6.124s] -- Up-to-date: /workspaces/isaac_ros-dev/src/isaac_ros_nvblox/install/nvblox_ros/include/stdgpu/queue_fwd
[6.124s] -- Up-to-date: /workspaces/isaac_ros-dev/src/isaac_ros_nvblox/install/nvblox_ros/include/stdgpu/unordered_map_fwd
[6.124s] -- Up-to-date: /workspaces/isaac_ros-dev/src/isaac_ros_nvblox/install/nvblox_ros/include/stdgpu/unordered_map.cuh
[6.124s] -- Up-to-date: /workspaces/isaac_ros-dev/src/isaac_ros_nvblox/install/nvblox_ros/include/stdgpu/mutex_fwd
[6.124s] -- Up-to-date: /workspaces/isaac_ros-dev/src/isaac_ros_nvblox/install/nvblox_ros/include/stdgpu/vector.cuh
[6.124s] -- Up-to-date: /workspaces/isaac_ros-dev/src/isaac_ros_nvblox/install/nvblox_ros/include/stdgpu/bitset_fwd
[6.124s] -- Up-to-date: /workspaces/isaac_ros-dev/src/isaac_ros_nvblox/install/nvblox_ros/include/stdgpu/stack.cuh
[6.124s] -- Up-to-date: /workspaces/isaac_ros-dev/src/isaac_ros_nvblox/install/nvblox_ros/include/stdgpu/stack_fwd
[6.124s] -- Up-to-date: /workspaces/isaac_ros-dev/src/isaac_ros_nvblox/install/nvblox_ros/include/stdgpu/deque.cuh
[6.125s] -- Up-to-date: /workspaces/isaac_ros-dev/src/isaac_ros_nvblox/install/nvblox_ros/include/stdgpu/limits.h
[6.125s] -- Up-to-date: /workspaces/isaac_ros-dev/src/isaac_ros_nvblox/install/nvblox_ros/include/stdgpu/atomic_fwd
[6.125s] -- Up-to-date: /workspaces/isaac_ros-dev/src/isaac_ros_nvblox/install/nvblox_ros/include/stdgpu/vector_fwd
[6.125s] -- Up-to-date: /workspaces/isaac_ros-dev/src/isaac_ros_nvblox/install/nvblox_ros/include/stdgpu/compiler.h
[6.125s] -- Up-to-date: /workspaces/isaac_ros-dev/src/isaac_ros_nvblox/install/nvblox_ros/include/stdgpu/attribute.h
[6.125s] -- Up-to-date: /workspaces/isaac_ros-dev/src/isaac_ros_nvblox/install/nvblox_ros/include/stdgpu/impl
[6.125s] -- Up-to-date: /workspaces/isaac_ros-dev/src/isaac_ros_nvblox/install/nvblox_ros/include/stdgpu/impl/type_traits.h
[6.125s] -- Up-to-date: /workspaces/isaac_ros-dev/src/isaac_ros_nvblox/install/nvblox_ros/include/stdgpu/impl/unordered_base_detail.cuh
[6.125s] -- Up-to-date: /workspaces/isaac_ros-dev/src/isaac_ros_nvblox/install/nvblox_ros/include/stdgpu/impl/platform_check.h
[6.125s] -- Up-to-date: /workspaces/isaac_ros-dev/src/isaac_ros_nvblox/install/nvblox_ros/include/stdgpu/impl/unordered_set_detail.cuh
[6.125s] -- Up-to-date: /workspaces/isaac_ros-dev/src/isaac_ros_nvblox/install/nvblox_ros/include/stdgpu/impl/queue_detail.cuh
[6.126s] -- Up-to-date: /workspaces/isaac_ros-dev/src/isaac_ros_nvblox/install/nvblox_ros/include/stdgpu/impl/atomic_detail.cuh
[6.126s] -- Up-to-date: /workspaces/isaac_ros-dev/src/isaac_ros_nvblox/install/nvblox_ros/include/stdgpu/impl/limits_detail.h
[6.126s] -- Up-to-date: /workspaces/isaac_ros-dev/src/isaac_ros_nvblox/install/nvblox_ros/include/stdgpu/impl/mutex_detail.cuh
[6.126s] -- Up-to-date: /workspaces/isaac_ros-dev/src/isaac_ros_nvblox/install/nvblox_ros/include/stdgpu/impl/functional_detail.h
[6.126s] -- Up-to-date: /workspaces/isaac_ros-dev/src/isaac_ros_nvblox/install/nvblox_ros/include/stdgpu/impl/deque_detail.cuh
[6.126s] -- Up-to-date: /workspaces/isaac_ros-dev/src/isaac_ros_nvblox/install/nvblox_ros/include/stdgpu/impl/unordered_base.cuh
[6.126s] -- Up-to-date: /workspaces/isaac_ros-dev/src/isaac_ros_nvblox/install/nvblox_ros/include/stdgpu/impl/bit_detail.h
[6.126s] -- Up-to-date: /workspaces/isaac_ros-dev/src/isaac_ros_nvblox/install/nvblox_ros/include/stdgpu/impl/iterator_detail.h
[6.126s] -- Up-to-date: /workspaces/isaac_ros-dev/src/isaac_ros_nvblox/install/nvblox_ros/include/stdgpu/impl/stack_detail.cuh
[6.126s] -- Up-to-date: /workspaces/isaac_ros-dev/src/isaac_ros_nvblox/install/nvblox_ros/include/stdgpu/impl/utility_detail.h
[6.126s] -- Up-to-date: /workspaces/isaac_ros-dev/src/isaac_ros_nvblox/install/nvblox_ros/include/stdgpu/impl/algorithm_detail.h
[6.127s] -- Up-to-date: /workspaces/isaac_ros-dev/src/isaac_ros_nvblox/install/nvblox_ros/include/stdgpu/impl/memory_detail.h
[6.127s] -- Up-to-date: /workspaces/isaac_ros-dev/src/isaac_ros_nvblox/install/nvblox_ros/include/stdgpu/impl/unordered_map_detail.cuh
[6.127s] -- Up-to-date: /workspaces/isaac_ros-dev/src/isaac_ros_nvblox/install/nvblox_ros/include/stdgpu/impl/ranges_detail.h
[6.127s] -- Up-to-date: /workspaces/isaac_ros-dev/src/isaac_ros_nvblox/install/nvblox_ros/include/stdgpu/impl/bitset_detail.cuh
[6.127s] -- Up-to-date: /workspaces/isaac_ros-dev/src/isaac_ros_nvblox/install/nvblox_ros/include/stdgpu/impl/cmath_detail.h
[6.127s] -- Up-to-date: /workspaces/isaac_ros-dev/src/isaac_ros_nvblox/install/nvblox_ros/include/stdgpu/impl/vector_detail.cuh
[6.127s] -- Up-to-date: /workspaces/isaac_ros-dev/src/isaac_ros_nvblox/install/nvblox_ros/include/stdgpu/iterator.h
[6.127s] -- Up-to-date: /workspaces/isaac_ros-dev/src/isaac_ros_nvblox/install/nvblox_ros/include/stdgpu/cuda
[6.127s] -- Up-to-date: /workspaces/isaac_ros-dev/src/isaac_ros_nvblox/install/nvblox_ros/include/stdgpu/cuda/platform_check.h
[6.127s] -- Up-to-date: /workspaces/isaac_ros-dev/src/isaac_ros_nvblox/install/nvblox_ros/include/stdgpu/cuda/platform.h
[6.127s] -- Up-to-date: /workspaces/isaac_ros-dev/src/isaac_ros_nvblox/install/nvblox_ros/include/stdgpu/cuda/memory.h
[6.127s] -- Up-to-date: /workspaces/isaac_ros-dev/src/isaac_ros_nvblox/install/nvblox_ros/include/stdgpu/cuda/atomic.cuh
[6.128s] -- Up-to-date: /workspaces/isaac_ros-dev/src/isaac_ros_nvblox/install/nvblox_ros/include/stdgpu/cuda/impl
[6.128s] -- Up-to-date: /workspaces/isaac_ros-dev/src/isaac_ros_nvblox/install/nvblox_ros/include/stdgpu/cuda/impl/atomic_detail.cuh
[6.128s] -- Up-to-date: /workspaces/isaac_ros-dev/src/isaac_ros_nvblox/install/nvblox_ros/include/stdgpu/hip
[6.128s] -- Up-to-date: /workspaces/isaac_ros-dev/src/isaac_ros_nvblox/install/nvblox_ros/include/stdgpu/hip/platform_check.h
[6.128s] -- Up-to-date: /workspaces/isaac_ros-dev/src/isaac_ros_nvblox/install/nvblox_ros/include/stdgpu/hip/platform.h
[6.128s] -- Up-to-date: /workspaces/isaac_ros-dev/src/isaac_ros_nvblox/install/nvblox_ros/include/stdgpu/hip/memory.h
[6.128s] -- Up-to-date: /workspaces/isaac_ros-dev/src/isaac_ros_nvblox/install/nvblox_ros/include/stdgpu/hip/atomic.h
[6.128s] -- Up-to-date: /workspaces/isaac_ros-dev/src/isaac_ros_nvblox/install/nvblox_ros/include/stdgpu/hip/impl
[6.128s] -- Up-to-date: /workspaces/isaac_ros-dev/src/isaac_ros_nvblox/install/nvblox_ros/include/stdgpu/hip/impl/atomic_detail.h
[6.129s] -- Up-to-date: /workspaces/isaac_ros-dev/src/isaac_ros_nvblox/install/nvblox_ros/include/stdgpu/openmp
[6.129s] -- Up-to-date: /workspaces/isaac_ros-dev/src/isaac_ros_nvblox/install/nvblox_ros/include/stdgpu/openmp/platform_check.h
[6.129s] -- Up-to-date: /workspaces/isaac_ros-dev/src/isaac_ros_nvblox/install/nvblox_ros/include/stdgpu/openmp/platform.h
[6.129s] -- Up-to-date: /workspaces/isaac_ros-dev/src/isaac_ros_nvblox/install/nvblox_ros/include/stdgpu/openmp/memory.h
[6.129s] -- Up-to-date: /workspaces/isaac_ros-dev/src/isaac_ros_nvblox/install/nvblox_ros/include/stdgpu/openmp/atomic.h
[6.130s] -- Up-to-date: /workspaces/isaac_ros-dev/src/isaac_ros_nvblox/install/nvblox_ros/include/stdgpu/openmp/impl
[6.130s] -- Up-to-date: /workspaces/isaac_ros-dev/src/isaac_ros_nvblox/install/nvblox_ros/include/stdgpu/openmp/impl/atomic_detail.h
[6.130s] -- Up-to-date: /workspaces/isaac_ros-dev/src/isaac_ros_nvblox/install/nvblox_ros/include/stdgpu/cstddef.h
[6.130s] -- Up-to-date: /workspaces/isaac_ros-dev/src/isaac_ros_nvblox/install/nvblox_ros/include
[6.130s] -- Up-to-date: /workspaces/isaac_ros-dev/src/isaac_ros_nvblox/install/nvblox_ros/include/stdgpu
[6.130s] -- Up-to-date: /workspaces/isaac_ros-dev/src/isaac_ros_nvblox/install/nvblox_ros/include/stdgpu/config.h
[6.130s] -- Up-to-date: /workspaces/isaac_ros-dev/src/isaac_ros_nvblox/install/nvblox_ros/lib/cmake/stdgpu/stdgpu-dependencies.cmake
[6.130s] -- Up-to-date: /workspaces/isaac_ros-dev/src/isaac_ros_nvblox/install/nvblox_ros/lib/cmake/stdgpu/Findthrust.cmake
[6.130s] -- Up-to-date: /workspaces/isaac_ros-dev/src/isaac_ros_nvblox/install/nvblox_ros/lib/cmake/stdgpu/stdgpu-targets.cmake
[6.130s] -- Up-to-date: /workspaces/isaac_ros-dev/src/isaac_ros_nvblox/install/nvblox_ros/lib/cmake/stdgpu/stdgpu-targets-release.cmake
[6.130s] -- Up-to-date: /workspaces/isaac_ros-dev/src/isaac_ros_nvblox/install/nvblox_ros/lib/cmake/stdgpu/stdgpu-config.cmake
[6.130s] -- Up-to-date: /workspaces/isaac_ros-dev/src/isaac_ros_nvblox/install/nvblox_ros/lib/cmake/stdgpu/stdgpu-config-version.cmake
[6.131s] -- Up-to-date: /workspaces/isaac_ros-dev/src/isaac_ros_nvblox/install/nvblox_ros/lib/libnvblox_lib.so
[6.131s] -- Up-to-date: /workspaces/isaac_ros-dev/src/isaac_ros_nvblox/install/nvblox_ros/lib/nvblox/libnvblox_gpu_hash.a
[6.131s] -- Up-to-date: /workspaces/isaac_ros-dev/src/isaac_ros_nvblox/install/nvblox_ros/lib/libnvblox_datasets.so
[6.131s] -- Up-to-date: /workspaces/isaac_ros-dev/src/isaac_ros_nvblox/install/nvblox_ros/lib/nvblox/libstdgpu.a
[6.131s] -- Up-to-date: /workspaces/isaac_ros-dev/src/isaac_ros_nvblox/install/nvblox_ros/bin/nvblox/fuse_3dmatch
[6.131s] -- Up-to-date: /workspaces/isaac_ros-dev/src/isaac_ros_nvblox/install/nvblox_ros/bin/nvblox/fuse_replica
[6.131s] -- Up-to-date: /workspaces/isaac_ros-dev/src/isaac_ros_nvblox/install/nvblox_ros/share/nvblox/cmake/nvbloxTargets.cmake
[6.131s] -- Up-to-date: /workspaces/isaac_ros-dev/src/isaac_ros_nvblox/install/nvblox_ros/share/nvblox/cmake/nvbloxTargets-release.cmake
[6.132s] Invoked command in '/workspaces/isaac_ros-dev/src/isaac_ros_nvblox/build/nvblox_ros' returned '0': AMENT_PREFIX_PATH=/workspaces/isaac_ros-dev/src/isaac_ros_nvblox/install/nvblox_rviz_plugin:/workspaces/isaac_ros-dev/src/isaac_ros_nvblox/install/nvblox_ros_python_utils:/workspaces/isaac_ros-dev/src/isaac_ros_nvblox/install/nvblox_ros_common:/workspaces/isaac_ros-dev/src/isaac_ros_nvblox/install/nvblox_msgs:${AMENT_PREFIX_PATH} CMAKE_PREFIX_PATH=/workspaces/isaac_ros-dev/src/isaac_ros_nvblox/install/nvblox_rviz_plugin:/workspaces/isaac_ros-dev/src/isaac_ros_nvblox/install/nvblox_ros_common:/workspaces/isaac_ros-dev/src/isaac_ros_nvblox/install/nvblox_msgs:/opt/ros/humble LD_LIBRARY_PATH=/workspaces/isaac_ros-dev/src/isaac_ros_nvblox/install/nvblox_rviz_plugin/lib:/workspaces/isaac_ros-dev/src/isaac_ros_nvblox/install/nvblox_ros_common/lib:/workspaces/isaac_ros-dev/src/isaac_ros_nvblox/install/nvblox_msgs/lib:${LD_LIBRARY_PATH} PYTHONPATH=/workspaces/isaac_ros-dev/src/isaac_ros_nvblox/build/nvblox_ros_python_utils:/workspaces/isaac_ros-dev/src/isaac_ros_nvblox/install/nvblox_ros_python_utils/lib/python3.10/site-packages:/workspaces/isaac_ros-dev/src/isaac_ros_nvblox/install/nvblox_msgs/local/lib/python3.10/dist-packages:${PYTHONPATH} _=/usr/bin/env /usr/bin/cmake --install /workspaces/isaac_ros-dev/src/isaac_ros_nvblox/build/nvblox_ros
