[0.031s] Invoking command in '/workspaces/isaac_ros-dev/src/isaac_ros_nvblox/build/nvblox_ros': AMENT_PREFIX_PATH=/workspaces/isaac_ros-dev/src/isaac_ros_nvblox/install/nvblox_rviz_plugin:/workspaces/isaac_ros-dev/src/isaac_ros_nvblox/install/nvblox_ros_python_utils:/workspaces/isaac_ros-dev/src/isaac_ros_nvblox/install/nvblox_ros_common:/workspaces/isaac_ros-dev/src/isaac_ros_nvblox/install/nvblox_msgs:${AMENT_PREFIX_PATH} CMAKE_PREFIX_PATH=/workspaces/isaac_ros-dev/src/isaac_ros_nvblox/install/nvblox_rviz_plugin:/workspaces/isaac_ros-dev/src/isaac_ros_nvblox/install/nvblox_ros_common:/workspaces/isaac_ros-dev/src/isaac_ros_nvblox/install/nvblox_msgs:/opt/ros/humble LD_LIBRARY_PATH=/workspaces/isaac_ros-dev/src/isaac_ros_nvblox/install/nvblox_rviz_plugin/lib:/workspaces/isaac_ros-dev/src/isaac_ros_nvblox/install/nvblox_ros_common/lib:/workspaces/isaac_ros-dev/src/isaac_ros_nvblox/install/nvblox_msgs/lib:${LD_LIBRARY_PATH} PYTHONPATH=/workspaces/isaac_ros-dev/src/isaac_ros_nvblox/build/nvblox_ros_python_utils:/workspaces/isaac_ros-dev/src/isaac_ros_nvblox/install/nvblox_ros_python_utils/lib/python3.10/site-packages:/workspaces/isaac_ros-dev/src/isaac_ros_nvblox/install/nvblox_msgs/local/lib/python3.10/dist-packages:${PYTHONPATH} _=/usr/bin/env /usr/bin/cmake /workspaces/isaac_ros-dev/src/isaac_ros_nvblox/nvblox_ros -DAMENT_CMAKE_SYMLINK_INSTALL=1 -DCMAKE_INSTALL_PREFIX=/workspaces/isaac_ros-dev/src/isaac_ros_nvblox/install/nvblox_ros
[0.114s] -- The CXX compiler identification is GNU 11.4.0
[1.193s] -- The CUDA compiler identification is NVIDIA 12.2.140
[1.204s] -- Detecting CXX compiler ABI info
[1.309s] -- Detecting CXX compiler ABI info - done
[1.323s] -- Check for working CXX compiler: /usr/bin/c++ - skipped
[1.323s] -- Detecting CXX compile features
[1.324s] -- Detecting CXX compile features - done
[1.331s] -- Detecting CUDA compiler ABI info
[2.159s] -- Detecting CUDA compiler ABI info - done
[2.180s] -- Check for working CUDA compiler: /usr/local/cuda/bin/nvcc - skipped
[2.180s] -- Detecting CUDA compile features
[2.180s] -- Detecting CUDA compile features - done
[2.181s] -- CMAKE_BUILD_TYPE: Release
[2.184s] -- Found ament_cmake_auto: 1.3.10 (/opt/ros/humble/share/ament_cmake_auto/cmake)
[2.734s] -- Found Python3: /usr/bin/python3 (found version "3.10.12") found components: Interpreter 
[2.788s] -- Override CMake install command with custom implementation using symlinks instead of copying resources
[2.972s] -- Found rosidl_generator_c: 3.1.5 (/opt/ros/humble/share/rosidl_generator_c/cmake)
[2.980s] -- Found rosidl_adapter: 3.1.5 (/opt/ros/humble/share/rosidl_adapter/cmake)
[2.991s] -- Found rosidl_generator_cpp: 3.1.5 (/opt/ros/humble/share/rosidl_generator_cpp/cmake)
[3.004s] -- Using all available rosidl_typesupport_c: rosidl_typesupport_fastrtps_c;rosidl_typesupport_introspection_c
[3.023s] -- Using all available rosidl_typesupport_cpp: rosidl_typesupport_fastrtps_cpp;rosidl_typesupport_introspection_cpp
[3.100s] -- Found rmw_implementation_cmake: 6.1.2 (/opt/ros/humble/share/rmw_implementation_cmake/cmake)
[3.104s] -- Found rmw_fastrtps_cpp: 6.2.7 (/opt/ros/humble/share/rmw_fastrtps_cpp/cmake)
[3.226s] -- Found OpenSSL: /usr/lib/x86_64-linux-gnu/libcrypto.so (found version "3.0.2")  
[3.264s] -- Found FastRTPS: /opt/ros/humble/include  
[3.328s] -- Using RMW implementation 'rmw_fastrtps_cpp' as default
[3.347s] -- Looking for C++ include pthread.h
[3.458s] -- Looking for C++ include pthread.h - found
[3.458s] -- Performing Test CMAKE_HAVE_LIBC_PTHREAD
[3.567s] -- Performing Test CMAKE_HAVE_LIBC_PTHREAD - Success
[3.569s] -- Found Threads: TRUE  
[3.866s] -- Setting assimp_DIR to: '/opt/ros/humble/share/rviz_assimp_vendor/cmake/../../../opt/rviz_assimp_vendor/lib/cmake/assimp-4.1'
[3.881s] -- Setting OGRE_DIR to: '/opt/ros/humble/share/rviz_ogre_vendor/cmake/../../../opt/rviz_ogre_vendor/lib/OGRE/cmake'
[3.882s] -- Found OGRE
[3.882s] --   static     : OFF
[3.882s] --   components : HLMS;MeshLodGenerator;Overlay;Paging;Property;RTShaderSystem;Terrain;Volume
[3.882s] --   plugins    : Plugin_BSPSceneManager;Plugin_OctreeSceneManager;Plugin_PCZSceneManager;Plugin_ParticleFX;RenderSystem_GL;RenderSystem_GL3Plus;Codec_STBI
[3.883s] --   media      : /opt/ros/humble/opt/rviz_ogre_vendor/share/OGRE/Media
[3.883s] -- OGRE_LIBRARIES: OgreHLMS;OgreMeshLodGenerator;OgreOverlay;OgrePaging;OgreProperty;OgreRTShaderSystem;OgreTerrain;OgreVolume;OgreMain
[3.883s] -- OGRE_LIBRARY_DIRS: /opt/ros/humble/opt/rviz_ogre_vendor/lib
[3.883s] -- OGRE_PLUGINS: Plugin_BSPSceneManager;Plugin_OctreeSceneManager;Plugin_PCZSceneManager;Plugin_ParticleFX;RenderSystem_GL;RenderSystem_GL3Plus;Codec_STBI
[3.883s] -- OGRE_PLUGIN_DIR: /opt/ros/humble/opt/rviz_ogre_vendor/lib/OGRE
[3.883s] -- rviz_ogre_vendor::OgreOverlay for IMPORTED_LOCATION_RELEASE: /opt/ros/humble/opt/rviz_ogre_vendor/lib/libOgreOverlay.so
[3.883s] -- rviz_ogre_vendor::OgreOverlay for IMPORTED_LOCATION_DEBUG: /opt/ros/humble/opt/rviz_ogre_vendor/lib/libOgreOverlay.so
[3.883s] -- rviz_ogre_vendor::OgreMain for IMPORTED_LOCATION_RELEASE: /opt/ros/humble/opt/rviz_ogre_vendor/lib/libOgreMain.so
[3.883s] -- rviz_ogre_vendor::OgreMain for IMPORTED_LOCATION_DEBUG: /opt/ros/humble/opt/rviz_ogre_vendor/lib/libOgreMain.so
[3.884s] -- Could not find freeimage library
[3.903s] -- Found ZLIB: /usr/lib/x86_64-linux-gnu/libz.so (found version "1.2.11") 
[3.907s] -- Found OpenGL: /usr/lib/x86_64-linux-gnu/libOpenGL.so   
[4.006s] -- Found X11: /usr/include   
[4.006s] -- Looking for XOpenDisplay in /usr/lib/x86_64-linux-gnu/libX11.so;/usr/lib/x86_64-linux-gnu/libXext.so
[4.112s] -- Looking for XOpenDisplay in /usr/lib/x86_64-linux-gnu/libX11.so;/usr/lib/x86_64-linux-gnu/libXext.so - found
[4.112s] -- Looking for gethostbyname
[4.219s] -- Looking for gethostbyname - found
[4.220s] -- Looking for connect
[4.331s] -- Looking for connect - found
[4.332s] -- Looking for remove
[4.443s] -- Looking for remove - found
[4.443s] -- Looking for shmat
[4.552s] -- Looking for shmat - found
[4.553s] -- Looking for IceConnectionNumber in ICE
[4.667s] -- Looking for IceConnectionNumber in ICE - found
[4.851s] -- library: /usr/lib/x86_64-linux-gnu/libcurl.so
[4.912s] -- Found Eigen3: TRUE (found version "3.4.0") 
[4.912s] -- Ensuring Eigen3 include directory is part of orocos-kdl CMake target
[5.048s] -- Loading isaac_ros_gxf extras
[5.059s] -- Loading isaac_ros_common extras
[5.059s] -- CMAKE_BUILD_TYPE: Release
[5.087s] -- Found CUDA: /usr/local/cuda (found version "12.2") 
[5.088s] -- Loading isaac_ros_common extras (modules)
[5.139s] -- nvblox_ros is built for the following CUDA architectures: 89;87;86;80;75;72;70;61;60
[5.143s] -- Found CUDAToolkit: /usr/local/cuda/include (found version "12.2.140") 
[5.212s] -- Downloading 3rdparty dependencies
[5.212s] -- Downloading Eigen
[5.221s] -- Downloading STDGPU
[7.739s] -- Found thrust: /usr/local/cuda/include (found suitable version "2.2.0", minimum required is "1.9.2") 
[7.743s] -- Found CUDAToolkit: /usr/local/cuda/include (found suitable version "12.2.140", minimum required is "10.0") 
[7.806s] -- Could NOT find Doxygen (missing: DOXYGEN_EXECUTABLE) (Required is at least version "1.9.1")
[7.808s] -- 
[7.808s] -- ************************ stdgpu Configuration Summary *************************
[7.808s] -- 
[7.808s] -- General:
[7.808s] --   Version                                   :   1.3.0
[7.808s] --   System                                    :   Linux
[7.809s] --   Build type                                :   Release
[7.809s] -- 
[7.809s] -- Build:
[7.809s] --   STDGPU_BACKEND                            :   STDGPU_BACKEND_CUDA
[7.809s] --   STDGPU_BUILD_SHARED_LIBS                  :   OFF
[7.809s] --   STDGPU_SETUP_COMPILER_FLAGS               :   OFF
[7.809s] --   STDGPU_TREAT_WARNINGS_AS_ERRORS           :   OFF
[7.809s] --   STDGPU_ANALYZE_WITH_CLANG_TIDY            :   OFF
[7.809s] --   STDGPU_ANALYZE_WITH_CPPCHECK              :   OFF
[7.809s] -- 
[7.809s] -- Configuration:
[7.809s] --   STDGPU_ENABLE_CONTRACT_CHECKS             :   OFF
[7.809s] --   STDGPU_USE_32_BIT_INDEX                   :   ON
[7.810s] -- 
[7.810s] -- Examples:
[7.810s] --   STDGPU_BUILD_EXAMPLES                     :   OFF
[7.810s] -- 
[7.810s] -- Tests:
[7.810s] --   STDGPU_BUILD_TESTS                        :   OFF
[7.810s] --   STDGPU_BUILD_TEST_COVERAGE                :   OFF
[7.810s] -- 
[7.810s] -- Documentation:
[7.810s] --   Doxygen                                   :   NO
[7.810s] -- 
[7.810s] -- *******************************************************************************
[7.810s] -- 
[7.813s] -- Found Glog: /usr/include  
[7.822s] -- Found SQLite3: /usr/include (found version "3.37.2") 
[7.857s] -- Found GTest: /usr/lib/x86_64-linux-gnu/cmake/GTest/GTestConfig.cmake (found version "1.11.0")  
[7.858s] -- Installing: /workspaces/isaac_ros-dev/src/isaac_ros_nvblox/build/nvblox_ros/nvblox_core/nvblox/tests/data
[7.858s] -- Installing: /workspaces/isaac_ros-dev/src/isaac_ros_nvblox/build/nvblox_ros/nvblox_core/nvblox/tests/data/replica
[7.859s] -- Installing: /workspaces/isaac_ros-dev/src/isaac_ros_nvblox/build/nvblox_ros/nvblox_core/nvblox/tests/data/replica/office0
[7.859s] -- Installing: /workspaces/isaac_ros-dev/src/isaac_ros_nvblox/build/nvblox_ros/nvblox_core/nvblox/tests/data/replica/office0/traj.txt
[7.861s] -- Installing: /workspaces/isaac_ros-dev/src/isaac_ros_nvblox/build/nvblox_ros/nvblox_core/nvblox/tests/data/replica/office0/results
[7.861s] -- Installing: /workspaces/isaac_ros-dev/src/isaac_ros_nvblox/build/nvblox_ros/nvblox_core/nvblox/tests/data/replica/office0/results/frame000002.jpg
[7.862s] -- Installing: /workspaces/isaac_ros-dev/src/isaac_ros_nvblox/build/nvblox_ros/nvblox_core/nvblox/tests/data/replica/office0/results/frame000001.jpg
[7.865s] -- Installing: /workspaces/isaac_ros-dev/src/isaac_ros_nvblox/build/nvblox_ros/nvblox_core/nvblox/tests/data/replica/office0/results/frame000003.jpg
[7.866s] -- Installing: /workspaces/isaac_ros-dev/src/isaac_ros_nvblox/build/nvblox_ros/nvblox_core/nvblox/tests/data/replica/office0/results/depth000000.png
[7.868s] -- Installing: /workspaces/isaac_ros-dev/src/isaac_ros_nvblox/build/nvblox_ros/nvblox_core/nvblox/tests/data/replica/office0/results/depth000003.png
[7.869s] -- Installing: /workspaces/isaac_ros-dev/src/isaac_ros_nvblox/build/nvblox_ros/nvblox_core/nvblox/tests/data/replica/office0/results/depth000002.png
[7.870s] -- Installing: /workspaces/isaac_ros-dev/src/isaac_ros_nvblox/build/nvblox_ros/nvblox_core/nvblox/tests/data/replica/office0/results/depth000001.png
[7.872s] -- Installing: /workspaces/isaac_ros-dev/src/isaac_ros_nvblox/build/nvblox_ros/nvblox_core/nvblox/tests/data/replica/office0/results/frame000000.jpg
[7.873s] -- Installing: /workspaces/isaac_ros-dev/src/isaac_ros_nvblox/build/nvblox_ros/nvblox_core/nvblox/tests/data/replica/office0_mesh.ply
[7.876s] -- Installing: /workspaces/isaac_ros-dev/src/isaac_ros_nvblox/build/nvblox_ros/nvblox_core/nvblox/tests/data/replica/cam_params.json
[7.876s] -- Installing: /workspaces/isaac_ros-dev/src/isaac_ros_nvblox/build/nvblox_ros/nvblox_core/nvblox/tests/data/human_dataset
[7.876s] -- Installing: /workspaces/isaac_ros-dev/src/isaac_ros_nvblox/build/nvblox_ros/nvblox_core/nvblox/tests/data/human_dataset/depth_image_2.png
[7.877s] -- Installing: /workspaces/isaac_ros-dev/src/isaac_ros_nvblox/build/nvblox_ros/nvblox_core/nvblox/tests/data/human_dataset/camera-intrinsics.txt
[7.877s] -- Installing: /workspaces/isaac_ros-dev/src/isaac_ros_nvblox/build/nvblox_ros/nvblox_core/nvblox/tests/data/human_dataset/depth_image_1.png
[7.877s] -- Installing: /workspaces/isaac_ros-dev/src/isaac_ros_nvblox/build/nvblox_ros/nvblox_core/nvblox/tests/data/dynamic_mask
[7.878s] -- Installing: /workspaces/isaac_ros-dev/src/isaac_ros_nvblox/build/nvblox_ros/nvblox_core/nvblox/tests/data/dynamic_mask/mask_21.png
[7.878s] -- Installing: /workspaces/isaac_ros-dev/src/isaac_ros_nvblox/build/nvblox_ros/nvblox_core/nvblox/tests/data/3dmatch
[7.878s] -- Installing: /workspaces/isaac_ros-dev/src/isaac_ros_nvblox/build/nvblox_ros/nvblox_core/nvblox/tests/data/3dmatch/seq-01
[7.878s] -- Installing: /workspaces/isaac_ros-dev/src/isaac_ros_nvblox/build/nvblox_ros/nvblox_core/nvblox/tests/data/3dmatch/seq-01/frame-000002.color.png
[7.879s] -- Installing: /workspaces/isaac_ros-dev/src/isaac_ros_nvblox/build/nvblox_ros/nvblox_core/nvblox/tests/data/3dmatch/seq-01/frame-000001.color.png
[7.881s] -- Installing: /workspaces/isaac_ros-dev/src/isaac_ros_nvblox/build/nvblox_ros/nvblox_core/nvblox/tests/data/3dmatch/seq-01/frame-000001.pose.txt
[7.881s] -- Installing: /workspaces/isaac_ros-dev/src/isaac_ros_nvblox/build/nvblox_ros/nvblox_core/nvblox/tests/data/3dmatch/seq-01/frame-000116.pose.txt
[7.881s] -- Installing: /workspaces/isaac_ros-dev/src/isaac_ros_nvblox/build/nvblox_ros/nvblox_core/nvblox/tests/data/3dmatch/seq-01/frame-000002.depth.png
[7.882s] -- Installing: /workspaces/isaac_ros-dev/src/isaac_ros_nvblox/build/nvblox_ros/nvblox_core/nvblox/tests/data/3dmatch/seq-01/frame-000000.color.png
[7.883s] -- Installing: /workspaces/isaac_ros-dev/src/isaac_ros_nvblox/build/nvblox_ros/nvblox_core/nvblox/tests/data/3dmatch/seq-01/frame-000422.color.png
[7.884s] -- Installing: /workspaces/isaac_ros-dev/src/isaac_ros_nvblox/build/nvblox_ros/nvblox_core/nvblox/tests/data/3dmatch/seq-01/frame-000001.depth.png
[7.886s] -- Installing: /workspaces/isaac_ros-dev/src/isaac_ros_nvblox/build/nvblox_ros/nvblox_core/nvblox/tests/data/3dmatch/seq-01/frame-000002.pose.txt
[7.887s] -- Installing: /workspaces/isaac_ros-dev/src/isaac_ros_nvblox/build/nvblox_ros/nvblox_core/nvblox/tests/data/3dmatch/seq-01/frame-000116.color.png
[7.888s] -- Installing: /workspaces/isaac_ros-dev/src/isaac_ros_nvblox/build/nvblox_ros/nvblox_core/nvblox/tests/data/3dmatch/seq-01/frame-000116.depth.png
[7.888s] -- Installing: /workspaces/isaac_ros-dev/src/isaac_ros_nvblox/build/nvblox_ros/nvblox_core/nvblox/tests/data/3dmatch/seq-01/frame-000422.depth.png
[7.889s] -- Installing: /workspaces/isaac_ros-dev/src/isaac_ros_nvblox/build/nvblox_ros/nvblox_core/nvblox/tests/data/3dmatch/seq-01/frame-000422.pose.txt
[7.889s] -- Installing: /workspaces/isaac_ros-dev/src/isaac_ros_nvblox/build/nvblox_ros/nvblox_core/nvblox/tests/data/3dmatch/seq-01/frame-000000.depth.png
[7.891s] -- Installing: /workspaces/isaac_ros-dev/src/isaac_ros_nvblox/build/nvblox_ros/nvblox_core/nvblox/tests/data/3dmatch/seq-01/frame-000000.pose.txt
[7.892s] -- Installing: /workspaces/isaac_ros-dev/src/isaac_ros_nvblox/build/nvblox_ros/nvblox_core/nvblox/tests/data/3dmatch/camera-intrinsics.txt
[7.911s] -- Found CUDAToolkit: /usr/local/cuda/include (found version "12.2.140") 
[7.984s] -- Found ament_cmake_copyright: 0.12.11 (/opt/ros/humble/share/ament_cmake_copyright/cmake)
[7.988s] -- Found ament_cmake_cppcheck: 0.12.11 (/opt/ros/humble/share/ament_cmake_cppcheck/cmake)
[7.991s] -- Found ament_cmake_cpplint: 0.12.11 (/opt/ros/humble/share/ament_cmake_cpplint/cmake)
[7.995s] -- Found ament_cmake_flake8: 0.12.11 (/opt/ros/humble/share/ament_cmake_flake8/cmake)
[7.999s] -- Found ament_cmake_lint_cmake: 0.12.11 (/opt/ros/humble/share/ament_cmake_lint_cmake/cmake)
[8.003s] -- Found ament_cmake_pep257: 0.12.11 (/opt/ros/humble/share/ament_cmake_pep257/cmake)
[8.006s] -- Found ament_cmake_uncrustify: 0.12.11 (/opt/ros/humble/share/ament_cmake_uncrustify/cmake)
[8.010s] -- Found ament_cmake_xmllint: 0.12.11 (/opt/ros/humble/share/ament_cmake_xmllint/cmake)
[8.017s] -- Found launch_testing_ament_cmake: 1.0.6 (/opt/ros/humble/share/launch_testing_ament_cmake/cmake)
[8.020s] -- Found python_cmake_module: 0.10.0 (/opt/ros/humble/share/python_cmake_module/cmake)
[8.044s] -- Found PythonInterp: /usr/bin/python3 (found suitable version "3.10.12", minimum required is "3.6") 
[8.049s] -- Found PythonLibs: /usr/lib/x86_64-linux-gnu/libpython3.10.so (found suitable version "3.10.12", minimum required is "3.5") 
[8.049s] -- Using PYTHON_EXECUTABLE: /usr/bin/python3
[8.049s] -- Using PYTHON_INCLUDE_DIRS: /usr/include/python3.10
[8.049s] -- Using PYTHON_LIBRARIES: /usr/lib/x86_64-linux-gnu/libpython3.10.so
[8.073s] -- Found PythonExtra: .so  
[8.081s] -- Found ament_cmake_gtest: 1.3.10 (/opt/ros/humble/share/ament_cmake_gtest/cmake)
[8.086s] -- Found gtest sources under '/usr/src/gtest': C++ tests using 'Google Test' will be built
[8.129s] -- The C compiler identification is GNU 11.4.0
[8.138s] -- Detecting C compiler ABI info
[8.230s] -- Detecting C compiler ABI info - done
[8.235s] -- Check for working C compiler: /usr/bin/cc - skipped
[8.235s] -- Detecting C compile features
[8.236s] -- Detecting C compile features - done
[8.823s] -- Found Python: /usr/bin/python3.10 (found version "3.10.12") found components: Interpreter 
[8.834s] -- Found gtest sources under '/usr/src/gtest': C++ tests using 'Google Test' will be built
[8.858s] -- Configuring done
[9.206s] -- Generating done
[9.217s] -- Build files have been written to: /workspaces/isaac_ros-dev/src/isaac_ros_nvblox/build/nvblox_ros
[9.248s] Invoked command in '/workspaces/isaac_ros-dev/src/isaac_ros_nvblox/build/nvblox_ros' returned '0': AMENT_PREFIX_PATH=/workspaces/isaac_ros-dev/src/isaac_ros_nvblox/install/nvblox_rviz_plugin:/workspaces/isaac_ros-dev/src/isaac_ros_nvblox/install/nvblox_ros_python_utils:/workspaces/isaac_ros-dev/src/isaac_ros_nvblox/install/nvblox_ros_common:/workspaces/isaac_ros-dev/src/isaac_ros_nvblox/install/nvblox_msgs:${AMENT_PREFIX_PATH} CMAKE_PREFIX_PATH=/workspaces/isaac_ros-dev/src/isaac_ros_nvblox/install/nvblox_rviz_plugin:/workspaces/isaac_ros-dev/src/isaac_ros_nvblox/install/nvblox_ros_common:/workspaces/isaac_ros-dev/src/isaac_ros_nvblox/install/nvblox_msgs:/opt/ros/humble LD_LIBRARY_PATH=/workspaces/isaac_ros-dev/src/isaac_ros_nvblox/install/nvblox_rviz_plugin/lib:/workspaces/isaac_ros-dev/src/isaac_ros_nvblox/install/nvblox_ros_common/lib:/workspaces/isaac_ros-dev/src/isaac_ros_nvblox/install/nvblox_msgs/lib:${LD_LIBRARY_PATH} PYTHONPATH=/workspaces/isaac_ros-dev/src/isaac_ros_nvblox/build/nvblox_ros_python_utils:/workspaces/isaac_ros-dev/src/isaac_ros_nvblox/install/nvblox_ros_python_utils/lib/python3.10/site-packages:/workspaces/isaac_ros-dev/src/isaac_ros_nvblox/install/nvblox_msgs/local/lib/python3.10/dist-packages:${PYTHONPATH} _=/usr/bin/env /usr/bin/cmake /workspaces/isaac_ros-dev/src/isaac_ros_nvblox/nvblox_ros -DAMENT_CMAKE_SYMLINK_INSTALL=1 -DCMAKE_INSTALL_PREFIX=/workspaces/isaac_ros-dev/src/isaac_ros_nvblox/install/nvblox_ros
[9.252s] Invoking command in '/workspaces/isaac_ros-dev/src/isaac_ros_nvblox/build/nvblox_ros': AMENT_PREFIX_PATH=/workspaces/isaac_ros-dev/src/isaac_ros_nvblox/install/nvblox_rviz_plugin:/workspaces/isaac_ros-dev/src/isaac_ros_nvblox/install/nvblox_ros_python_utils:/workspaces/isaac_ros-dev/src/isaac_ros_nvblox/install/nvblox_ros_common:/workspaces/isaac_ros-dev/src/isaac_ros_nvblox/install/nvblox_msgs:${AMENT_PREFIX_PATH} CMAKE_PREFIX_PATH=/workspaces/isaac_ros-dev/src/isaac_ros_nvblox/install/nvblox_rviz_plugin:/workspaces/isaac_ros-dev/src/isaac_ros_nvblox/install/nvblox_ros_common:/workspaces/isaac_ros-dev/src/isaac_ros_nvblox/install/nvblox_msgs:/opt/ros/humble LD_LIBRARY_PATH=/workspaces/isaac_ros-dev/src/isaac_ros_nvblox/install/nvblox_rviz_plugin/lib:/workspaces/isaac_ros-dev/src/isaac_ros_nvblox/install/nvblox_ros_common/lib:/workspaces/isaac_ros-dev/src/isaac_ros_nvblox/install/nvblox_msgs/lib:${LD_LIBRARY_PATH} PYTHONPATH=/workspaces/isaac_ros-dev/src/isaac_ros_nvblox/build/nvblox_ros_python_utils:/workspaces/isaac_ros-dev/src/isaac_ros_nvblox/install/nvblox_ros_python_utils/lib/python3.10/site-packages:/workspaces/isaac_ros-dev/src/isaac_ros_nvblox/install/nvblox_msgs/local/lib/python3.10/dist-packages:${PYTHONPATH} _=/usr/bin/env /usr/bin/cmake --build /workspaces/isaac_ros-dev/src/isaac_ros_nvblox/build/nvblox_ros -- -j48 -l48
[9.338s] [  0%] [32mBuilding CXX object _deps/ext_stdgpu-build/src/stdgpu/CMakeFiles/stdgpu.dir/impl/iterator.cpp.o[0m
[9.338s] [  1%] [32mBuilding CXX object _deps/ext_stdgpu-build/src/stdgpu/CMakeFiles/stdgpu.dir/impl/limits.cpp.o[0m
[9.339s] [  1%] [34m[1mCreating directories for 'ext_eigen'[0m
[9.339s] [  1%] [32mBuilding CXX object _deps/ext_stdgpu-build/src/stdgpu/CMakeFiles/stdgpu.dir/cuda/impl/memory.cpp.o[0m
[9.340s] [  1%] [32mBuilding CXX object _deps/ext_stdgpu-build/src/stdgpu/CMakeFiles/stdgpu.dir/impl/memory.cpp.o[0m
[9.342s] [  2%] [32mBuilding CXX object gtest/CMakeFiles/gtest.dir/src/gtest-all.cc.o[0m
[9.502s] [  3%] [34m[1mPerforming download step (download, verify and extract) for 'ext_eigen'[0m
[9.521s] -- Downloading...
[9.521s]    dst='/workspaces/isaac_ros-dev/src/isaac_ros_nvblox/build/nvblox_ros/nvblox_core/nvblox/eigen/src/eigen-3.4.0.tar.gz'
[9.521s]    timeout='none'
[9.521s]    inactivity timeout='none'
[9.521s] -- Using src='https://gitlab.com/libeigen/eigen/-/archive/3.4.0/eigen-3.4.0.tar.gz'
[10.269s] [  4%] [32m[1mLinking CXX static library libstdgpu.a[0m
[10.336s] -- Downloading... done
[10.382s] -- extracting...
[10.382s]      src='/workspaces/isaac_ros-dev/src/isaac_ros_nvblox/build/nvblox_ros/nvblox_core/nvblox/eigen/src/eigen-3.4.0.tar.gz'
[10.382s]      dst='/workspaces/isaac_ros-dev/src/isaac_ros_nvblox/build/nvblox_ros/nvblox_core/nvblox/eigen/src/ext_eigen'
[10.382s] -- extracting... [tar xfz]
[10.471s] -- extracting... [analysis]
[10.471s] -- extracting... [rename]
[10.471s] -- extracting... [clean up]
[10.471s] -- extracting... done
[10.510s] [  4%] [34m[1mNo update step for 'ext_eigen'[0m
[10.531s] [  4%] Built target stdgpu
[10.565s] [  5%] [34m[1mNo patch step for 'ext_eigen'[0m
[10.622s] [  5%] [34m[1mPerforming configure step for 'ext_eigen'[0m
[10.705s] -- The C compiler identification is GNU 11.4.0
[10.755s] -- The CXX compiler identification is GNU 11.4.0
[10.762s] -- Detecting C compiler ABI info
[10.853s] -- Detecting C compiler ABI info - done
[10.866s] -- Check for working C compiler: /usr/bin/cc - skipped
[10.867s] -- Detecting C compile features
[10.868s] -- Detecting C compile features - done
[10.874s] -- Detecting CXX compiler ABI info
[10.980s] -- Detecting CXX compiler ABI info - done
[10.993s] -- Check for working CXX compiler: /usr/bin/c++ - skipped
[10.994s] -- Detecting CXX compile features
[10.995s] -- Detecting CXX compile features - done
[11.002s] -- Performing Test EIGEN_COMPILER_SUPPORT_CPP11
[11.111s] -- Performing Test EIGEN_COMPILER_SUPPORT_CPP11 - Success
[11.112s] -- Performing Test COMPILER_SUPPORT_std=cpp03
[11.214s] -- Performing Test COMPILER_SUPPORT_std=cpp03 - Success
[11.215s] -- Performing Test standard_math_library_linked_to_automatically
[11.350s] -- Performing Test standard_math_library_linked_to_automatically - Success
[11.351s] -- Standard libraries to link to explicitly: none
[11.351s] -- Performing Test COMPILER_SUPPORT_WERROR
[11.451s] -- Performing Test COMPILER_SUPPORT_WERROR - Success
[11.453s] -- Performing Test COMPILER_SUPPORT_pedantic
[11.557s] -- Performing Test COMPILER_SUPPORT_pedantic - Success
[11.558s] -- Performing Test COMPILER_SUPPORT_Wall
[11.662s] -- Performing Test COMPILER_SUPPORT_Wall - Success
[11.663s] -- Performing Test COMPILER_SUPPORT_Wextra
[11.767s] -- Performing Test COMPILER_SUPPORT_Wextra - Success
[11.768s] -- Performing Test COMPILER_SUPPORT_Wundef
[11.864s] -- Performing Test COMPILER_SUPPORT_Wundef - Success
[11.865s] -- Performing Test COMPILER_SUPPORT_Wcastalign
[11.970s] -- Performing Test COMPILER_SUPPORT_Wcastalign - Success
[11.971s] -- Performing Test COMPILER_SUPPORT_Wcharsubscripts
[12.075s] -- Performing Test COMPILER_SUPPORT_Wcharsubscripts - Success
[12.077s] -- Performing Test COMPILER_SUPPORT_Wnonvirtualdtor
[12.193s] -- Performing Test COMPILER_SUPPORT_Wnonvirtualdtor - Success
[12.193s] -- Performing Test COMPILER_SUPPORT_Wunusedlocaltypedefs
[12.295s] -- Performing Test COMPILER_SUPPORT_Wunusedlocaltypedefs - Success
[12.296s] -- Performing Test COMPILER_SUPPORT_Wpointerarith
[12.397s] -- Performing Test COMPILER_SUPPORT_Wpointerarith - Success
[12.399s] -- Performing Test COMPILER_SUPPORT_Wwritestrings
[12.507s] -- Performing Test COMPILER_SUPPORT_Wwritestrings - Success
[12.509s] -- Performing Test COMPILER_SUPPORT_Wformatsecurity
[12.620s] -- Performing Test COMPILER_SUPPORT_Wformatsecurity - Success
[12.620s] -- Performing Test COMPILER_SUPPORT_Wshorten64to32
[12.658s] -- Performing Test COMPILER_SUPPORT_Wshorten64to32 - Failed
[12.659s] -- Performing Test COMPILER_SUPPORT_Wlogicalop
[12.759s] -- Performing Test COMPILER_SUPPORT_Wlogicalop - Success
[12.760s] -- Performing Test COMPILER_SUPPORT_Wenumconversion
[12.867s] -- Performing Test COMPILER_SUPPORT_Wenumconversion - Success
[12.868s] -- Performing Test COMPILER_SUPPORT_Wcpp11extensions
[12.931s] -- Performing Test COMPILER_SUPPORT_Wcpp11extensions - Failed
[12.932s] -- Performing Test COMPILER_SUPPORT_Wdoublepromotion
[13.042s] -- Performing Test COMPILER_SUPPORT_Wdoublepromotion - Success
[13.042s] -- Performing Test COMPILER_SUPPORT_Wshadow
[13.141s] -- Performing Test COMPILER_SUPPORT_Wshadow - Success
[13.142s] -- Performing Test COMPILER_SUPPORT_Wnopsabi
[13.246s] -- Performing Test COMPILER_SUPPORT_Wnopsabi - Success
[13.246s] -- Performing Test COMPILER_SUPPORT_Wnovariadicmacros
[13.344s] -- Performing Test COMPILER_SUPPORT_Wnovariadicmacros - Success
[13.345s] -- Performing Test COMPILER_SUPPORT_Wnolonglong
[13.457s] -- Performing Test COMPILER_SUPPORT_Wnolonglong - Success
[13.457s] -- Performing Test COMPILER_SUPPORT_fnochecknew
[13.557s] -- Performing Test COMPILER_SUPPORT_fnochecknew - Success
[13.558s] -- Performing Test COMPILER_SUPPORT_fnocommon
[13.662s] -- Performing Test COMPILER_SUPPORT_fnocommon - Success
[13.664s] -- Performing Test COMPILER_SUPPORT_fstrictaliasing
[13.773s] -- Performing Test COMPILER_SUPPORT_fstrictaliasing - Success
[13.773s] -- Performing Test COMPILER_SUPPORT_wd981
[13.807s] -- Performing Test COMPILER_SUPPORT_wd981 - Failed
[13.808s] -- Performing Test COMPILER_SUPPORT_wd2304
[13.849s] -- Performing Test COMPILER_SUPPORT_wd2304 - Failed
[13.849s] -- Performing Test COMPILER_SUPPORT_STRICTANSI
[13.884s] -- Performing Test COMPILER_SUPPORT_STRICTANSI - Failed
[13.884s] -- Performing Test COMPILER_SUPPORT_Qunusedarguments
[13.920s] -- Performing Test COMPILER_SUPPORT_Qunusedarguments - Failed
[13.921s] -- Performing Test COMPILER_SUPPORT_ansi
[14.022s] -- Performing Test COMPILER_SUPPORT_ansi - Success
[14.023s] -- Performing Test COMPILER_SUPPORT_OPENMP
[14.131s] -- Performing Test COMPILER_SUPPORT_OPENMP - Success
[14.176s] -- Found unsuitable Qt version "5.15.3" from /usr/bin/qmake
[14.289s] -- Looking for a Fortran compiler
[14.601s] -- Looking for a Fortran compiler - /usr/bin/f95
[14.668s] -- The Fortran compiler identification is GNU 11.4.0
[14.691s] -- Detecting Fortran compiler ABI info
[14.804s] -- Detecting Fortran compiler ABI info - done
[14.817s] -- Check for working Fortran compiler: /usr/bin/f95 - skipped
[14.859s] -- Found CHOLMOD: /usr/include/suitesparse  
[14.861s] -- Found UMFPACK: /usr/include/suitesparse  
[14.863s] -- Found KLU: /usr/include/suitesparse  
[14.873s] -- Could NOT find SuperLU (missing: SUPERLU_INCLUDES SUPERLU_LIBRARIES SUPERLU_VERSION_OK) (Required is at least version "4.0")
[15.082s] -- Checking for one of the modules 'hwloc'
[15.170s] -- Performing Test HAVE_HWLOC_PARENT_MEMBER
[15.287s] -- Performing Test HAVE_HWLOC_PARENT_MEMBER - Success
[15.287s] -- Performing Test HAVE_HWLOC_CACHE_ATTR
[15.390s] [  5%] [32m[1mLinking CXX static library ../lib/libgtest.a[0m
[15.394s] -- Performing Test HAVE_HWLOC_CACHE_ATTR - Success
[15.395s] -- Performing Test HAVE_HWLOC_OBJ_PU
[15.497s] [  5%] Built target gtest
[15.507s] -- Performing Test HAVE_HWLOC_OBJ_PU - Success
[15.507s] -- Looking for hwloc_bitmap_free in hwloc
[15.537s] [  6%] [32mBuilding CXX object gtest/CMakeFiles/gtest_main.dir/src/gtest_main.cc.o[0m
[15.615s] -- Looking for hwloc_bitmap_free in hwloc - found
[15.659s] -- Looking for Fortran sgemm
[15.774s] -- Looking for Fortran sgemm - found
[15.784s] -- Performing Test SCOTCH_Num_4
[15.831s] -- Performing Test SCOTCH_Num_4 - Failed
[15.831s] -- Performing Test SCOTCH_Num_8
[15.881s] -- Performing Test SCOTCH_Num_8 - Failed
[15.885s] -- A version of Pastix has been found but pastix_nompi.h does not exist in the include directory. Because Eigen tests require a version without MPI, we disable the Pastix backend.
[15.892s] -- Found SPQR: /usr/include/suitesparse  
[15.909s] -- Found unsuitable Qt version "5.15.3" from /usr/bin/qmake
[16.023s] -- Performing Test COMPILER_SUPPORT_FASTMATH
[16.130s] -- Performing Test COMPILER_SUPPORT_FASTMATH - Success
[16.167s] -- Found Boost: /usr/lib/x86_64-linux-gnu/cmake/Boost-1.74.0/BoostConfig.cmake (found suitable version "1.74.0", minimum required is "1.53.0")  
[16.184s] [  6%] [32m[1mLinking CXX static library ../lib/libgtest_main.a[0m
[16.190s] -- Found Threads: TRUE  
[16.192s] -- Could NOT find GoogleHash (missing: GOOGLEHASH_INCLUDES GOOGLEHASH_COMPILE) 
[16.195s] -- Could NOT find Adolc (missing: ADOLC_INCLUDES ADOLC_LIBRARIES) 
[16.206s] -- Could NOT find MPFR (missing: MPFR_INCLUDES MPFR_LIBRARIES MPFR_VERSION_OK) (Required is at least version "1.0.0")
[16.212s] -- Found PkgConfig: /usr/bin/pkg-config (found version "0.29.2") 
[16.220s] -- Could NOT find FFTW (missing: FFTW_INCLUDES FFTW_LIBRARIES) 
[16.255s] -- Found CUDA: /usr/local/cuda (found suitable version "12.2", minimum required is "7.0") 
[16.266s] -- Found unsuitable Qt version "5.15.3" from /usr/bin/qmake
[16.266s] -- Qt4 not found, so disabling the mandelbrot and opengl demos
[16.280s] [  6%] Built target gtest_main
[16.280s] -- Could NOT find SuperLU (missing: SUPERLU_INCLUDES SUPERLU_LIBRARIES SUPERLU_VERSION_OK) (Required is at least version "4.0")
[16.291s] -- A version of Pastix has been found but pastix_nompi.h does not exist in the include directory. Because Eigen tests require a version without MPI, we disable the Pastix backend.
[16.293s] -- ************************************************************
[16.293s] -- ***    Eigen's unit tests configuration summary          ***
[16.293s] -- ************************************************************
[16.293s] -- 
[16.293s] -- Build type:        Release
[16.293s] -- Build site:        MEC2
[16.293s] -- Build string:      linux-6.8.0-48-generic-_-11.4.0-sse2-64bit
[16.293s] -- Enabled backends:  CHOLMOD,  UMFPACK,  KLU,  SPQR,  Boost.Multiprecision, 
[16.294s] -- Disabled backends: SuperLU,  PaStiX,  METIS,  Qt4 support,  GoogleHash,  Adolc,  MPFR C++,  fftw,  OpenGL, 
[16.294s] -- Default order:     Column-major
[16.294s] -- Maximal matrix/vector size: 320
[16.294s] -- SSE2:              Using architecture defaults
[16.294s] -- SSE3:              Using architecture defaults
[16.294s] -- SSSE3:             Using architecture defaults
[16.294s] -- SSE4.1:            Using architecture defaults
[16.294s] -- SSE4.2:            Using architecture defaults
[16.294s] -- AVX:               Using architecture defaults
[16.294s] -- AVX2:              Using architecture defaults
[16.294s] -- FMA:               Using architecture defaults
[16.294s] -- AVX512:            Using architecture defaults
[16.294s] -- AVX512DQ:          Using architecture defaults
[16.295s] -- Altivec:           Using architecture defaults
[16.295s] -- VSX:               Using architecture defaults
[16.295s] -- MIPS MSA:          Using architecture defaults
[16.295s] -- ARM NEON:          Using architecture defaults
[16.295s] -- ARMv8 NEON:        Using architecture defaults
[16.295s] -- S390X ZVECTOR:     Using architecture defaults
[16.295s] -- C++11:             OFF
[16.295s] -- SYCL:              OFF
[16.295s] -- CUDA:              OFF
[16.295s] -- HIP:               OFF
[16.295s] -- 
[16.295s] CXX:               /usr/bin/c++
[16.295s]  CXX_VERSION:       c++ (Ubuntu 11.4.0-1ubuntu1~22.04) 11.4.0
[16.296s]  CXX_FLAGS:          -std=c++03 -pedantic -Wall -Wextra -Wundef -Wcast-align -Wchar-subscripts -Wnon-virtual-dtor -Wunused-local-typedefs -Wpointer-arith -Wwrite-strings -Wformat-security -Wlogical-op -Wenum-conversion -Wdouble-promotion -Wshadow -Wno-psabi -Wno-variadic-macros -Wno-long-long -fno-check-new -fno-common -fstrict-aliasing -ansi
[16.296s]  Sparse lib flags:   ;/usr/lib/x86_64-linux-gnu/libcholmod.so;/usr/lib/x86_64-linux-gnu/libamd.so;/usr/lib/x86_64-linux-gnu/libcolamd.so;/usr/lib/x86_64-linux-gnu/libcamd.so;/usr/lib/x86_64-linux-gnu/libccolamd.so;eigen_blas;eigen_lapack;/usr/lib/x86_64-linux-gnu/libumfpack.so;/usr/lib/x86_64-linux-gnu/libcolamd.so;/usr/lib/x86_64-linux-gnu/libamd.so;/usr/lib/x86_64-linux-gnu/libcholmod.so;eigen_blas;/usr/lib/x86_64-linux-gnu/libklu.so;/usr/lib/x86_64-linux-gnu/libcolamd.so;/usr/lib/x86_64-linux-gnu/libamd.so;/usr/lib/x86_64-linux-gnu/libbtf.so;eigen_blas;/usr/lib/x86_64-linux-gnu/libspqr.so;/usr/lib/x86_64-linux-gnu/libcholmod.so;/usr/lib/x86_64-linux-gnu/libcholmod.so;/usr/lib/x86_64-linux-gnu/libamd.so;/usr/lib/x86_64-linux-gnu/libcolamd.so;/usr/lib/x86_64-linux-gnu/libcamd.so;/usr/lib/x86_64-linux-gnu/libccolamd.so;eigen_lapack;eigen_blas
[16.296s] 
[16.296s] -- ************************************************************
[16.296s] -- 
[16.296s] -- Configured Eigen 3.4.0
[16.296s] -- 
[16.296s] -- Available targets (use: make TARGET):
[16.296s] -- ---------+--------------------------------------------------------------
[16.296s] -- Target   |   Description
[16.296s] -- ---------+--------------------------------------------------------------
[16.296s] -- install  | Install Eigen. Headers will be installed to:
[16.296s] --          |     <CMAKE_INSTALL_PREFIX>/<INCLUDE_INSTALL_DIR>
[16.297s] --          |   Using the following values:
[16.297s] --          |     CMAKE_INSTALL_PREFIX: /workspaces/isaac_ros-dev/src/isaac_ros_nvblox/build/nvblox_ros/nvblox_core/nvblox/eigen
[16.297s] --          |     INCLUDE_INSTALL_DIR:  include/eigen3
[16.297s] --          |   Change the install location of Eigen headers using:
[16.297s] --          |     cmake . -DCMAKE_INSTALL_PREFIX=yourprefix
[16.297s] --          |   Or:
[16.297s] --          |     cmake . -DINCLUDE_INSTALL_DIR=yourdir
[16.297s] -- doc      | Generate the API documentation, requires Doxygen & LaTeX
[16.297s] -- check    | Build and run the unit-tests. Read this page:
[16.297s] --          |   http://eigen.tuxfamily.org/index.php?title=Tests
[16.297s] -- blas     | Build BLAS library (not the same thing as Eigen)
[16.297s] -- uninstall| Remove files installed by the install target
[16.297s] -- ---------+--------------------------------------------------------------
[16.297s] -- 
[16.298s] -- Configuring done
[17.839s] -- Generating done
[17.942s] -- Build files have been written to: /workspaces/isaac_ros-dev/src/isaac_ros_nvblox/build/nvblox_ros/nvblox_core/nvblox/eigen/src/ext_eigen-build
[18.040s] [  7%] [34m[1mPerforming build step for 'ext_eigen'[0m
[18.252s] [  7%] [34m[1mPerforming install step for 'ext_eigen'[0m
[18.555s] [36mInstall the project...[0m
[18.564s] -- Install configuration: "Release"
[18.564s] -- Installing: /workspaces/isaac_ros-dev/src/isaac_ros_nvblox/build/nvblox_ros/nvblox_core/nvblox/eigen/include/eigen3/signature_of_eigen3_matrix_library
[18.564s] -- Installing: /workspaces/isaac_ros-dev/src/isaac_ros_nvblox/build/nvblox_ros/nvblox_core/nvblox/eigen/share/pkgconfig/eigen3.pc
[18.564s] -- Installing: /workspaces/isaac_ros-dev/src/isaac_ros_nvblox/build/nvblox_ros/nvblox_core/nvblox/eigen/include/eigen3/Eigen
[18.564s] -- Installing: /workspaces/isaac_ros-dev/src/isaac_ros_nvblox/build/nvblox_ros/nvblox_core/nvblox/eigen/include/eigen3/Eigen/CholmodSupport
[18.564s] -- Installing: /workspaces/isaac_ros-dev/src/isaac_ros_nvblox/build/nvblox_ros/nvblox_core/nvblox/eigen/include/eigen3/Eigen/src
[18.564s] -- Installing: /workspaces/isaac_ros-dev/src/isaac_ros_nvblox/build/nvblox_ros/nvblox_core/nvblox/eigen/include/eigen3/Eigen/src/CholmodSupport
[18.564s] -- Installing: /workspaces/isaac_ros-dev/src/isaac_ros_nvblox/build/nvblox_ros/nvblox_core/nvblox/eigen/include/eigen3/Eigen/src/CholmodSupport/CholmodSupport.h
[18.565s] -- Installing: /workspaces/isaac_ros-dev/src/isaac_ros_nvblox/build/nvblox_ros/nvblox_core/nvblox/eigen/include/eigen3/Eigen/src/KLUSupport
[18.565s] -- Installing: /workspaces/isaac_ros-dev/src/isaac_ros_nvblox/build/nvblox_ros/nvblox_core/nvblox/eigen/include/eigen3/Eigen/src/KLUSupport/KLUSupport.h
[18.565s] -- Installing: /workspaces/isaac_ros-dev/src/isaac_ros_nvblox/build/nvblox_ros/nvblox_core/nvblox/eigen/include/eigen3/Eigen/src/Core
[18.565s] -- Installing: /workspaces/isaac_ros-dev/src/isaac_ros_nvblox/build/nvblox_ros/nvblox_core/nvblox/eigen/include/eigen3/Eigen/src/Core/ReturnByValue.h
[18.565s] -- Installing: /workspaces/isaac_ros-dev/src/isaac_ros_nvblox/build/nvblox_ros/nvblox_core/nvblox/eigen/include/eigen3/Eigen/src/Core/MathFunctions.h
[18.565s] -- Installing: /workspaces/isaac_ros-dev/src/isaac_ros_nvblox/build/nvblox_ros/nvblox_core/nvblox/eigen/include/eigen3/Eigen/src/Core/IO.h
[18.565s] -- Installing: /workspaces/isaac_ros-dev/src/isaac_ros_nvblox/build/nvblox_ros/nvblox_core/nvblox/eigen/include/eigen3/Eigen/src/Core/CwiseNullaryOp.h
[18.566s] -- Installing: /workspaces/isaac_ros-dev/src/isaac_ros_nvblox/build/nvblox_ros/nvblox_core/nvblox/eigen/include/eigen3/Eigen/src/Core/BooleanRedux.h
[18.566s] -- Installing: /workspaces/isaac_ros-dev/src/isaac_ros_nvblox/build/nvblox_ros/nvblox_core/nvblox/eigen/include/eigen3/Eigen/src/Core/ProductEvaluators.h
[18.566s] -- Installing: /workspaces/isaac_ros-dev/src/isaac_ros_nvblox/build/nvblox_ros/nvblox_core/nvblox/eigen/include/eigen3/Eigen/src/Core/StlIterators.h
[18.566s] -- Installing: /workspaces/isaac_ros-dev/src/isaac_ros_nvblox/build/nvblox_ros/nvblox_core/nvblox/eigen/include/eigen3/Eigen/src/Core/NumTraits.h
[18.566s] -- Installing: /workspaces/isaac_ros-dev/src/isaac_ros_nvblox/build/nvblox_ros/nvblox_core/nvblox/eigen/include/eigen3/Eigen/src/Core/Block.h
[18.566s] -- Installing: /workspaces/isaac_ros-dev/src/isaac_ros_nvblox/build/nvblox_ros/nvblox_core/nvblox/eigen/include/eigen3/Eigen/src/Core/PlainObjectBase.h
[18.566s] -- Installing: /workspaces/isaac_ros-dev/src/isaac_ros_nvblox/build/nvblox_ros/nvblox_core/nvblox/eigen/include/eigen3/Eigen/src/Core/ArrayBase.h
[18.567s] -- Installing: /workspaces/isaac_ros-dev/src/isaac_ros_nvblox/build/nvblox_ros/nvblox_core/nvblox/eigen/include/eigen3/Eigen/src/Core/CoreIterators.h
[18.567s] -- Installing: /workspaces/isaac_ros-dev/src/isaac_ros_nvblox/build/nvblox_ros/nvblox_core/nvblox/eigen/include/eigen3/Eigen/src/Core/DiagonalProduct.h
[18.567s] -- Installing: /workspaces/isaac_ros-dev/src/isaac_ros_nvblox/build/nvblox_ros/nvblox_core/nvblox/eigen/include/eigen3/Eigen/src/Core/DenseBase.h
[18.567s] -- Installing: /workspaces/isaac_ros-dev/src/isaac_ros_nvblox/build/nvblox_ros/nvblox_core/nvblox/eigen/include/eigen3/Eigen/src/Core/BandMatrix.h
[18.567s] -- Installing: /workspaces/isaac_ros-dev/src/isaac_ros_nvblox/build/nvblox_ros/nvblox_core/nvblox/eigen/include/eigen3/Eigen/src/Core/functors
[18.567s] -- Installing: /workspaces/isaac_ros-dev/src/isaac_ros_nvblox/build/nvblox_ros/nvblox_core/nvblox/eigen/include/eigen3/Eigen/src/Core/functors/TernaryFunctors.h
[18.567s] -- Installing: /workspaces/isaac_ros-dev/src/isaac_ros_nvblox/build/nvblox_ros/nvblox_core/nvblox/eigen/include/eigen3/Eigen/src/Core/functors/StlFunctors.h
[18.567s] -- Installing: /workspaces/isaac_ros-dev/src/isaac_ros_nvblox/build/nvblox_ros/nvblox_core/nvblox/eigen/include/eigen3/Eigen/src/Core/functors/NullaryFunctors.h
[18.568s] -- Installing: /workspaces/isaac_ros-dev/src/isaac_ros_nvblox/build/nvblox_ros/nvblox_core/nvblox/eigen/include/eigen3/Eigen/src/Core/functors/BinaryFunctors.h
[18.568s] -- Installing: /workspaces/isaac_ros-dev/src/isaac_ros_nvblox/build/nvblox_ros/nvblox_core/nvblox/eigen/include/eigen3/Eigen/src/Core/functors/AssignmentFunctors.h
[18.568s] -- Installing: /workspaces/isaac_ros-dev/src/isaac_ros_nvblox/build/nvblox_ros/nvblox_core/nvblox/eigen/include/eigen3/Eigen/src/Core/functors/UnaryFunctors.h
[18.568s] -- Installing: /workspaces/isaac_ros-dev/src/isaac_ros_nvblox/build/nvblox_ros/nvblox_core/nvblox/eigen/include/eigen3/Eigen/src/Core/Redux.h
[18.568s] -- Installing: /workspaces/isaac_ros-dev/src/isaac_ros_nvblox/build/nvblox_ros/nvblox_core/nvblox/eigen/include/eigen3/Eigen/src/Core/Solve.h
[18.568s] -- Installing: /workspaces/isaac_ros-dev/src/isaac_ros_nvblox/build/nvblox_ros/nvblox_core/nvblox/eigen/include/eigen3/Eigen/src/Core/MathFunctionsImpl.h
[18.568s] -- Installing: /workspaces/isaac_ros-dev/src/isaac_ros_nvblox/build/nvblox_ros/nvblox_core/nvblox/eigen/include/eigen3/Eigen/src/Core/AssignEvaluator.h
[18.569s] -- Installing: /workspaces/isaac_ros-dev/src/isaac_ros_nvblox/build/nvblox_ros/nvblox_core/nvblox/eigen/include/eigen3/Eigen/src/Core/CwiseUnaryView.h
[18.569s] -- Installing: /workspaces/isaac_ros-dev/src/isaac_ros_nvblox/build/nvblox_ros/nvblox_core/nvblox/eigen/include/eigen3/Eigen/src/Core/ConditionEstimator.h
[18.569s] -- Installing: /workspaces/isaac_ros-dev/src/isaac_ros_nvblox/build/nvblox_ros/nvblox_core/nvblox/eigen/include/eigen3/Eigen/src/Core/Assign_MKL.h
[18.569s] -- Installing: /workspaces/isaac_ros-dev/src/isaac_ros_nvblox/build/nvblox_ros/nvblox_core/nvblox/eigen/include/eigen3/Eigen/src/Core/Transpose.h
[18.569s] -- Installing: /workspaces/isaac_ros-dev/src/isaac_ros_nvblox/build/nvblox_ros/nvblox_core/nvblox/eigen/include/eigen3/Eigen/src/Core/Transpositions.h
[18.569s] -- Installing: /workspaces/isaac_ros-dev/src/isaac_ros_nvblox/build/nvblox_ros/nvblox_core/nvblox/eigen/include/eigen3/Eigen/src/Core/ArithmeticSequence.h
[18.569s] -- Installing: /workspaces/isaac_ros-dev/src/isaac_ros_nvblox/build/nvblox_ros/nvblox_core/nvblox/eigen/include/eigen3/Eigen/src/Core/Assign.h
[18.569s] -- Installing: /workspaces/isaac_ros-dev/src/isaac_ros_nvblox/build/nvblox_ros/nvblox_core/nvblox/eigen/include/eigen3/Eigen/src/Core/NestByValue.h
[18.570s] -- Installing: /workspaces/isaac_ros-dev/src/isaac_ros_nvblox/build/nvblox_ros/nvblox_core/nvblox/eigen/include/eigen3/Eigen/src/Core/SelfCwiseBinaryOp.h
[18.570s] -- Installing: /workspaces/isaac_ros-dev/src/isaac_ros_nvblox/build/nvblox_ros/nvblox_core/nvblox/eigen/include/eigen3/Eigen/src/Core/GenericPacketMath.h
[18.570s] -- Installing: /workspaces/isaac_ros-dev/src/isaac_ros_nvblox/build/nvblox_ros/nvblox_core/nvblox/eigen/include/eigen3/Eigen/src/Core/Replicate.h
[18.570s] -- Installing: /workspaces/isaac_ros-dev/src/isaac_ros_nvblox/build/nvblox_ros/nvblox_core/nvblox/eigen/include/eigen3/Eigen/src/Core/util
[18.570s] -- Installing: /workspaces/isaac_ros-dev/src/isaac_ros_nvblox/build/nvblox_ros/nvblox_core/nvblox/eigen/include/eigen3/Eigen/src/Core/util/ReenableStupidWarnings.h
[18.570s] -- Installing: /workspaces/isaac_ros-dev/src/isaac_ros_nvblox/build/nvblox_ros/nvblox_core/nvblox/eigen/include/eigen3/Eigen/src/Core/util/ForwardDeclarations.h
[18.570s] -- Installing: /workspaces/isaac_ros-dev/src/isaac_ros_nvblox/build/nvblox_ros/nvblox_core/nvblox/eigen/include/eigen3/Eigen/src/Core/util/Meta.h
[18.570s] -- Installing: /workspaces/isaac_ros-dev/src/isaac_ros_nvblox/build/nvblox_ros/nvblox_core/nvblox/eigen/include/eigen3/Eigen/src/Core/util/SymbolicIndex.h
[18.571s] -- Installing: /workspaces/isaac_ros-dev/src/isaac_ros_nvblox/build/nvblox_ros/nvblox_core/nvblox/eigen/include/eigen3/Eigen/src/Core/util/NonMPL2.h
[18.571s] -- Installing: /workspaces/isaac_ros-dev/src/isaac_ros_nvblox/build/nvblox_ros/nvblox_core/nvblox/eigen/include/eigen3/Eigen/src/Core/util/DisableStupidWarnings.h
[18.571s] -- Installing: /workspaces/isaac_ros-dev/src/isaac_ros_nvblox/build/nvblox_ros/nvblox_core/nvblox/eigen/include/eigen3/Eigen/src/Core/util/IntegralConstant.h
[18.571s] -- Installing: /workspaces/isaac_ros-dev/src/isaac_ros_nvblox/build/nvblox_ros/nvblox_core/nvblox/eigen/include/eigen3/Eigen/src/Core/util/ReshapedHelper.h
[18.571s] -- Installing: /workspaces/isaac_ros-dev/src/isaac_ros_nvblox/build/nvblox_ros/nvblox_core/nvblox/eigen/include/eigen3/Eigen/src/Core/util/MKL_support.h
[18.571s] -- Installing: /workspaces/isaac_ros-dev/src/isaac_ros_nvblox/build/nvblox_ros/nvblox_core/nvblox/eigen/include/eigen3/Eigen/src/Core/util/BlasUtil.h
[18.571s] -- Installing: /workspaces/isaac_ros-dev/src/isaac_ros_nvblox/build/nvblox_ros/nvblox_core/nvblox/eigen/include/eigen3/Eigen/src/Core/util/XprHelper.h
[18.572s] -- Installing: /workspaces/isaac_ros-dev/src/isaac_ros_nvblox/build/nvblox_ros/nvblox_core/nvblox/eigen/include/eigen3/Eigen/src/Core/util/Constants.h
[18.572s] -- Installing: /workspaces/isaac_ros-dev/src/isaac_ros_nvblox/build/nvblox_ros/nvblox_core/nvblox/eigen/include/eigen3/Eigen/src/Core/util/ConfigureVectorization.h
[18.572s] -- Installing: /workspaces/isaac_ros-dev/src/isaac_ros_nvblox/build/nvblox_ros/nvblox_core/nvblox/eigen/include/eigen3/Eigen/src/Core/util/IndexedViewHelper.h
[18.572s] -- Installing: /workspaces/isaac_ros-dev/src/isaac_ros_nvblox/build/nvblox_ros/nvblox_core/nvblox/eigen/include/eigen3/Eigen/src/Core/util/StaticAssert.h
[18.572s] -- Installing: /workspaces/isaac_ros-dev/src/isaac_ros_nvblox/build/nvblox_ros/nvblox_core/nvblox/eigen/include/eigen3/Eigen/src/Core/util/Memory.h
[18.572s] -- Installing: /workspaces/isaac_ros-dev/src/isaac_ros_nvblox/build/nvblox_ros/nvblox_core/nvblox/eigen/include/eigen3/Eigen/src/Core/util/Macros.h
[18.572s] -- Installing: /workspaces/isaac_ros-dev/src/isaac_ros_nvblox/build/nvblox_ros/nvblox_core/nvblox/eigen/include/eigen3/Eigen/src/Core/Fuzzy.h
[18.573s] -- Installing: /workspaces/isaac_ros-dev/src/isaac_ros_nvblox/build/nvblox_ros/nvblox_core/nvblox/eigen/include/eigen3/Eigen/src/Core/VectorwiseOp.h
[18.573s] -- Installing: /workspaces/isaac_ros-dev/src/isaac_ros_nvblox/build/nvblox_ros/nvblox_core/nvblox/eigen/include/eigen3/Eigen/src/Core/GeneralProduct.h
[18.573s] -- Installing: /workspaces/isaac_ros-dev/src/isaac_ros_nvblox/build/nvblox_ros/nvblox_core/nvblox/eigen/include/eigen3/Eigen/src/Core/ForceAlignedAccess.h
[18.573s] -- Installing: /workspaces/isaac_ros-dev/src/isaac_ros_nvblox/build/nvblox_ros/nvblox_core/nvblox/eigen/include/eigen3/Eigen/src/Core/EigenBase.h
[18.573s] -- Installing: /workspaces/isaac_ros-dev/src/isaac_ros_nvblox/build/nvblox_ros/nvblox_core/nvblox/eigen/include/eigen3/Eigen/src/Core/ArrayWrapper.h
[18.573s] -- Installing: /workspaces/isaac_ros-dev/src/isaac_ros_nvblox/build/nvblox_ros/nvblox_core/nvblox/eigen/include/eigen3/Eigen/src/Core/Diagonal.h
[18.573s] -- Installing: /workspaces/isaac_ros-dev/src/isaac_ros_nvblox/build/nvblox_ros/nvblox_core/nvblox/eigen/include/eigen3/Eigen/src/Core/StableNorm.h
[18.574s] -- Installing: /workspaces/isaac_ros-dev/src/isaac_ros_nvblox/build/nvblox_ros/nvblox_core/nvblox/eigen/include/eigen3/Eigen/src/Core/SolveTriangular.h
[18.574s] -- Installing: /workspaces/isaac_ros-dev/src/isaac_ros_nvblox/build/nvblox_ros/nvblox_core/nvblox/eigen/include/eigen3/Eigen/src/Core/Matrix.h
[18.574s] -- Installing: /workspaces/isaac_ros-dev/src/isaac_ros_nvblox/build/nvblox_ros/nvblox_core/nvblox/eigen/include/eigen3/Eigen/src/Core/CommaInitializer.h
[18.574s] -- Installing: /workspaces/isaac_ros-dev/src/isaac_ros_nvblox/build/nvblox_ros/nvblox_core/nvblox/eigen/include/eigen3/Eigen/src/Core/Visitor.h
[18.574s] -- Installing: /workspaces/isaac_ros-dev/src/isaac_ros_nvblox/build/nvblox_ros/nvblox_core/nvblox/eigen/include/eigen3/Eigen/src/Core/Select.h
[18.574s] -- Installing: /workspaces/isaac_ros-dev/src/isaac_ros_nvblox/build/nvblox_ros/nvblox_core/nvblox/eigen/include/eigen3/Eigen/src/Core/NoAlias.h
[18.574s] -- Installing: /workspaces/isaac_ros-dev/src/isaac_ros_nvblox/build/nvblox_ros/nvblox_core/nvblox/eigen/include/eigen3/Eigen/src/Core/products
[18.574s] -- Installing: /workspaces/isaac_ros-dev/src/isaac_ros_nvblox/build/nvblox_ros/nvblox_core/nvblox/eigen/include/eigen3/Eigen/src/Core/products/GeneralMatrixVector_BLAS.h
[18.575s] -- Installing: /workspaces/isaac_ros-dev/src/isaac_ros_nvblox/build/nvblox_ros/nvblox_core/nvblox/eigen/include/eigen3/Eigen/src/Core/products/SelfadjointMatrixMatrix_BLAS.h
[18.575s] -- Installing: /workspaces/isaac_ros-dev/src/isaac_ros_nvblox/build/nvblox_ros/nvblox_core/nvblox/eigen/include/eigen3/Eigen/src/Core/products/GeneralMatrixMatrixTriangular_BLAS.h
[18.575s] -- Installing: /workspaces/isaac_ros-dev/src/isaac_ros_nvblox/build/nvblox_ros/nvblox_core/nvblox/eigen/include/eigen3/Eigen/src/Core/products/TriangularMatrixMatrix_BLAS.h
[18.575s] -- Installing: /workspaces/isaac_ros-dev/src/isaac_ros_nvblox/build/nvblox_ros/nvblox_core/nvblox/eigen/include/eigen3/Eigen/src/Core/products/TriangularMatrixMatrix.h
[18.575s] -- Installing: /workspaces/isaac_ros-dev/src/isaac_ros_nvblox/build/nvblox_ros/nvblox_core/nvblox/eigen/include/eigen3/Eigen/src/Core/products/TriangularMatrixVector_BLAS.h
[18.575s] -- Installing: /workspaces/isaac_ros-dev/src/isaac_ros_nvblox/build/nvblox_ros/nvblox_core/nvblox/eigen/include/eigen3/Eigen/src/Core/products/TriangularSolverVector.h
[18.575s] -- Installing: /workspaces/isaac_ros-dev/src/isaac_ros_nvblox/build/nvblox_ros/nvblox_core/nvblox/eigen/include/eigen3/Eigen/src/Core/products/SelfadjointMatrixVector.h
[18.576s] -- Installing: /workspaces/isaac_ros-dev/src/isaac_ros_nvblox/build/nvblox_ros/nvblox_core/nvblox/eigen/include/eigen3/Eigen/src/Core/products/GeneralMatrixVector.h
[18.576s] -- Installing: /workspaces/isaac_ros-dev/src/isaac_ros_nvblox/build/nvblox_ros/nvblox_core/nvblox/eigen/include/eigen3/Eigen/src/Core/products/GeneralMatrixMatrixTriangular.h
[18.576s] -- Installing: /workspaces/isaac_ros-dev/src/isaac_ros_nvblox/build/nvblox_ros/nvblox_core/nvblox/eigen/include/eigen3/Eigen/src/Core/products/SelfadjointMatrixMatrix.h
[18.576s] -- Installing: /workspaces/isaac_ros-dev/src/isaac_ros_nvblox/build/nvblox_ros/nvblox_core/nvblox/eigen/include/eigen3/Eigen/src/Core/products/TriangularMatrixVector.h
[18.576s] -- Installing: /workspaces/isaac_ros-dev/src/isaac_ros_nvblox/build/nvblox_ros/nvblox_core/nvblox/eigen/include/eigen3/Eigen/src/Core/products/Parallelizer.h
[18.576s] -- Installing: /workspaces/isaac_ros-dev/src/isaac_ros_nvblox/build/nvblox_ros/nvblox_core/nvblox/eigen/include/eigen3/Eigen/src/Core/products/SelfadjointProduct.h
[18.576s] -- Installing: /workspaces/isaac_ros-dev/src/isaac_ros_nvblox/build/nvblox_ros/nvblox_core/nvblox/eigen/include/eigen3/Eigen/src/Core/products/SelfadjointRank2Update.h
[18.577s] -- Installing: /workspaces/isaac_ros-dev/src/isaac_ros_nvblox/build/nvblox_ros/nvblox_core/nvblox/eigen/include/eigen3/Eigen/src/Core/products/GeneralMatrixMatrix_BLAS.h
[18.577s] -- Installing: /workspaces/isaac_ros-dev/src/isaac_ros_nvblox/build/nvblox_ros/nvblox_core/nvblox/eigen/include/eigen3/Eigen/src/Core/products/SelfadjointMatrixVector_BLAS.h
[18.577s] -- Installing: /workspaces/isaac_ros-dev/src/isaac_ros_nvblox/build/nvblox_ros/nvblox_core/nvblox/eigen/include/eigen3/Eigen/src/Core/products/TriangularSolverMatrix.h
[18.577s] -- Installing: /workspaces/isaac_ros-dev/src/isaac_ros_nvblox/build/nvblox_ros/nvblox_core/nvblox/eigen/include/eigen3/Eigen/src/Core/products/TriangularSolverMatrix_BLAS.h
[18.577s] -- Installing: /workspaces/isaac_ros-dev/src/isaac_ros_nvblox/build/nvblox_ros/nvblox_core/nvblox/eigen/include/eigen3/Eigen/src/Core/products/GeneralBlockPanelKernel.h
[18.577s] -- Installing: /workspaces/isaac_ros-dev/src/isaac_ros_nvblox/build/nvblox_ros/nvblox_core/nvblox/eigen/include/eigen3/Eigen/src/Core/products/GeneralMatrixMatrix.h
[18.577s] -- Installing: /workspaces/isaac_ros-dev/src/isaac_ros_nvblox/build/nvblox_ros/nvblox_core/nvblox/eigen/include/eigen3/Eigen/src/Core/CoreEvaluators.h
[18.578s] -- Installing: /workspaces/isaac_ros-dev/src/isaac_ros_nvblox/build/nvblox_ros/nvblox_core/nvblox/eigen/include/eigen3/Eigen/src/Core/CwiseBinaryOp.h
[18.578s] -- Installing: /workspaces/isaac_ros-dev/src/isaac_ros_nvblox/build/nvblox_ros/nvblox_core/nvblox/eigen/include/eigen3/Eigen/src/Core/PermutationMatrix.h
[18.578s] -- Installing: /workspaces/isaac_ros-dev/src/isaac_ros_nvblox/build/nvblox_ros/nvblox_core/nvblox/eigen/include/eigen3/Eigen/src/Core/DenseCoeffsBase.h
[18.578s] -- Installing: /workspaces/isaac_ros-dev/src/isaac_ros_nvblox/build/nvblox_ros/nvblox_core/nvblox/eigen/include/eigen3/Eigen/src/Core/Random.h
[18.578s] -- Installing: /workspaces/isaac_ros-dev/src/isaac_ros_nvblox/build/nvblox_ros/nvblox_core/nvblox/eigen/include/eigen3/Eigen/src/Core/Reshaped.h
[18.578s] -- Installing: /workspaces/isaac_ros-dev/src/isaac_ros_nvblox/build/nvblox_ros/nvblox_core/nvblox/eigen/include/eigen3/Eigen/src/Core/Stride.h
[18.578s] -- Installing: /workspaces/isaac_ros-dev/src/isaac_ros_nvblox/build/nvblox_ros/nvblox_core/nvblox/eigen/include/eigen3/Eigen/src/Core/Map.h
[18.579s] -- Installing: /workspaces/isaac_ros-dev/src/isaac_ros_nvblox/build/nvblox_ros/nvblox_core/nvblox/eigen/include/eigen3/Eigen/src/Core/IndexedView.h
[18.579s] -- Installing: /workspaces/isaac_ros-dev/src/isaac_ros_nvblox/build/nvblox_ros/nvblox_core/nvblox/eigen/include/eigen3/Eigen/src/Core/VectorBlock.h
[18.579s] -- Installing: /workspaces/isaac_ros-dev/src/isaac_ros_nvblox/build/nvblox_ros/nvblox_core/nvblox/eigen/include/eigen3/Eigen/src/Core/PartialReduxEvaluator.h
[18.579s] -- Installing: /workspaces/isaac_ros-dev/src/isaac_ros_nvblox/build/nvblox_ros/nvblox_core/nvblox/eigen/include/eigen3/Eigen/src/Core/Inverse.h
[18.579s] -- Installing: /workspaces/isaac_ros-dev/src/isaac_ros_nvblox/build/nvblox_ros/nvblox_core/nvblox/eigen/include/eigen3/Eigen/src/Core/DenseStorage.h
[18.579s] -- Installing: /workspaces/isaac_ros-dev/src/isaac_ros_nvblox/build/nvblox_ros/nvblox_core/nvblox/eigen/include/eigen3/Eigen/src/Core/Reverse.h
[18.579s] -- Installing: /workspaces/isaac_ros-dev/src/isaac_ros_nvblox/build/nvblox_ros/nvblox_core/nvblox/eigen/include/eigen3/Eigen/src/Core/MatrixBase.h
[18.580s] -- Installing: /workspaces/isaac_ros-dev/src/isaac_ros_nvblox/build/nvblox_ros/nvblox_core/nvblox/eigen/include/eigen3/Eigen/src/Core/Dot.h
[18.580s] -- Installing: /workspaces/isaac_ros-dev/src/isaac_ros_nvblox/build/nvblox_ros/nvblox_core/nvblox/eigen/include/eigen3/Eigen/src/Core/Swap.h
[18.580s] -- Installing: /workspaces/isaac_ros-dev/src/isaac_ros_nvblox/build/nvblox_ros/nvblox_core/nvblox/eigen/include/eigen3/Eigen/src/Core/SelfAdjointView.h
[18.580s] -- Installing: /workspaces/isaac_ros-dev/src/isaac_ros_nvblox/build/nvblox_ros/nvblox_core/nvblox/eigen/include/eigen3/Eigen/src/Core/Ref.h
[18.580s] -- Installing: /workspaces/isaac_ros-dev/src/isaac_ros_nvblox/build/nvblox_ros/nvblox_core/nvblox/eigen/include/eigen3/Eigen/src/Core/CwiseTernaryOp.h
[18.580s] -- Installing: /workspaces/isaac_ros-dev/src/isaac_ros_nvblox/build/nvblox_ros/nvblox_core/nvblox/eigen/include/eigen3/Eigen/src/Core/Product.h
[18.580s] -- Installing: /workspaces/isaac_ros-dev/src/isaac_ros_nvblox/build/nvblox_ros/nvblox_core/nvblox/eigen/include/eigen3/Eigen/src/Core/CwiseUnaryOp.h
[18.581s] -- Installing: /workspaces/isaac_ros-dev/src/isaac_ros_nvblox/build/nvblox_ros/nvblox_core/nvblox/eigen/include/eigen3/Eigen/src/Core/DiagonalMatrix.h
[18.581s] -- Installing: /workspaces/isaac_ros-dev/src/isaac_ros_nvblox/build/nvblox_ros/nvblox_core/nvblox/eigen/include/eigen3/Eigen/src/Core/SolverBase.h
[18.581s] -- Installing: /workspaces/isaac_ros-dev/src/isaac_ros_nvblox/build/nvblox_ros/nvblox_core/nvblox/eigen/include/eigen3/Eigen/src/Core/TriangularMatrix.h
[18.581s] -- Installing: /workspaces/isaac_ros-dev/src/isaac_ros_nvblox/build/nvblox_ros/nvblox_core/nvblox/eigen/include/eigen3/Eigen/src/Core/MapBase.h
[18.581s] -- Installing: /workspaces/isaac_ros-dev/src/isaac_ros_nvblox/build/nvblox_ros/nvblox_core/nvblox/eigen/include/eigen3/Eigen/src/Core/GlobalFunctions.h
[18.581s] -- Installing: /workspaces/isaac_ros-dev/src/isaac_ros_nvblox/build/nvblox_ros/nvblox_core/nvblox/eigen/include/eigen3/Eigen/src/Core/Array.h
[18.581s] -- Installing: /workspaces/isaac_ros-dev/src/isaac_ros_nvblox/build/nvblox_ros/nvblox_core/nvblox/eigen/include/eigen3/Eigen/src/Core/arch
[18.582s] -- Installing: /workspaces/isaac_ros-dev/src/isaac_ros_nvblox/build/nvblox_ros/nvblox_core/nvblox/eigen/include/eigen3/Eigen/src/Core/arch/SSE
[18.582s] -- Installing: /workspaces/isaac_ros-dev/src/isaac_ros_nvblox/build/nvblox_ros/nvblox_core/nvblox/eigen/include/eigen3/Eigen/src/Core/arch/SSE/MathFunctions.h
[18.582s] -- Installing: /workspaces/isaac_ros-dev/src/isaac_ros_nvblox/build/nvblox_ros/nvblox_core/nvblox/eigen/include/eigen3/Eigen/src/Core/arch/SSE/Complex.h
[18.582s] -- Installing: /workspaces/isaac_ros-dev/src/isaac_ros_nvblox/build/nvblox_ros/nvblox_core/nvblox/eigen/include/eigen3/Eigen/src/Core/arch/SSE/TypeCasting.h
[18.582s] -- Installing: /workspaces/isaac_ros-dev/src/isaac_ros_nvblox/build/nvblox_ros/nvblox_core/nvblox/eigen/include/eigen3/Eigen/src/Core/arch/SSE/PacketMath.h
[18.582s] -- Installing: /workspaces/isaac_ros-dev/src/isaac_ros_nvblox/build/nvblox_ros/nvblox_core/nvblox/eigen/include/eigen3/Eigen/src/Core/arch/HIP
[18.582s] -- Installing: /workspaces/isaac_ros-dev/src/isaac_ros_nvblox/build/nvblox_ros/nvblox_core/nvblox/eigen/include/eigen3/Eigen/src/Core/arch/HIP/hcc
[18.582s] -- Installing: /workspaces/isaac_ros-dev/src/isaac_ros_nvblox/build/nvblox_ros/nvblox_core/nvblox/eigen/include/eigen3/Eigen/src/Core/arch/HIP/hcc/math_constants.h
[18.582s] -- Installing: /workspaces/isaac_ros-dev/src/isaac_ros_nvblox/build/nvblox_ros/nvblox_core/nvblox/eigen/include/eigen3/Eigen/src/Core/arch/MSA
[18.583s] -- Installing: /workspaces/isaac_ros-dev/src/isaac_ros_nvblox/build/nvblox_ros/nvblox_core/nvblox/eigen/include/eigen3/Eigen/src/Core/arch/MSA/MathFunctions.h
[18.583s] -- Installing: /workspaces/isaac_ros-dev/src/isaac_ros_nvblox/build/nvblox_ros/nvblox_core/nvblox/eigen/include/eigen3/Eigen/src/Core/arch/MSA/Complex.h
[18.583s] -- Installing: /workspaces/isaac_ros-dev/src/isaac_ros_nvblox/build/nvblox_ros/nvblox_core/nvblox/eigen/include/eigen3/Eigen/src/Core/arch/MSA/PacketMath.h
[18.583s] -- Installing: /workspaces/isaac_ros-dev/src/isaac_ros_nvblox/build/nvblox_ros/nvblox_core/nvblox/eigen/include/eigen3/Eigen/src/Core/arch/AVX
[18.583s] -- Installing: /workspaces/isaac_ros-dev/src/isaac_ros_nvblox/build/nvblox_ros/nvblox_core/nvblox/eigen/include/eigen3/Eigen/src/Core/arch/AVX/MathFunctions.h
[18.583s] -- Installing: /workspaces/isaac_ros-dev/src/isaac_ros_nvblox/build/nvblox_ros/nvblox_core/nvblox/eigen/include/eigen3/Eigen/src/Core/arch/AVX/Complex.h
[18.583s] -- Installing: /workspaces/isaac_ros-dev/src/isaac_ros_nvblox/build/nvblox_ros/nvblox_core/nvblox/eigen/include/eigen3/Eigen/src/Core/arch/AVX/TypeCasting.h
[18.583s] -- Installing: /workspaces/isaac_ros-dev/src/isaac_ros_nvblox/build/nvblox_ros/nvblox_core/nvblox/eigen/include/eigen3/Eigen/src/Core/arch/AVX/PacketMath.h
[18.584s] -- Installing: /workspaces/isaac_ros-dev/src/isaac_ros_nvblox/build/nvblox_ros/nvblox_core/nvblox/eigen/include/eigen3/Eigen/src/Core/arch/AltiVec
[18.584s] -- Installing: /workspaces/isaac_ros-dev/src/isaac_ros_nvblox/build/nvblox_ros/nvblox_core/nvblox/eigen/include/eigen3/Eigen/src/Core/arch/AltiVec/MathFunctions.h
[18.584s] -- Installing: /workspaces/isaac_ros-dev/src/isaac_ros_nvblox/build/nvblox_ros/nvblox_core/nvblox/eigen/include/eigen3/Eigen/src/Core/arch/AltiVec/Complex.h
[18.584s] -- Installing: /workspaces/isaac_ros-dev/src/isaac_ros_nvblox/build/nvblox_ros/nvblox_core/nvblox/eigen/include/eigen3/Eigen/src/Core/arch/AltiVec/MatrixProductCommon.h
[18.584s] -- Installing: /workspaces/isaac_ros-dev/src/isaac_ros_nvblox/build/nvblox_ros/nvblox_core/nvblox/eigen/include/eigen3/Eigen/src/Core/arch/AltiVec/PacketMath.h
[18.584s] -- Installing: /workspaces/isaac_ros-dev/src/isaac_ros_nvblox/build/nvblox_ros/nvblox_core/nvblox/eigen/include/eigen3/Eigen/src/Core/arch/AltiVec/MatrixProductMMA.h
[18.585s] -- Installing: /workspaces/isaac_ros-dev/src/isaac_ros_nvblox/build/nvblox_ros/nvblox_core/nvblox/eigen/include/eigen3/Eigen/src/Core/arch/AltiVec/MatrixProduct.h
[18.585s] -- Installing: /workspaces/isaac_ros-dev/src/isaac_ros_nvblox/build/nvblox_ros/nvblox_core/nvblox/eigen/include/eigen3/Eigen/src/Core/arch/GPU
[18.585s] -- Installing: /workspaces/isaac_ros-dev/src/isaac_ros_nvblox/build/nvblox_ros/nvblox_core/nvblox/eigen/include/eigen3/Eigen/src/Core/arch/GPU/MathFunctions.h
[18.585s] -- Installing: /workspaces/isaac_ros-dev/src/isaac_ros_nvblox/build/nvblox_ros/nvblox_core/nvblox/eigen/include/eigen3/Eigen/src/Core/arch/GPU/TypeCasting.h
[18.585s] -- Installing: /workspaces/isaac_ros-dev/src/isaac_ros_nvblox/build/nvblox_ros/nvblox_core/nvblox/eigen/include/eigen3/Eigen/src/Core/arch/GPU/PacketMath.h
[18.585s] -- Installing: /workspaces/isaac_ros-dev/src/isaac_ros_nvblox/build/nvblox_ros/nvblox_core/nvblox/eigen/include/eigen3/Eigen/src/Core/arch/NEON
[18.585s] -- Installing: /workspaces/isaac_ros-dev/src/isaac_ros_nvblox/build/nvblox_ros/nvblox_core/nvblox/eigen/include/eigen3/Eigen/src/Core/arch/NEON/MathFunctions.h
[18.585s] -- Installing: /workspaces/isaac_ros-dev/src/isaac_ros_nvblox/build/nvblox_ros/nvblox_core/nvblox/eigen/include/eigen3/Eigen/src/Core/arch/NEON/Complex.h
[18.586s] -- Installing: /workspaces/isaac_ros-dev/src/isaac_ros_nvblox/build/nvblox_ros/nvblox_core/nvblox/eigen/include/eigen3/Eigen/src/Core/arch/NEON/TypeCasting.h
[18.586s] -- Installing: /workspaces/isaac_ros-dev/src/isaac_ros_nvblox/build/nvblox_ros/nvblox_core/nvblox/eigen/include/eigen3/Eigen/src/Core/arch/NEON/PacketMath.h
[18.586s] -- Installing: /workspaces/isaac_ros-dev/src/isaac_ros_nvblox/build/nvblox_ros/nvblox_core/nvblox/eigen/include/eigen3/Eigen/src/Core/arch/NEON/GeneralBlockPanelKernel.h
[18.586s] -- Installing: /workspaces/isaac_ros-dev/src/isaac_ros_nvblox/build/nvblox_ros/nvblox_core/nvblox/eigen/include/eigen3/Eigen/src/Core/arch/CUDA
[18.586s] -- Installing: /workspaces/isaac_ros-dev/src/isaac_ros_nvblox/build/nvblox_ros/nvblox_core/nvblox/eigen/include/eigen3/Eigen/src/Core/arch/CUDA/Complex.h
[18.586s] -- Installing: /workspaces/isaac_ros-dev/src/isaac_ros_nvblox/build/nvblox_ros/nvblox_core/nvblox/eigen/include/eigen3/Eigen/src/Core/arch/Default
[18.587s] -- Installing: /workspaces/isaac_ros-dev/src/isaac_ros_nvblox/build/nvblox_ros/nvblox_core/nvblox/eigen/include/eigen3/Eigen/src/Core/arch/Default/Half.h
[18.587s] -- Installing: /workspaces/isaac_ros-dev/src/isaac_ros_nvblox/build/nvblox_ros/nvblox_core/nvblox/eigen/include/eigen3/Eigen/src/Core/arch/Default/BFloat16.h
[18.587s] -- Installing: /workspaces/isaac_ros-dev/src/isaac_ros_nvblox/build/nvblox_ros/nvblox_core/nvblox/eigen/include/eigen3/Eigen/src/Core/arch/Default/GenericPacketMathFunctionsFwd.h
[18.587s] -- Installing: /workspaces/isaac_ros-dev/src/isaac_ros_nvblox/build/nvblox_ros/nvblox_core/nvblox/eigen/include/eigen3/Eigen/src/Core/arch/Default/TypeCasting.h
[18.587s] -- Installing: /workspaces/isaac_ros-dev/src/isaac_ros_nvblox/build/nvblox_ros/nvblox_core/nvblox/eigen/include/eigen3/Eigen/src/Core/arch/Default/GenericPacketMathFunctions.h
[18.587s] -- Installing: /workspaces/isaac_ros-dev/src/isaac_ros_nvblox/build/nvblox_ros/nvblox_core/nvblox/eigen/include/eigen3/Eigen/src/Core/arch/Default/ConjHelper.h
[18.587s] -- Installing: /workspaces/isaac_ros-dev/src/isaac_ros_nvblox/build/nvblox_ros/nvblox_core/nvblox/eigen/include/eigen3/Eigen/src/Core/arch/Default/Settings.h
[18.588s] -- Installing: /workspaces/isaac_ros-dev/src/isaac_ros_nvblox/build/nvblox_ros/nvblox_core/nvblox/eigen/include/eigen3/Eigen/src/Core/arch/ZVector
[18.588s] -- Installing: /workspaces/isaac_ros-dev/src/isaac_ros_nvblox/build/nvblox_ros/nvblox_core/nvblox/eigen/include/eigen3/Eigen/src/Core/arch/ZVector/MathFunctions.h
[18.588s] -- Installing: /workspaces/isaac_ros-dev/src/isaac_ros_nvblox/build/nvblox_ros/nvblox_core/nvblox/eigen/include/eigen3/Eigen/src/Core/arch/ZVector/Complex.h
[18.588s] -- Installing: /workspaces/isaac_ros-dev/src/isaac_ros_nvblox/build/nvblox_ros/nvblox_core/nvblox/eigen/include/eigen3/Eigen/src/Core/arch/ZVector/PacketMath.h
[18.588s] -- Installing: /workspaces/isaac_ros-dev/src/isaac_ros_nvblox/build/nvblox_ros/nvblox_core/nvblox/eigen/include/eigen3/Eigen/src/Core/arch/SVE
[18.588s] -- Installing: /workspaces/isaac_ros-dev/src/isaac_ros_nvblox/build/nvblox_ros/nvblox_core/nvblox/eigen/include/eigen3/Eigen/src/Core/arch/SVE/MathFunctions.h
[18.588s] -- Installing: /workspaces/isaac_ros-dev/src/isaac_ros_nvblox/build/nvblox_ros/nvblox_core/nvblox/eigen/include/eigen3/Eigen/src/Core/arch/SVE/TypeCasting.h
[18.588s] -- Installing: /workspaces/isaac_ros-dev/src/isaac_ros_nvblox/build/nvblox_ros/nvblox_core/nvblox/eigen/include/eigen3/Eigen/src/Core/arch/SVE/PacketMath.h
[18.589s] -- Installing: /workspaces/isaac_ros-dev/src/isaac_ros_nvblox/build/nvblox_ros/nvblox_core/nvblox/eigen/include/eigen3/Eigen/src/Core/arch/AVX512
[18.589s] -- Installing: /workspaces/isaac_ros-dev/src/isaac_ros_nvblox/build/nvblox_ros/nvblox_core/nvblox/eigen/include/eigen3/Eigen/src/Core/arch/AVX512/MathFunctions.h
[18.589s] -- Installing: /workspaces/isaac_ros-dev/src/isaac_ros_nvblox/build/nvblox_ros/nvblox_core/nvblox/eigen/include/eigen3/Eigen/src/Core/arch/AVX512/Complex.h
[18.589s] -- Installing: /workspaces/isaac_ros-dev/src/isaac_ros_nvblox/build/nvblox_ros/nvblox_core/nvblox/eigen/include/eigen3/Eigen/src/Core/arch/AVX512/TypeCasting.h
[18.589s] -- Installing: /workspaces/isaac_ros-dev/src/isaac_ros_nvblox/build/nvblox_ros/nvblox_core/nvblox/eigen/include/eigen3/Eigen/src/Core/arch/AVX512/PacketMath.h
[18.589s] -- Installing: /workspaces/isaac_ros-dev/src/isaac_ros_nvblox/build/nvblox_ros/nvblox_core/nvblox/eigen/include/eigen3/Eigen/src/Core/arch/SYCL
[18.589s] -- Installing: /workspaces/isaac_ros-dev/src/isaac_ros_nvblox/build/nvblox_ros/nvblox_core/nvblox/eigen/include/eigen3/Eigen/src/Core/arch/SYCL/MathFunctions.h
[18.589s] -- Installing: /workspaces/isaac_ros-dev/src/isaac_ros_nvblox/build/nvblox_ros/nvblox_core/nvblox/eigen/include/eigen3/Eigen/src/Core/arch/SYCL/SyclMemoryModel.h
[18.590s] -- Installing: /workspaces/isaac_ros-dev/src/isaac_ros_nvblox/build/nvblox_ros/nvblox_core/nvblox/eigen/include/eigen3/Eigen/src/Core/arch/SYCL/InteropHeaders.h
[18.590s] -- Installing: /workspaces/isaac_ros-dev/src/isaac_ros_nvblox/build/nvblox_ros/nvblox_core/nvblox/eigen/include/eigen3/Eigen/src/Core/arch/SYCL/TypeCasting.h
[18.590s] -- Installing: /workspaces/isaac_ros-dev/src/isaac_ros_nvblox/build/nvblox_ros/nvblox_core/nvblox/eigen/include/eigen3/Eigen/src/Core/arch/SYCL/PacketMath.h
[18.590s] -- Installing: /workspaces/isaac_ros-dev/src/isaac_ros_nvblox/build/nvblox_ros/nvblox_core/nvblox/eigen/include/eigen3/Eigen/src/LU
[18.590s] -- Installing: /workspaces/isaac_ros-dev/src/isaac_ros_nvblox/build/nvblox_ros/nvblox_core/nvblox/eigen/include/eigen3/Eigen/src/LU/Determinant.h
[18.590s] -- Installing: /workspaces/isaac_ros-dev/src/isaac_ros_nvblox/build/nvblox_ros/nvblox_core/nvblox/eigen/include/eigen3/Eigen/src/LU/FullPivLU.h
[18.590s] -- Installing: /workspaces/isaac_ros-dev/src/isaac_ros_nvblox/build/nvblox_ros/nvblox_core/nvblox/eigen/include/eigen3/Eigen/src/LU/InverseImpl.h
[18.590s] -- Installing: /workspaces/isaac_ros-dev/src/isaac_ros_nvblox/build/nvblox_ros/nvblox_core/nvblox/eigen/include/eigen3/Eigen/src/LU/PartialPivLU.h
[18.591s] -- Installing: /workspaces/isaac_ros-dev/src/isaac_ros_nvblox/build/nvblox_ros/nvblox_core/nvblox/eigen/include/eigen3/Eigen/src/LU/PartialPivLU_LAPACKE.h
[18.591s] -- Installing: /workspaces/isaac_ros-dev/src/isaac_ros_nvblox/build/nvblox_ros/nvblox_core/nvblox/eigen/include/eigen3/Eigen/src/LU/arch
[18.591s] -- Installing: /workspaces/isaac_ros-dev/src/isaac_ros_nvblox/build/nvblox_ros/nvblox_core/nvblox/eigen/include/eigen3/Eigen/src/LU/arch/InverseSize4.h
[18.591s] -- Installing: /workspaces/isaac_ros-dev/src/isaac_ros_nvblox/build/nvblox_ros/nvblox_core/nvblox/eigen/include/eigen3/Eigen/src/plugins
[18.591s] -- Installing: /workspaces/isaac_ros-dev/src/isaac_ros_nvblox/build/nvblox_ros/nvblox_core/nvblox/eigen/include/eigen3/Eigen/src/plugins/BlockMethods.h
[18.591s] -- Installing: /workspaces/isaac_ros-dev/src/isaac_ros_nvblox/build/nvblox_ros/nvblox_core/nvblox/eigen/include/eigen3/Eigen/src/plugins/ReshapedMethods.h
[18.591s] -- Installing: /workspaces/isaac_ros-dev/src/isaac_ros_nvblox/build/nvblox_ros/nvblox_core/nvblox/eigen/include/eigen3/Eigen/src/plugins/ArrayCwiseUnaryOps.h
[18.592s] -- Installing: /workspaces/isaac_ros-dev/src/isaac_ros_nvblox/build/nvblox_ros/nvblox_core/nvblox/eigen/include/eigen3/Eigen/src/plugins/MatrixCwiseUnaryOps.h
[18.592s] -- Installing: /workspaces/isaac_ros-dev/src/isaac_ros_nvblox/build/nvblox_ros/nvblox_core/nvblox/eigen/include/eigen3/Eigen/src/plugins/CommonCwiseBinaryOps.h
[18.592s] -- Installing: /workspaces/isaac_ros-dev/src/isaac_ros_nvblox/build/nvblox_ros/nvblox_core/nvblox/eigen/include/eigen3/Eigen/src/plugins/IndexedViewMethods.h
[18.592s] -- Installing: /workspaces/isaac_ros-dev/src/isaac_ros_nvblox/build/nvblox_ros/nvblox_core/nvblox/eigen/include/eigen3/Eigen/src/plugins/MatrixCwiseBinaryOps.h
[18.592s] -- Installing: /workspaces/isaac_ros-dev/src/isaac_ros_nvblox/build/nvblox_ros/nvblox_core/nvblox/eigen/include/eigen3/Eigen/src/plugins/ArrayCwiseBinaryOps.h
[18.592s] -- Installing: /workspaces/isaac_ros-dev/src/isaac_ros_nvblox/build/nvblox_ros/nvblox_core/nvblox/eigen/include/eigen3/Eigen/src/plugins/CommonCwiseUnaryOps.h
[18.593s] -- Installing: /workspaces/isaac_ros-dev/src/isaac_ros_nvblox/build/nvblox_ros/nvblox_core/nvblox/eigen/include/eigen3/Eigen/src/SparseLU
[18.593s] -- Installing: /workspaces/isaac_ros-dev/src/isaac_ros_nvblox/build/nvblox_ros/nvblox_core/nvblox/eigen/include/eigen3/Eigen/src/SparseLU/SparseLU_panel_bmod.h
[18.593s] -- Installing: /workspaces/isaac_ros-dev/src/isaac_ros_nvblox/build/nvblox_ros/nvblox_core/nvblox/eigen/include/eigen3/Eigen/src/SparseLU/SparseLU_copy_to_ucol.h
[18.593s] -- Installing: /workspaces/isaac_ros-dev/src/isaac_ros_nvblox/build/nvblox_ros/nvblox_core/nvblox/eigen/include/eigen3/Eigen/src/SparseLU/SparseLU_gemm_kernel.h
[18.593s] -- Installing: /workspaces/isaac_ros-dev/src/isaac_ros_nvblox/build/nvblox_ros/nvblox_core/nvblox/eigen/include/eigen3/Eigen/src/SparseLU/SparseLU_column_bmod.h
[18.593s] -- Installing: /workspaces/isaac_ros-dev/src/isaac_ros_nvblox/build/nvblox_ros/nvblox_core/nvblox/eigen/include/eigen3/Eigen/src/SparseLU/SparseLU_column_dfs.h
[18.593s] -- Installing: /workspaces/isaac_ros-dev/src/isaac_ros_nvblox/build/nvblox_ros/nvblox_core/nvblox/eigen/include/eigen3/Eigen/src/SparseLU/SparseLUImpl.h
[18.593s] -- Installing: /workspaces/isaac_ros-dev/src/isaac_ros_nvblox/build/nvblox_ros/nvblox_core/nvblox/eigen/include/eigen3/Eigen/src/SparseLU/SparseLU_Memory.h
[18.594s] -- Installing: /workspaces/isaac_ros-dev/src/isaac_ros_nvblox/build/nvblox_ros/nvblox_core/nvblox/eigen/include/eigen3/Eigen/src/SparseLU/SparseLU_panel_dfs.h
[18.594s] -- Installing: /workspaces/isaac_ros-dev/src/isaac_ros_nvblox/build/nvblox_ros/nvblox_core/nvblox/eigen/include/eigen3/Eigen/src/SparseLU/SparseLU_pruneL.h
[18.594s] -- Installing: /workspaces/isaac_ros-dev/src/isaac_ros_nvblox/build/nvblox_ros/nvblox_core/nvblox/eigen/include/eigen3/Eigen/src/SparseLU/SparseLU_kernel_bmod.h
[18.594s] -- Installing: /workspaces/isaac_ros-dev/src/isaac_ros_nvblox/build/nvblox_ros/nvblox_core/nvblox/eigen/include/eigen3/Eigen/src/SparseLU/SparseLU_Utils.h
[18.594s] -- Installing: /workspaces/isaac_ros-dev/src/isaac_ros_nvblox/build/nvblox_ros/nvblox_core/nvblox/eigen/include/eigen3/Eigen/src/SparseLU/SparseLU_Structs.h
[18.594s] -- Installing: /workspaces/isaac_ros-dev/src/isaac_ros_nvblox/build/nvblox_ros/nvblox_core/nvblox/eigen/include/eigen3/Eigen/src/SparseLU/SparseLU_heap_relax_snode.h
[18.594s] -- Installing: /workspaces/isaac_ros-dev/src/isaac_ros_nvblox/build/nvblox_ros/nvblox_core/nvblox/eigen/include/eigen3/Eigen/src/SparseLU/SparseLU_SupernodalMatrix.h
[18.594s] -- Installing: /workspaces/isaac_ros-dev/src/isaac_ros_nvblox/build/nvblox_ros/nvblox_core/nvblox/eigen/include/eigen3/Eigen/src/SparseLU/SparseLU.h
[18.594s] -- Installing: /workspaces/isaac_ros-dev/src/isaac_ros_nvblox/build/nvblox_ros/nvblox_core/nvblox/eigen/include/eigen3/Eigen/src/SparseLU/SparseLU_relax_snode.h
[18.595s] -- Installing: /workspaces/isaac_ros-dev/src/isaac_ros_nvblox/build/nvblox_ros/nvblox_core/nvblox/eigen/include/eigen3/Eigen/src/SparseLU/SparseLU_pivotL.h
[18.595s] -- Installing: /workspaces/isaac_ros-dev/src/isaac_ros_nvblox/build/nvblox_ros/nvblox_core/nvblox/eigen/include/eigen3/Eigen/src/SPQRSupport
[18.595s] -- Installing: /workspaces/isaac_ros-dev/src/isaac_ros_nvblox/build/nvblox_ros/nvblox_core/nvblox/eigen/include/eigen3/Eigen/src/SPQRSupport/SuiteSparseQRSupport.h
[18.595s] -- Installing: /workspaces/isaac_ros-dev/src/isaac_ros_nvblox/build/nvblox_ros/nvblox_core/nvblox/eigen/include/eigen3/Eigen/src/StlSupport
[18.595s] -- Installing: /workspaces/isaac_ros-dev/src/isaac_ros_nvblox/build/nvblox_ros/nvblox_core/nvblox/eigen/include/eigen3/Eigen/src/StlSupport/details.h
[18.595s] -- Installing: /workspaces/isaac_ros-dev/src/isaac_ros_nvblox/build/nvblox_ros/nvblox_core/nvblox/eigen/include/eigen3/Eigen/src/StlSupport/StdList.h
[18.595s] -- Installing: /workspaces/isaac_ros-dev/src/isaac_ros_nvblox/build/nvblox_ros/nvblox_core/nvblox/eigen/include/eigen3/Eigen/src/StlSupport/StdDeque.h
[18.595s] -- Installing: /workspaces/isaac_ros-dev/src/isaac_ros_nvblox/build/nvblox_ros/nvblox_core/nvblox/eigen/include/eigen3/Eigen/src/StlSupport/StdVector.h
[18.595s] -- Installing: /workspaces/isaac_ros-dev/src/isaac_ros_nvblox/build/nvblox_ros/nvblox_core/nvblox/eigen/include/eigen3/Eigen/src/SparseQR
[18.596s] -- Installing: /workspaces/isaac_ros-dev/src/isaac_ros_nvblox/build/nvblox_ros/nvblox_core/nvblox/eigen/include/eigen3/Eigen/src/SparseQR/SparseQR.h
[18.596s] -- Installing: /workspaces/isaac_ros-dev/src/isaac_ros_nvblox/build/nvblox_ros/nvblox_core/nvblox/eigen/include/eigen3/Eigen/src/PaStiXSupport
[18.596s] -- Installing: /workspaces/isaac_ros-dev/src/isaac_ros_nvblox/build/nvblox_ros/nvblox_core/nvblox/eigen/include/eigen3/Eigen/src/PaStiXSupport/PaStiXSupport.h
[18.596s] -- Installing: /workspaces/isaac_ros-dev/src/isaac_ros_nvblox/build/nvblox_ros/nvblox_core/nvblox/eigen/include/eigen3/Eigen/src/Cholesky
[18.596s] -- Installing: /workspaces/isaac_ros-dev/src/isaac_ros_nvblox/build/nvblox_ros/nvblox_core/nvblox/eigen/include/eigen3/Eigen/src/Cholesky/LLT.h
[18.596s] -- Installing: /workspaces/isaac_ros-dev/src/isaac_ros_nvblox/build/nvblox_ros/nvblox_core/nvblox/eigen/include/eigen3/Eigen/src/Cholesky/LLT_LAPACKE.h
[18.596s] -- Installing: /workspaces/isaac_ros-dev/src/isaac_ros_nvblox/build/nvblox_ros/nvblox_core/nvblox/eigen/include/eigen3/Eigen/src/Cholesky/LDLT.h
[18.596s] -- Installing: /workspaces/isaac_ros-dev/src/isaac_ros_nvblox/build/nvblox_ros/nvblox_core/nvblox/eigen/include/eigen3/Eigen/src/IterativeLinearSolvers
[18.596s] -- Installing: /workspaces/isaac_ros-dev/src/isaac_ros_nvblox/build/nvblox_ros/nvblox_core/nvblox/eigen/include/eigen3/Eigen/src/IterativeLinearSolvers/IncompleteCholesky.h
[18.597s] -- Installing: /workspaces/isaac_ros-dev/src/isaac_ros_nvblox/build/nvblox_ros/nvblox_core/nvblox/eigen/include/eigen3/Eigen/src/IterativeLinearSolvers/BasicPreconditioners.h
[18.597s] -- Installing: /workspaces/isaac_ros-dev/src/isaac_ros_nvblox/build/nvblox_ros/nvblox_core/nvblox/eigen/include/eigen3/Eigen/src/IterativeLinearSolvers/SolveWithGuess.h
[18.597s] -- Installing: /workspaces/isaac_ros-dev/src/isaac_ros_nvblox/build/nvblox_ros/nvblox_core/nvblox/eigen/include/eigen3/Eigen/src/IterativeLinearSolvers/LeastSquareConjugateGradient.h
[18.597s] -- Installing: /workspaces/isaac_ros-dev/src/isaac_ros_nvblox/build/nvblox_ros/nvblox_core/nvblox/eigen/include/eigen3/Eigen/src/IterativeLinearSolvers/IncompleteLUT.h
[18.597s] -- Installing: /workspaces/isaac_ros-dev/src/isaac_ros_nvblox/build/nvblox_ros/nvblox_core/nvblox/eigen/include/eigen3/Eigen/src/IterativeLinearSolvers/BiCGSTAB.h
[18.597s] -- Installing: /workspaces/isaac_ros-dev/src/isaac_ros_nvblox/build/nvblox_ros/nvblox_core/nvblox/eigen/include/eigen3/Eigen/src/IterativeLinearSolvers/ConjugateGradient.h
[18.597s] -- Installing: /workspaces/isaac_ros-dev/src/isaac_ros_nvblox/build/nvblox_ros/nvblox_core/nvblox/eigen/include/eigen3/Eigen/src/IterativeLinearSolvers/IterativeSolverBase.h
[18.598s] -- Installing: /workspaces/isaac_ros-dev/src/isaac_ros_nvblox/build/nvblox_ros/nvblox_core/nvblox/eigen/include/eigen3/Eigen/src/SparseCore
[18.598s] -- Installing: /workspaces/isaac_ros-dev/src/isaac_ros_nvblox/build/nvblox_ros/nvblox_core/nvblox/eigen/include/eigen3/Eigen/src/SparseCore/SparseRedux.h
[18.598s] -- Installing: /workspaces/isaac_ros-dev/src/isaac_ros_nvblox/build/nvblox_ros/nvblox_core/nvblox/eigen/include/eigen3/Eigen/src/SparseCore/SparseMatrix.h
[18.598s] -- Installing: /workspaces/isaac_ros-dev/src/isaac_ros_nvblox/build/nvblox_ros/nvblox_core/nvblox/eigen/include/eigen3/Eigen/src/SparseCore/SparseCwiseUnaryOp.h
[18.598s] -- Installing: /workspaces/isaac_ros-dev/src/isaac_ros_nvblox/build/nvblox_ros/nvblox_core/nvblox/eigen/include/eigen3/Eigen/src/SparseCore/SparseMap.h
[18.598s] -- Installing: /workspaces/isaac_ros-dev/src/isaac_ros_nvblox/build/nvblox_ros/nvblox_core/nvblox/eigen/include/eigen3/Eigen/src/SparseCore/SparseCwiseBinaryOp.h
[18.598s] -- Installing: /workspaces/isaac_ros-dev/src/isaac_ros_nvblox/build/nvblox_ros/nvblox_core/nvblox/eigen/include/eigen3/Eigen/src/SparseCore/SparseFuzzy.h
[18.598s] -- Installing: /workspaces/isaac_ros-dev/src/isaac_ros_nvblox/build/nvblox_ros/nvblox_core/nvblox/eigen/include/eigen3/Eigen/src/SparseCore/SparseVector.h
[18.599s] -- Installing: /workspaces/isaac_ros-dev/src/isaac_ros_nvblox/build/nvblox_ros/nvblox_core/nvblox/eigen/include/eigen3/Eigen/src/SparseCore/SparseSolverBase.h
[18.599s] -- Installing: /workspaces/isaac_ros-dev/src/isaac_ros_nvblox/build/nvblox_ros/nvblox_core/nvblox/eigen/include/eigen3/Eigen/src/SparseCore/CompressedStorage.h
[18.599s] -- Installing: /workspaces/isaac_ros-dev/src/isaac_ros_nvblox/build/nvblox_ros/nvblox_core/nvblox/eigen/include/eigen3/Eigen/src/SparseCore/MappedSparseMatrix.h
[18.599s] -- Installing: /workspaces/isaac_ros-dev/src/isaac_ros_nvblox/build/nvblox_ros/nvblox_core/nvblox/eigen/include/eigen3/Eigen/src/SparseCore/SparseCompressedBase.h
[18.599s] -- Installing: /workspaces/isaac_ros-dev/src/isaac_ros_nvblox/build/nvblox_ros/nvblox_core/nvblox/eigen/include/eigen3/Eigen/src/SparseCore/SparseRef.h
[18.599s] -- Installing: /workspaces/isaac_ros-dev/src/isaac_ros_nvblox/build/nvblox_ros/nvblox_core/nvblox/eigen/include/eigen3/Eigen/src/SparseCore/SparseBlock.h
[18.599s] -- Installing: /workspaces/isaac_ros-dev/src/isaac_ros_nvblox/build/nvblox_ros/nvblox_core/nvblox/eigen/include/eigen3/Eigen/src/SparseCore/SparseSparseProductWithPruning.h
[18.600s] -- Installing: /workspaces/isaac_ros-dev/src/isaac_ros_nvblox/build/nvblox_ros/nvblox_core/nvblox/eigen/include/eigen3/Eigen/src/SparseCore/SparseDiagonalProduct.h
[18.600s] -- Installing: /workspaces/isaac_ros-dev/src/isaac_ros_nvblox/build/nvblox_ros/nvblox_core/nvblox/eigen/include/eigen3/Eigen/src/SparseCore/SparseAssign.h
[18.600s] -- Installing: /workspaces/isaac_ros-dev/src/isaac_ros_nvblox/build/nvblox_ros/nvblox_core/nvblox/eigen/include/eigen3/Eigen/src/SparseCore/ConservativeSparseSparseProduct.h
[18.600s] -- Installing: /workspaces/isaac_ros-dev/src/isaac_ros_nvblox/build/nvblox_ros/nvblox_core/nvblox/eigen/include/eigen3/Eigen/src/SparseCore/SparsePermutation.h
[18.600s] -- Installing: /workspaces/isaac_ros-dev/src/isaac_ros_nvblox/build/nvblox_ros/nvblox_core/nvblox/eigen/include/eigen3/Eigen/src/SparseCore/SparseDot.h
[18.600s] -- Installing: /workspaces/isaac_ros-dev/src/isaac_ros_nvblox/build/nvblox_ros/nvblox_core/nvblox/eigen/include/eigen3/Eigen/src/SparseCore/AmbiVector.h
[18.600s] -- Installing: /workspaces/isaac_ros-dev/src/isaac_ros_nvblox/build/nvblox_ros/nvblox_core/nvblox/eigen/include/eigen3/Eigen/src/SparseCore/SparseTriangularView.h
[18.600s] -- Installing: /workspaces/isaac_ros-dev/src/isaac_ros_nvblox/build/nvblox_ros/nvblox_core/nvblox/eigen/include/eigen3/Eigen/src/SparseCore/SparseProduct.h
[18.601s] -- Installing: /workspaces/isaac_ros-dev/src/isaac_ros_nvblox/build/nvblox_ros/nvblox_core/nvblox/eigen/include/eigen3/Eigen/src/SparseCore/SparseView.h
[18.601s] -- Installing: /workspaces/isaac_ros-dev/src/isaac_ros_nvblox/build/nvblox_ros/nvblox_core/nvblox/eigen/include/eigen3/Eigen/src/SparseCore/SparseColEtree.h
[18.601s] -- Installing: /workspaces/isaac_ros-dev/src/isaac_ros_nvblox/build/nvblox_ros/nvblox_core/nvblox/eigen/include/eigen3/Eigen/src/SparseCore/SparseSelfAdjointView.h
[18.601s] -- Installing: /workspaces/isaac_ros-dev/src/isaac_ros_nvblox/build/nvblox_ros/nvblox_core/nvblox/eigen/include/eigen3/Eigen/src/SparseCore/TriangularSolver.h
[18.601s] -- Installing: /workspaces/isaac_ros-dev/src/isaac_ros_nvblox/build/nvblox_ros/nvblox_core/nvblox/eigen/include/eigen3/Eigen/src/SparseCore/SparseMatrixBase.h
[18.601s] -- Installing: /workspaces/isaac_ros-dev/src/isaac_ros_nvblox/build/nvblox_ros/nvblox_core/nvblox/eigen/include/eigen3/Eigen/src/SparseCore/SparseUtil.h
[18.601s] -- Installing: /workspaces/isaac_ros-dev/src/isaac_ros_nvblox/build/nvblox_ros/nvblox_core/nvblox/eigen/include/eigen3/Eigen/src/SparseCore/SparseDenseProduct.h
[18.601s] -- Installing: /workspaces/isaac_ros-dev/src/isaac_ros_nvblox/build/nvblox_ros/nvblox_core/nvblox/eigen/include/eigen3/Eigen/src/SparseCore/SparseTranspose.h
[18.602s] -- Installing: /workspaces/isaac_ros-dev/src/isaac_ros_nvblox/build/nvblox_ros/nvblox_core/nvblox/eigen/include/eigen3/Eigen/src/QR
[18.602s] -- Installing: /workspaces/isaac_ros-dev/src/isaac_ros_nvblox/build/nvblox_ros/nvblox_core/nvblox/eigen/include/eigen3/Eigen/src/QR/ColPivHouseholderQR_LAPACKE.h
[18.602s] -- Installing: /workspaces/isaac_ros-dev/src/isaac_ros_nvblox/build/nvblox_ros/nvblox_core/nvblox/eigen/include/eigen3/Eigen/src/QR/HouseholderQR.h
[18.602s] -- Installing: /workspaces/isaac_ros-dev/src/isaac_ros_nvblox/build/nvblox_ros/nvblox_core/nvblox/eigen/include/eigen3/Eigen/src/QR/CompleteOrthogonalDecomposition.h
[18.602s] -- Installing: /workspaces/isaac_ros-dev/src/isaac_ros_nvblox/build/nvblox_ros/nvblox_core/nvblox/eigen/include/eigen3/Eigen/src/QR/FullPivHouseholderQR.h
[18.602s] -- Installing: /workspaces/isaac_ros-dev/src/isaac_ros_nvblox/build/nvblox_ros/nvblox_core/nvblox/eigen/include/eigen3/Eigen/src/QR/HouseholderQR_LAPACKE.h
[18.602s] -- Installing: /workspaces/isaac_ros-dev/src/isaac_ros_nvblox/build/nvblox_ros/nvblox_core/nvblox/eigen/include/eigen3/Eigen/src/QR/ColPivHouseholderQR.h
[18.603s] -- Installing: /workspaces/isaac_ros-dev/src/isaac_ros_nvblox/build/nvblox_ros/nvblox_core/nvblox/eigen/include/eigen3/Eigen/src/Jacobi
[18.603s] -- Installing: /workspaces/isaac_ros-dev/src/isaac_ros_nvblox/build/nvblox_ros/nvblox_core/nvblox/eigen/include/eigen3/Eigen/src/Jacobi/Jacobi.h
[18.603s] -- Installing: /workspaces/isaac_ros-dev/src/isaac_ros_nvblox/build/nvblox_ros/nvblox_core/nvblox/eigen/include/eigen3/Eigen/src/Geometry
[18.603s] -- Installing: /workspaces/isaac_ros-dev/src/isaac_ros_nvblox/build/nvblox_ros/nvblox_core/nvblox/eigen/include/eigen3/Eigen/src/Geometry/Quaternion.h
[18.603s] -- Installing: /workspaces/isaac_ros-dev/src/isaac_ros_nvblox/build/nvblox_ros/nvblox_core/nvblox/eigen/include/eigen3/Eigen/src/Geometry/AngleAxis.h
[18.603s] -- Installing: /workspaces/isaac_ros-dev/src/isaac_ros_nvblox/build/nvblox_ros/nvblox_core/nvblox/eigen/include/eigen3/Eigen/src/Geometry/Umeyama.h
[18.603s] -- Installing: /workspaces/isaac_ros-dev/src/isaac_ros_nvblox/build/nvblox_ros/nvblox_core/nvblox/eigen/include/eigen3/Eigen/src/Geometry/Scaling.h
[18.603s] -- Installing: /workspaces/isaac_ros-dev/src/isaac_ros_nvblox/build/nvblox_ros/nvblox_core/nvblox/eigen/include/eigen3/Eigen/src/Geometry/AlignedBox.h
[18.603s] -- Installing: /workspaces/isaac_ros-dev/src/isaac_ros_nvblox/build/nvblox_ros/nvblox_core/nvblox/eigen/include/eigen3/Eigen/src/Geometry/OrthoMethods.h
[18.604s] -- Installing: /workspaces/isaac_ros-dev/src/isaac_ros_nvblox/build/nvblox_ros/nvblox_core/nvblox/eigen/include/eigen3/Eigen/src/Geometry/RotationBase.h
[18.604s] -- Installing: /workspaces/isaac_ros-dev/src/isaac_ros_nvblox/build/nvblox_ros/nvblox_core/nvblox/eigen/include/eigen3/Eigen/src/Geometry/Hyperplane.h
[18.604s] -- Installing: /workspaces/isaac_ros-dev/src/isaac_ros_nvblox/build/nvblox_ros/nvblox_core/nvblox/eigen/include/eigen3/Eigen/src/Geometry/Rotation2D.h
[18.604s] -- Installing: /workspaces/isaac_ros-dev/src/isaac_ros_nvblox/build/nvblox_ros/nvblox_core/nvblox/eigen/include/eigen3/Eigen/src/Geometry/ParametrizedLine.h
[18.604s] -- Installing: /workspaces/isaac_ros-dev/src/isaac_ros_nvblox/build/nvblox_ros/nvblox_core/nvblox/eigen/include/eigen3/Eigen/src/Geometry/Homogeneous.h
[18.604s] -- Installing: /workspaces/isaac_ros-dev/src/isaac_ros_nvblox/build/nvblox_ros/nvblox_core/nvblox/eigen/include/eigen3/Eigen/src/Geometry/EulerAngles.h
[18.604s] -- Installing: /workspaces/isaac_ros-dev/src/isaac_ros_nvblox/build/nvblox_ros/nvblox_core/nvblox/eigen/include/eigen3/Eigen/src/Geometry/Translation.h
[18.605s] -- Installing: /workspaces/isaac_ros-dev/src/isaac_ros_nvblox/build/nvblox_ros/nvblox_core/nvblox/eigen/include/eigen3/Eigen/src/Geometry/Transform.h
[18.605s] -- Installing: /workspaces/isaac_ros-dev/src/isaac_ros_nvblox/build/nvblox_ros/nvblox_core/nvblox/eigen/include/eigen3/Eigen/src/Geometry/arch
[18.605s] -- Installing: /workspaces/isaac_ros-dev/src/isaac_ros_nvblox/build/nvblox_ros/nvblox_core/nvblox/eigen/include/eigen3/Eigen/src/Geometry/arch/Geometry_SIMD.h
[18.605s] -- Installing: /workspaces/isaac_ros-dev/src/isaac_ros_nvblox/build/nvblox_ros/nvblox_core/nvblox/eigen/include/eigen3/Eigen/src/Householder
[18.605s] -- Installing: /workspaces/isaac_ros-dev/src/isaac_ros_nvblox/build/nvblox_ros/nvblox_core/nvblox/eigen/include/eigen3/Eigen/src/Householder/HouseholderSequence.h
[18.605s] -- Installing: /workspaces/isaac_ros-dev/src/isaac_ros_nvblox/build/nvblox_ros/nvblox_core/nvblox/eigen/include/eigen3/Eigen/src/Householder/Householder.h
[18.605s] -- Installing: /workspaces/isaac_ros-dev/src/isaac_ros_nvblox/build/nvblox_ros/nvblox_core/nvblox/eigen/include/eigen3/Eigen/src/Householder/BlockHouseholder.h
[18.605s] -- Installing: /workspaces/isaac_ros-dev/src/isaac_ros_nvblox/build/nvblox_ros/nvblox_core/nvblox/eigen/include/eigen3/Eigen/src/MetisSupport
[18.606s] -- Installing: /workspaces/isaac_ros-dev/src/isaac_ros_nvblox/build/nvblox_ros/nvblox_core/nvblox/eigen/include/eigen3/Eigen/src/MetisSupport/MetisSupport.h
[18.606s] -- Installing: /workspaces/isaac_ros-dev/src/isaac_ros_nvblox/build/nvblox_ros/nvblox_core/nvblox/eigen/include/eigen3/Eigen/src/SVD
[18.606s] -- Installing: /workspaces/isaac_ros-dev/src/isaac_ros_nvblox/build/nvblox_ros/nvblox_core/nvblox/eigen/include/eigen3/Eigen/src/SVD/SVDBase.h
[18.606s] -- Installing: /workspaces/isaac_ros-dev/src/isaac_ros_nvblox/build/nvblox_ros/nvblox_core/nvblox/eigen/include/eigen3/Eigen/src/SVD/JacobiSVD_LAPACKE.h
[18.606s] -- Installing: /workspaces/isaac_ros-dev/src/isaac_ros_nvblox/build/nvblox_ros/nvblox_core/nvblox/eigen/include/eigen3/Eigen/src/SVD/BDCSVD.h
[18.606s] -- Installing: /workspaces/isaac_ros-dev/src/isaac_ros_nvblox/build/nvblox_ros/nvblox_core/nvblox/eigen/include/eigen3/Eigen/src/SVD/JacobiSVD.h
[18.606s] -- Installing: /workspaces/isaac_ros-dev/src/isaac_ros_nvblox/build/nvblox_ros/nvblox_core/nvblox/eigen/include/eigen3/Eigen/src/SVD/UpperBidiagonalization.h
[18.606s] -- Installing: /workspaces/isaac_ros-dev/src/isaac_ros_nvblox/build/nvblox_ros/nvblox_core/nvblox/eigen/include/eigen3/Eigen/src/misc
[18.607s] -- Installing: /workspaces/isaac_ros-dev/src/isaac_ros_nvblox/build/nvblox_ros/nvblox_core/nvblox/eigen/include/eigen3/Eigen/src/misc/RealSvd2x2.h
[18.607s] -- Installing: /workspaces/isaac_ros-dev/src/isaac_ros_nvblox/build/nvblox_ros/nvblox_core/nvblox/eigen/include/eigen3/Eigen/src/misc/Image.h
[18.607s] -- Installing: /workspaces/isaac_ros-dev/src/isaac_ros_nvblox/build/nvblox_ros/nvblox_core/nvblox/eigen/include/eigen3/Eigen/src/misc/lapack.h
[18.607s] -- Installing: /workspaces/isaac_ros-dev/src/isaac_ros_nvblox/build/nvblox_ros/nvblox_core/nvblox/eigen/include/eigen3/Eigen/src/misc/Kernel.h
[18.607s] -- Installing: /workspaces/isaac_ros-dev/src/isaac_ros_nvblox/build/nvblox_ros/nvblox_core/nvblox/eigen/include/eigen3/Eigen/src/misc/lapacke_mangling.h
[18.607s] -- Installing: /workspaces/isaac_ros-dev/src/isaac_ros_nvblox/build/nvblox_ros/nvblox_core/nvblox/eigen/include/eigen3/Eigen/src/misc/blas.h
[18.607s] -- Installing: /workspaces/isaac_ros-dev/src/isaac_ros_nvblox/build/nvblox_ros/nvblox_core/nvblox/eigen/include/eigen3/Eigen/src/misc/lapacke.h
[18.608s] -- Installing: /workspaces/isaac_ros-dev/src/isaac_ros_nvblox/build/nvblox_ros/nvblox_core/nvblox/eigen/include/eigen3/Eigen/src/PardisoSupport
[18.609s] -- Installing: /workspaces/isaac_ros-dev/src/isaac_ros_nvblox/build/nvblox_ros/nvblox_core/nvblox/eigen/include/eigen3/Eigen/src/PardisoSupport/PardisoSupport.h
[18.609s] -- Installing: /workspaces/isaac_ros-dev/src/isaac_ros_nvblox/build/nvblox_ros/nvblox_core/nvblox/eigen/include/eigen3/Eigen/src/OrderingMethods
[18.609s] -- Installing: /workspaces/isaac_ros-dev/src/isaac_ros_nvblox/build/nvblox_ros/nvblox_core/nvblox/eigen/include/eigen3/Eigen/src/OrderingMethods/Eigen_Colamd.h
[18.609s] -- Installing: /workspaces/isaac_ros-dev/src/isaac_ros_nvblox/build/nvblox_ros/nvblox_core/nvblox/eigen/include/eigen3/Eigen/src/OrderingMethods/Ordering.h
[18.609s] -- Installing: /workspaces/isaac_ros-dev/src/isaac_ros_nvblox/build/nvblox_ros/nvblox_core/nvblox/eigen/include/eigen3/Eigen/src/OrderingMethods/Amd.h
[18.609s] -- Installing: /workspaces/isaac_ros-dev/src/isaac_ros_nvblox/build/nvblox_ros/nvblox_core/nvblox/eigen/include/eigen3/Eigen/src/SparseCholesky
[18.609s] -- Installing: /workspaces/isaac_ros-dev/src/isaac_ros_nvblox/build/nvblox_ros/nvblox_core/nvblox/eigen/include/eigen3/Eigen/src/SparseCholesky/SimplicialCholesky.h
[18.609s] -- Installing: /workspaces/isaac_ros-dev/src/isaac_ros_nvblox/build/nvblox_ros/nvblox_core/nvblox/eigen/include/eigen3/Eigen/src/SparseCholesky/SimplicialCholesky_impl.h
[18.609s] -- Installing: /workspaces/isaac_ros-dev/src/isaac_ros_nvblox/build/nvblox_ros/nvblox_core/nvblox/eigen/include/eigen3/Eigen/src/Eigenvalues
[18.610s] -- Installing: /workspaces/isaac_ros-dev/src/isaac_ros_nvblox/build/nvblox_ros/nvblox_core/nvblox/eigen/include/eigen3/Eigen/src/Eigenvalues/ComplexSchur_LAPACKE.h
[18.610s] -- Installing: /workspaces/isaac_ros-dev/src/isaac_ros_nvblox/build/nvblox_ros/nvblox_core/nvblox/eigen/include/eigen3/Eigen/src/Eigenvalues/ComplexSchur.h
[18.610s] -- Installing: /workspaces/isaac_ros-dev/src/isaac_ros_nvblox/build/nvblox_ros/nvblox_core/nvblox/eigen/include/eigen3/Eigen/src/Eigenvalues/ComplexEigenSolver.h
[18.610s] -- Installing: /workspaces/isaac_ros-dev/src/isaac_ros_nvblox/build/nvblox_ros/nvblox_core/nvblox/eigen/include/eigen3/Eigen/src/Eigenvalues/RealQZ.h
[18.610s] -- Installing: /workspaces/isaac_ros-dev/src/isaac_ros_nvblox/build/nvblox_ros/nvblox_core/nvblox/eigen/include/eigen3/Eigen/src/Eigenvalues/SelfAdjointEigenSolver.h
[18.610s] -- Installing: /workspaces/isaac_ros-dev/src/isaac_ros_nvblox/build/nvblox_ros/nvblox_core/nvblox/eigen/include/eigen3/Eigen/src/Eigenvalues/GeneralizedEigenSolver.h
[18.610s] -- Installing: /workspaces/isaac_ros-dev/src/isaac_ros_nvblox/build/nvblox_ros/nvblox_core/nvblox/eigen/include/eigen3/Eigen/src/Eigenvalues/SelfAdjointEigenSolver_LAPACKE.h
[18.611s] -- Installing: /workspaces/isaac_ros-dev/src/isaac_ros_nvblox/build/nvblox_ros/nvblox_core/nvblox/eigen/include/eigen3/Eigen/src/Eigenvalues/Tridiagonalization.h
[18.611s] -- Installing: /workspaces/isaac_ros-dev/src/isaac_ros_nvblox/build/nvblox_ros/nvblox_core/nvblox/eigen/include/eigen3/Eigen/src/Eigenvalues/GeneralizedSelfAdjointEigenSolver.h
[18.611s] -- Installing: /workspaces/isaac_ros-dev/src/isaac_ros_nvblox/build/nvblox_ros/nvblox_core/nvblox/eigen/include/eigen3/Eigen/src/Eigenvalues/EigenSolver.h
[18.611s] -- Installing: /workspaces/isaac_ros-dev/src/isaac_ros_nvblox/build/nvblox_ros/nvblox_core/nvblox/eigen/include/eigen3/Eigen/src/Eigenvalues/MatrixBaseEigenvalues.h
[18.611s] -- Installing: /workspaces/isaac_ros-dev/src/isaac_ros_nvblox/build/nvblox_ros/nvblox_core/nvblox/eigen/include/eigen3/Eigen/src/Eigenvalues/RealSchur_LAPACKE.h
[18.611s] -- Installing: /workspaces/isaac_ros-dev/src/isaac_ros_nvblox/build/nvblox_ros/nvblox_core/nvblox/eigen/include/eigen3/Eigen/src/Eigenvalues/RealSchur.h
[18.611s] -- Installing: /workspaces/isaac_ros-dev/src/isaac_ros_nvblox/build/nvblox_ros/nvblox_core/nvblox/eigen/include/eigen3/Eigen/src/Eigenvalues/HessenbergDecomposition.h
[18.611s] -- Installing: /workspaces/isaac_ros-dev/src/isaac_ros_nvblox/build/nvblox_ros/nvblox_core/nvblox/eigen/include/eigen3/Eigen/src/SuperLUSupport
[18.612s] -- Installing: /workspaces/isaac_ros-dev/src/isaac_ros_nvblox/build/nvblox_ros/nvblox_core/nvblox/eigen/include/eigen3/Eigen/src/SuperLUSupport/SuperLUSupport.h
[18.612s] -- Installing: /workspaces/isaac_ros-dev/src/isaac_ros_nvblox/build/nvblox_ros/nvblox_core/nvblox/eigen/include/eigen3/Eigen/src/UmfPackSupport
[18.612s] -- Installing: /workspaces/isaac_ros-dev/src/isaac_ros_nvblox/build/nvblox_ros/nvblox_core/nvblox/eigen/include/eigen3/Eigen/src/UmfPackSupport/UmfPackSupport.h
[18.612s] -- Installing: /workspaces/isaac_ros-dev/src/isaac_ros_nvblox/build/nvblox_ros/nvblox_core/nvblox/eigen/include/eigen3/Eigen/KLUSupport
[18.612s] -- Installing: /workspaces/isaac_ros-dev/src/isaac_ros_nvblox/build/nvblox_ros/nvblox_core/nvblox/eigen/include/eigen3/Eigen/Core
[18.612s] -- Installing: /workspaces/isaac_ros-dev/src/isaac_ros_nvblox/build/nvblox_ros/nvblox_core/nvblox/eigen/include/eigen3/Eigen/LU
[18.612s] -- Installing: /workspaces/isaac_ros-dev/src/isaac_ros_nvblox/build/nvblox_ros/nvblox_core/nvblox/eigen/include/eigen3/Eigen/QtAlignedMalloc
[18.612s] -- Installing: /workspaces/isaac_ros-dev/src/isaac_ros_nvblox/build/nvblox_ros/nvblox_core/nvblox/eigen/include/eigen3/Eigen/SparseLU
[18.613s] -- Installing: /workspaces/isaac_ros-dev/src/isaac_ros_nvblox/build/nvblox_ros/nvblox_core/nvblox/eigen/include/eigen3/Eigen/SPQRSupport
[18.613s] -- Installing: /workspaces/isaac_ros-dev/src/isaac_ros_nvblox/build/nvblox_ros/nvblox_core/nvblox/eigen/include/eigen3/Eigen/StdDeque
[18.613s] -- Installing: /workspaces/isaac_ros-dev/src/isaac_ros_nvblox/build/nvblox_ros/nvblox_core/nvblox/eigen/include/eigen3/Eigen/SparseQR
[18.613s] -- Installing: /workspaces/isaac_ros-dev/src/isaac_ros_nvblox/build/nvblox_ros/nvblox_core/nvblox/eigen/include/eigen3/Eigen/PaStiXSupport
[18.613s] -- Installing: /workspaces/isaac_ros-dev/src/isaac_ros_nvblox/build/nvblox_ros/nvblox_core/nvblox/eigen/include/eigen3/Eigen/Cholesky
[18.613s] -- Installing: /workspaces/isaac_ros-dev/src/isaac_ros_nvblox/build/nvblox_ros/nvblox_core/nvblox/eigen/include/eigen3/Eigen/IterativeLinearSolvers
[18.613s] -- Installing: /workspaces/isaac_ros-dev/src/isaac_ros_nvblox/build/nvblox_ros/nvblox_core/nvblox/eigen/include/eigen3/Eigen/StdVector
[18.613s] -- Installing: /workspaces/isaac_ros-dev/src/isaac_ros_nvblox/build/nvblox_ros/nvblox_core/nvblox/eigen/include/eigen3/Eigen/SparseCore
[18.614s] -- Installing: /workspaces/isaac_ros-dev/src/isaac_ros_nvblox/build/nvblox_ros/nvblox_core/nvblox/eigen/include/eigen3/Eigen/QR
[18.614s] -- Installing: /workspaces/isaac_ros-dev/src/isaac_ros_nvblox/build/nvblox_ros/nvblox_core/nvblox/eigen/include/eigen3/Eigen/Jacobi
[18.614s] -- Installing: /workspaces/isaac_ros-dev/src/isaac_ros_nvblox/build/nvblox_ros/nvblox_core/nvblox/eigen/include/eigen3/Eigen/StdList
[18.614s] -- Installing: /workspaces/isaac_ros-dev/src/isaac_ros_nvblox/build/nvblox_ros/nvblox_core/nvblox/eigen/include/eigen3/Eigen/Geometry
[18.614s] -- Installing: /workspaces/isaac_ros-dev/src/isaac_ros_nvblox/build/nvblox_ros/nvblox_core/nvblox/eigen/include/eigen3/Eigen/Householder
[18.614s] -- Installing: /workspaces/isaac_ros-dev/src/isaac_ros_nvblox/build/nvblox_ros/nvblox_core/nvblox/eigen/include/eigen3/Eigen/MetisSupport
[18.614s] -- Installing: /workspaces/isaac_ros-dev/src/isaac_ros_nvblox/build/nvblox_ros/nvblox_core/nvblox/eigen/include/eigen3/Eigen/Eigen
[18.614s] -- Installing: /workspaces/isaac_ros-dev/src/isaac_ros_nvblox/build/nvblox_ros/nvblox_core/nvblox/eigen/include/eigen3/Eigen/SVD
[18.614s] -- Installing: /workspaces/isaac_ros-dev/src/isaac_ros_nvblox/build/nvblox_ros/nvblox_core/nvblox/eigen/include/eigen3/Eigen/Dense
[18.615s] -- Installing: /workspaces/isaac_ros-dev/src/isaac_ros_nvblox/build/nvblox_ros/nvblox_core/nvblox/eigen/include/eigen3/Eigen/PardisoSupport
[18.615s] -- Installing: /workspaces/isaac_ros-dev/src/isaac_ros_nvblox/build/nvblox_ros/nvblox_core/nvblox/eigen/include/eigen3/Eigen/OrderingMethods
[18.615s] -- Installing: /workspaces/isaac_ros-dev/src/isaac_ros_nvblox/build/nvblox_ros/nvblox_core/nvblox/eigen/include/eigen3/Eigen/Sparse
[18.615s] -- Installing: /workspaces/isaac_ros-dev/src/isaac_ros_nvblox/build/nvblox_ros/nvblox_core/nvblox/eigen/include/eigen3/Eigen/SparseCholesky
[18.615s] -- Installing: /workspaces/isaac_ros-dev/src/isaac_ros_nvblox/build/nvblox_ros/nvblox_core/nvblox/eigen/include/eigen3/Eigen/Eigenvalues
[18.615s] -- Installing: /workspaces/isaac_ros-dev/src/isaac_ros_nvblox/build/nvblox_ros/nvblox_core/nvblox/eigen/include/eigen3/Eigen/SuperLUSupport
[18.615s] -- Installing: /workspaces/isaac_ros-dev/src/isaac_ros_nvblox/build/nvblox_ros/nvblox_core/nvblox/eigen/include/eigen3/Eigen/UmfPackSupport
[18.616s] -- Installing: /workspaces/isaac_ros-dev/src/isaac_ros_nvblox/build/nvblox_ros/nvblox_core/nvblox/eigen/share/eigen3/cmake/Eigen3Targets.cmake
[18.616s] -- Installing: /workspaces/isaac_ros-dev/src/isaac_ros_nvblox/build/nvblox_ros/nvblox_core/nvblox/eigen/share/eigen3/cmake/UseEigen3.cmake
[18.616s] -- Installing: /workspaces/isaac_ros-dev/src/isaac_ros_nvblox/build/nvblox_ros/nvblox_core/nvblox/eigen/share/eigen3/cmake/Eigen3Config.cmake
[18.616s] -- Installing: /workspaces/isaac_ros-dev/src/isaac_ros_nvblox/build/nvblox_ros/nvblox_core/nvblox/eigen/share/eigen3/cmake/Eigen3ConfigVersion.cmake
[18.617s] -- Installing: /workspaces/isaac_ros-dev/src/isaac_ros_nvblox/build/nvblox_ros/nvblox_core/nvblox/eigen/include/eigen3/unsupported/Eigen/AdolcForward
[18.617s] -- Installing: /workspaces/isaac_ros-dev/src/isaac_ros_nvblox/build/nvblox_ros/nvblox_core/nvblox/eigen/include/eigen3/unsupported/Eigen/AlignedVector3
[18.617s] -- Installing: /workspaces/isaac_ros-dev/src/isaac_ros_nvblox/build/nvblox_ros/nvblox_core/nvblox/eigen/include/eigen3/unsupported/Eigen/ArpackSupport
[18.617s] -- Installing: /workspaces/isaac_ros-dev/src/isaac_ros_nvblox/build/nvblox_ros/nvblox_core/nvblox/eigen/include/eigen3/unsupported/Eigen/AutoDiff
[18.617s] -- Installing: /workspaces/isaac_ros-dev/src/isaac_ros_nvblox/build/nvblox_ros/nvblox_core/nvblox/eigen/include/eigen3/unsupported/Eigen/BVH
[18.617s] -- Installing: /workspaces/isaac_ros-dev/src/isaac_ros_nvblox/build/nvblox_ros/nvblox_core/nvblox/eigen/include/eigen3/unsupported/Eigen/EulerAngles
[18.617s] -- Installing: /workspaces/isaac_ros-dev/src/isaac_ros_nvblox/build/nvblox_ros/nvblox_core/nvblox/eigen/include/eigen3/unsupported/Eigen/FFT
[18.618s] -- Installing: /workspaces/isaac_ros-dev/src/isaac_ros_nvblox/build/nvblox_ros/nvblox_core/nvblox/eigen/include/eigen3/unsupported/Eigen/IterativeSolvers
[18.618s] -- Installing: /workspaces/isaac_ros-dev/src/isaac_ros_nvblox/build/nvblox_ros/nvblox_core/nvblox/eigen/include/eigen3/unsupported/Eigen/KroneckerProduct
[18.618s] -- Installing: /workspaces/isaac_ros-dev/src/isaac_ros_nvblox/build/nvblox_ros/nvblox_core/nvblox/eigen/include/eigen3/unsupported/Eigen/LevenbergMarquardt
[18.618s] -- Installing: /workspaces/isaac_ros-dev/src/isaac_ros_nvblox/build/nvblox_ros/nvblox_core/nvblox/eigen/include/eigen3/unsupported/Eigen/MatrixFunctions
[18.618s] -- Installing: /workspaces/isaac_ros-dev/src/isaac_ros_nvblox/build/nvblox_ros/nvblox_core/nvblox/eigen/include/eigen3/unsupported/Eigen/MoreVectorization
[18.618s] -- Installing: /workspaces/isaac_ros-dev/src/isaac_ros_nvblox/build/nvblox_ros/nvblox_core/nvblox/eigen/include/eigen3/unsupported/Eigen/MPRealSupport
[18.618s] -- Installing: /workspaces/isaac_ros-dev/src/isaac_ros_nvblox/build/nvblox_ros/nvblox_core/nvblox/eigen/include/eigen3/unsupported/Eigen/NonLinearOptimization
[18.618s] -- Installing: /workspaces/isaac_ros-dev/src/isaac_ros_nvblox/build/nvblox_ros/nvblox_core/nvblox/eigen/include/eigen3/unsupported/Eigen/NumericalDiff
[18.618s] -- Installing: /workspaces/isaac_ros-dev/src/isaac_ros_nvblox/build/nvblox_ros/nvblox_core/nvblox/eigen/include/eigen3/unsupported/Eigen/OpenGLSupport
[18.619s] -- Installing: /workspaces/isaac_ros-dev/src/isaac_ros_nvblox/build/nvblox_ros/nvblox_core/nvblox/eigen/include/eigen3/unsupported/Eigen/Polynomials
[18.619s] -- Installing: /workspaces/isaac_ros-dev/src/isaac_ros_nvblox/build/nvblox_ros/nvblox_core/nvblox/eigen/include/eigen3/unsupported/Eigen/Skyline
[18.619s] -- Installing: /workspaces/isaac_ros-dev/src/isaac_ros_nvblox/build/nvblox_ros/nvblox_core/nvblox/eigen/include/eigen3/unsupported/Eigen/SparseExtra
[18.619s] -- Installing: /workspaces/isaac_ros-dev/src/isaac_ros_nvblox/build/nvblox_ros/nvblox_core/nvblox/eigen/include/eigen3/unsupported/Eigen/SpecialFunctions
[18.619s] -- Installing: /workspaces/isaac_ros-dev/src/isaac_ros_nvblox/build/nvblox_ros/nvblox_core/nvblox/eigen/include/eigen3/unsupported/Eigen/Splines
[18.619s] -- Installing: /workspaces/isaac_ros-dev/src/isaac_ros_nvblox/build/nvblox_ros/nvblox_core/nvblox/eigen/include/eigen3/unsupported/Eigen/src
[18.619s] -- Installing: /workspaces/isaac_ros-dev/src/isaac_ros_nvblox/build/nvblox_ros/nvblox_core/nvblox/eigen/include/eigen3/unsupported/Eigen/src/EulerAngles
[18.620s] -- Installing: /workspaces/isaac_ros-dev/src/isaac_ros_nvblox/build/nvblox_ros/nvblox_core/nvblox/eigen/include/eigen3/unsupported/Eigen/src/EulerAngles/EulerSystem.h
[18.620s] -- Installing: /workspaces/isaac_ros-dev/src/isaac_ros_nvblox/build/nvblox_ros/nvblox_core/nvblox/eigen/include/eigen3/unsupported/Eigen/src/EulerAngles/EulerAngles.h
[18.620s] -- Installing: /workspaces/isaac_ros-dev/src/isaac_ros_nvblox/build/nvblox_ros/nvblox_core/nvblox/eigen/include/eigen3/unsupported/Eigen/src/FFT
[18.620s] -- Installing: /workspaces/isaac_ros-dev/src/isaac_ros_nvblox/build/nvblox_ros/nvblox_core/nvblox/eigen/include/eigen3/unsupported/Eigen/src/FFT/ei_kissfft_impl.h
[18.620s] -- Installing: /workspaces/isaac_ros-dev/src/isaac_ros_nvblox/build/nvblox_ros/nvblox_core/nvblox/eigen/include/eigen3/unsupported/Eigen/src/FFT/ei_fftw_impl.h
[18.620s] -- Installing: /workspaces/isaac_ros-dev/src/isaac_ros_nvblox/build/nvblox_ros/nvblox_core/nvblox/eigen/include/eigen3/unsupported/Eigen/src/Skyline
[18.620s] -- Installing: /workspaces/isaac_ros-dev/src/isaac_ros_nvblox/build/nvblox_ros/nvblox_core/nvblox/eigen/include/eigen3/unsupported/Eigen/src/Skyline/SkylineUtil.h
[18.620s] -- Installing: /workspaces/isaac_ros-dev/src/isaac_ros_nvblox/build/nvblox_ros/nvblox_core/nvblox/eigen/include/eigen3/unsupported/Eigen/src/Skyline/SkylineProduct.h
[18.620s] -- Installing: /workspaces/isaac_ros-dev/src/isaac_ros_nvblox/build/nvblox_ros/nvblox_core/nvblox/eigen/include/eigen3/unsupported/Eigen/src/Skyline/SkylineStorage.h
[18.621s] -- Installing: /workspaces/isaac_ros-dev/src/isaac_ros_nvblox/build/nvblox_ros/nvblox_core/nvblox/eigen/include/eigen3/unsupported/Eigen/src/Skyline/SkylineMatrixBase.h
[18.621s] -- Installing: /workspaces/isaac_ros-dev/src/isaac_ros_nvblox/build/nvblox_ros/nvblox_core/nvblox/eigen/include/eigen3/unsupported/Eigen/src/Skyline/SkylineInplaceLU.h
[18.621s] -- Installing: /workspaces/isaac_ros-dev/src/isaac_ros_nvblox/build/nvblox_ros/nvblox_core/nvblox/eigen/include/eigen3/unsupported/Eigen/src/Skyline/SkylineMatrix.h
[18.621s] -- Installing: /workspaces/isaac_ros-dev/src/isaac_ros_nvblox/build/nvblox_ros/nvblox_core/nvblox/eigen/include/eigen3/unsupported/Eigen/src/NumericalDiff
[18.621s] -- Installing: /workspaces/isaac_ros-dev/src/isaac_ros_nvblox/build/nvblox_ros/nvblox_core/nvblox/eigen/include/eigen3/unsupported/Eigen/src/NumericalDiff/NumericalDiff.h
[18.621s] -- Installing: /workspaces/isaac_ros-dev/src/isaac_ros_nvblox/build/nvblox_ros/nvblox_core/nvblox/eigen/include/eigen3/unsupported/Eigen/src/KroneckerProduct
[18.621s] -- Installing: /workspaces/isaac_ros-dev/src/isaac_ros_nvblox/build/nvblox_ros/nvblox_core/nvblox/eigen/include/eigen3/unsupported/Eigen/src/KroneckerProduct/KroneckerTensorProduct.h
[18.621s] -- Installing: /workspaces/isaac_ros-dev/src/isaac_ros_nvblox/build/nvblox_ros/nvblox_core/nvblox/eigen/include/eigen3/unsupported/Eigen/src/SparseExtra
[18.622s] -- Installing: /workspaces/isaac_ros-dev/src/isaac_ros_nvblox/build/nvblox_ros/nvblox_core/nvblox/eigen/include/eigen3/unsupported/Eigen/src/SparseExtra/BlockSparseMatrix.h
[18.622s] -- Installing: /workspaces/isaac_ros-dev/src/isaac_ros_nvblox/build/nvblox_ros/nvblox_core/nvblox/eigen/include/eigen3/unsupported/Eigen/src/SparseExtra/MatrixMarketIterator.h
[18.622s] -- Installing: /workspaces/isaac_ros-dev/src/isaac_ros_nvblox/build/nvblox_ros/nvblox_core/nvblox/eigen/include/eigen3/unsupported/Eigen/src/SparseExtra/BlockOfDynamicSparseMatrix.h
[18.622s] -- Installing: /workspaces/isaac_ros-dev/src/isaac_ros_nvblox/build/nvblox_ros/nvblox_core/nvblox/eigen/include/eigen3/unsupported/Eigen/src/SparseExtra/DynamicSparseMatrix.h
[18.622s] -- Installing: /workspaces/isaac_ros-dev/src/isaac_ros_nvblox/build/nvblox_ros/nvblox_core/nvblox/eigen/include/eigen3/unsupported/Eigen/src/SparseExtra/MarketIO.h
[18.622s] -- Installing: /workspaces/isaac_ros-dev/src/isaac_ros_nvblox/build/nvblox_ros/nvblox_core/nvblox/eigen/include/eigen3/unsupported/Eigen/src/SparseExtra/RandomSetter.h
[18.622s] -- Installing: /workspaces/isaac_ros-dev/src/isaac_ros_nvblox/build/nvblox_ros/nvblox_core/nvblox/eigen/include/eigen3/unsupported/Eigen/src/IterativeSolvers
[18.622s] -- Installing: /workspaces/isaac_ros-dev/src/isaac_ros_nvblox/build/nvblox_ros/nvblox_core/nvblox/eigen/include/eigen3/unsupported/Eigen/src/IterativeSolvers/DGMRES.h
[18.623s] -- Installing: /workspaces/isaac_ros-dev/src/isaac_ros_nvblox/build/nvblox_ros/nvblox_core/nvblox/eigen/include/eigen3/unsupported/Eigen/src/IterativeSolvers/MINRES.h
[18.623s] -- Installing: /workspaces/isaac_ros-dev/src/isaac_ros_nvblox/build/nvblox_ros/nvblox_core/nvblox/eigen/include/eigen3/unsupported/Eigen/src/IterativeSolvers/IDRS.h
[18.623s] -- Installing: /workspaces/isaac_ros-dev/src/isaac_ros_nvblox/build/nvblox_ros/nvblox_core/nvblox/eigen/include/eigen3/unsupported/Eigen/src/IterativeSolvers/GMRES.h
[18.623s] -- Installing: /workspaces/isaac_ros-dev/src/isaac_ros_nvblox/build/nvblox_ros/nvblox_core/nvblox/eigen/include/eigen3/unsupported/Eigen/src/IterativeSolvers/IncompleteLU.h
[18.623s] -- Installing: /workspaces/isaac_ros-dev/src/isaac_ros_nvblox/build/nvblox_ros/nvblox_core/nvblox/eigen/include/eigen3/unsupported/Eigen/src/IterativeSolvers/IterationController.h
[18.623s] -- Installing: /workspaces/isaac_ros-dev/src/isaac_ros_nvblox/build/nvblox_ros/nvblox_core/nvblox/eigen/include/eigen3/unsupported/Eigen/src/IterativeSolvers/Scaling.h
[18.623s] -- Installing: /workspaces/isaac_ros-dev/src/isaac_ros_nvblox/build/nvblox_ros/nvblox_core/nvblox/eigen/include/eigen3/unsupported/Eigen/src/IterativeSolvers/ConstrainedConjGrad.h
[18.624s] -- Installing: /workspaces/isaac_ros-dev/src/isaac_ros_nvblox/build/nvblox_ros/nvblox_core/nvblox/eigen/include/eigen3/unsupported/Eigen/src/BVH
[18.624s] -- Installing: /workspaces/isaac_ros-dev/src/isaac_ros_nvblox/build/nvblox_ros/nvblox_core/nvblox/eigen/include/eigen3/unsupported/Eigen/src/BVH/KdBVH.h
[18.624s] -- Installing: /workspaces/isaac_ros-dev/src/isaac_ros_nvblox/build/nvblox_ros/nvblox_core/nvblox/eigen/include/eigen3/unsupported/Eigen/src/BVH/BVAlgorithms.h
[18.624s] -- Installing: /workspaces/isaac_ros-dev/src/isaac_ros_nvblox/build/nvblox_ros/nvblox_core/nvblox/eigen/include/eigen3/unsupported/Eigen/src/SpecialFunctions
[18.624s] -- Installing: /workspaces/isaac_ros-dev/src/isaac_ros_nvblox/build/nvblox_ros/nvblox_core/nvblox/eigen/include/eigen3/unsupported/Eigen/src/SpecialFunctions/BesselFunctionsBFloat16.h
[18.624s] -- Installing: /workspaces/isaac_ros-dev/src/isaac_ros_nvblox/build/nvblox_ros/nvblox_core/nvblox/eigen/include/eigen3/unsupported/Eigen/src/SpecialFunctions/SpecialFunctionsHalf.h
[18.624s] -- Installing: /workspaces/isaac_ros-dev/src/isaac_ros_nvblox/build/nvblox_ros/nvblox_core/nvblox/eigen/include/eigen3/unsupported/Eigen/src/SpecialFunctions/SpecialFunctionsImpl.h
[18.624s] -- Installing: /workspaces/isaac_ros-dev/src/isaac_ros_nvblox/build/nvblox_ros/nvblox_core/nvblox/eigen/include/eigen3/unsupported/Eigen/src/SpecialFunctions/BesselFunctionsPacketMath.h
[18.625s] -- Installing: /workspaces/isaac_ros-dev/src/isaac_ros_nvblox/build/nvblox_ros/nvblox_core/nvblox/eigen/include/eigen3/unsupported/Eigen/src/SpecialFunctions/SpecialFunctionsFunctors.h
[18.625s] -- Installing: /workspaces/isaac_ros-dev/src/isaac_ros_nvblox/build/nvblox_ros/nvblox_core/nvblox/eigen/include/eigen3/unsupported/Eigen/src/SpecialFunctions/SpecialFunctionsPacketMath.h
[18.625s] -- Installing: /workspaces/isaac_ros-dev/src/isaac_ros_nvblox/build/nvblox_ros/nvblox_core/nvblox/eigen/include/eigen3/unsupported/Eigen/src/SpecialFunctions/HipVectorCompatibility.h
[18.625s] -- Installing: /workspaces/isaac_ros-dev/src/isaac_ros_nvblox/build/nvblox_ros/nvblox_core/nvblox/eigen/include/eigen3/unsupported/Eigen/src/SpecialFunctions/BesselFunctionsImpl.h
[18.625s] -- Installing: /workspaces/isaac_ros-dev/src/isaac_ros_nvblox/build/nvblox_ros/nvblox_core/nvblox/eigen/include/eigen3/unsupported/Eigen/src/SpecialFunctions/SpecialFunctionsArrayAPI.h
[18.625s] -- Installing: /workspaces/isaac_ros-dev/src/isaac_ros_nvblox/build/nvblox_ros/nvblox_core/nvblox/eigen/include/eigen3/unsupported/Eigen/src/SpecialFunctions/BesselFunctionsFunctors.h
[18.625s] -- Installing: /workspaces/isaac_ros-dev/src/isaac_ros_nvblox/build/nvblox_ros/nvblox_core/nvblox/eigen/include/eigen3/unsupported/Eigen/src/SpecialFunctions/SpecialFunctionsBFloat16.h
[18.626s] -- Installing: /workspaces/isaac_ros-dev/src/isaac_ros_nvblox/build/nvblox_ros/nvblox_core/nvblox/eigen/include/eigen3/unsupported/Eigen/src/SpecialFunctions/BesselFunctionsHalf.h
[18.626s] -- Installing: /workspaces/isaac_ros-dev/src/isaac_ros_nvblox/build/nvblox_ros/nvblox_core/nvblox/eigen/include/eigen3/unsupported/Eigen/src/SpecialFunctions/BesselFunctionsArrayAPI.h
[18.626s] -- Installing: /workspaces/isaac_ros-dev/src/isaac_ros_nvblox/build/nvblox_ros/nvblox_core/nvblox/eigen/include/eigen3/unsupported/Eigen/src/SpecialFunctions/arch
[18.626s] -- Installing: /workspaces/isaac_ros-dev/src/isaac_ros_nvblox/build/nvblox_ros/nvblox_core/nvblox/eigen/include/eigen3/unsupported/Eigen/src/SpecialFunctions/arch/AVX
[18.626s] -- Installing: /workspaces/isaac_ros-dev/src/isaac_ros_nvblox/build/nvblox_ros/nvblox_core/nvblox/eigen/include/eigen3/unsupported/Eigen/src/SpecialFunctions/arch/AVX/SpecialFunctions.h
[18.626s] -- Installing: /workspaces/isaac_ros-dev/src/isaac_ros_nvblox/build/nvblox_ros/nvblox_core/nvblox/eigen/include/eigen3/unsupported/Eigen/src/SpecialFunctions/arch/AVX/BesselFunctions.h
[18.626s] -- Installing: /workspaces/isaac_ros-dev/src/isaac_ros_nvblox/build/nvblox_ros/nvblox_core/nvblox/eigen/include/eigen3/unsupported/Eigen/src/SpecialFunctions/arch/GPU
[18.626s] -- Installing: /workspaces/isaac_ros-dev/src/isaac_ros_nvblox/build/nvblox_ros/nvblox_core/nvblox/eigen/include/eigen3/unsupported/Eigen/src/SpecialFunctions/arch/GPU/SpecialFunctions.h
[18.626s] -- Installing: /workspaces/isaac_ros-dev/src/isaac_ros_nvblox/build/nvblox_ros/nvblox_core/nvblox/eigen/include/eigen3/unsupported/Eigen/src/SpecialFunctions/arch/NEON
[18.627s] -- Installing: /workspaces/isaac_ros-dev/src/isaac_ros_nvblox/build/nvblox_ros/nvblox_core/nvblox/eigen/include/eigen3/unsupported/Eigen/src/SpecialFunctions/arch/NEON/SpecialFunctions.h
[18.627s] -- Installing: /workspaces/isaac_ros-dev/src/isaac_ros_nvblox/build/nvblox_ros/nvblox_core/nvblox/eigen/include/eigen3/unsupported/Eigen/src/SpecialFunctions/arch/NEON/BesselFunctions.h
[18.627s] -- Installing: /workspaces/isaac_ros-dev/src/isaac_ros_nvblox/build/nvblox_ros/nvblox_core/nvblox/eigen/include/eigen3/unsupported/Eigen/src/SpecialFunctions/arch/AVX512
[18.627s] -- Installing: /workspaces/isaac_ros-dev/src/isaac_ros_nvblox/build/nvblox_ros/nvblox_core/nvblox/eigen/include/eigen3/unsupported/Eigen/src/SpecialFunctions/arch/AVX512/SpecialFunctions.h
[18.627s] -- Installing: /workspaces/isaac_ros-dev/src/isaac_ros_nvblox/build/nvblox_ros/nvblox_core/nvblox/eigen/include/eigen3/unsupported/Eigen/src/SpecialFunctions/arch/AVX512/BesselFunctions.h
[18.627s] -- Installing: /workspaces/isaac_ros-dev/src/isaac_ros_nvblox/build/nvblox_ros/nvblox_core/nvblox/eigen/include/eigen3/unsupported/Eigen/src/MatrixFunctions
[18.627s] -- Installing: /workspaces/isaac_ros-dev/src/isaac_ros_nvblox/build/nvblox_ros/nvblox_core/nvblox/eigen/include/eigen3/unsupported/Eigen/src/MatrixFunctions/MatrixPower.h
[18.627s] -- Installing: /workspaces/isaac_ros-dev/src/isaac_ros_nvblox/build/nvblox_ros/nvblox_core/nvblox/eigen/include/eigen3/unsupported/Eigen/src/MatrixFunctions/MatrixLogarithm.h
[18.627s] -- Installing: /workspaces/isaac_ros-dev/src/isaac_ros_nvblox/build/nvblox_ros/nvblox_core/nvblox/eigen/include/eigen3/unsupported/Eigen/src/MatrixFunctions/StemFunction.h
[18.628s] -- Installing: /workspaces/isaac_ros-dev/src/isaac_ros_nvblox/build/nvblox_ros/nvblox_core/nvblox/eigen/include/eigen3/unsupported/Eigen/src/MatrixFunctions/MatrixFunction.h
[18.628s] -- Installing: /workspaces/isaac_ros-dev/src/isaac_ros_nvblox/build/nvblox_ros/nvblox_core/nvblox/eigen/include/eigen3/unsupported/Eigen/src/MatrixFunctions/MatrixExponential.h
[18.628s] -- Installing: /workspaces/isaac_ros-dev/src/isaac_ros_nvblox/build/nvblox_ros/nvblox_core/nvblox/eigen/include/eigen3/unsupported/Eigen/src/MatrixFunctions/MatrixSquareRoot.h
[18.628s] -- Installing: /workspaces/isaac_ros-dev/src/isaac_ros_nvblox/build/nvblox_ros/nvblox_core/nvblox/eigen/include/eigen3/unsupported/Eigen/src/NonLinearOptimization
[18.628s] -- Installing: /workspaces/isaac_ros-dev/src/isaac_ros_nvblox/build/nvblox_ros/nvblox_core/nvblox/eigen/include/eigen3/unsupported/Eigen/src/NonLinearOptimization/dogleg.h
[18.628s] -- Installing: /workspaces/isaac_ros-dev/src/isaac_ros_nvblox/build/nvblox_ros/nvblox_core/nvblox/eigen/include/eigen3/unsupported/Eigen/src/NonLinearOptimization/qrsolv.h
[18.628s] -- Installing: /workspaces/isaac_ros-dev/src/isaac_ros_nvblox/build/nvblox_ros/nvblox_core/nvblox/eigen/include/eigen3/unsupported/Eigen/src/NonLinearOptimization/covar.h
[18.628s] -- Installing: /workspaces/isaac_ros-dev/src/isaac_ros_nvblox/build/nvblox_ros/nvblox_core/nvblox/eigen/include/eigen3/unsupported/Eigen/src/NonLinearOptimization/r1updt.h
[18.629s] -- Installing: /workspaces/isaac_ros-dev/src/isaac_ros_nvblox/build/nvblox_ros/nvblox_core/nvblox/eigen/include/eigen3/unsupported/Eigen/src/NonLinearOptimization/r1mpyq.h
[18.629s] -- Installing: /workspaces/isaac_ros-dev/src/isaac_ros_nvblox/build/nvblox_ros/nvblox_core/nvblox/eigen/include/eigen3/unsupported/Eigen/src/NonLinearOptimization/chkder.h
[18.629s] -- Installing: /workspaces/isaac_ros-dev/src/isaac_ros_nvblox/build/nvblox_ros/nvblox_core/nvblox/eigen/include/eigen3/unsupported/Eigen/src/NonLinearOptimization/lmpar.h
[18.629s] -- Installing: /workspaces/isaac_ros-dev/src/isaac_ros_nvblox/build/nvblox_ros/nvblox_core/nvblox/eigen/include/eigen3/unsupported/Eigen/src/NonLinearOptimization/rwupdt.h
[18.629s] -- Installing: /workspaces/isaac_ros-dev/src/isaac_ros_nvblox/build/nvblox_ros/nvblox_core/nvblox/eigen/include/eigen3/unsupported/Eigen/src/NonLinearOptimization/HybridNonLinearSolver.h
[18.629s] -- Installing: /workspaces/isaac_ros-dev/src/isaac_ros_nvblox/build/nvblox_ros/nvblox_core/nvblox/eigen/include/eigen3/unsupported/Eigen/src/NonLinearOptimization/LevenbergMarquardt.h
[18.629s] -- Installing: /workspaces/isaac_ros-dev/src/isaac_ros_nvblox/build/nvblox_ros/nvblox_core/nvblox/eigen/include/eigen3/unsupported/Eigen/src/NonLinearOptimization/fdjac1.h
[18.629s] -- Installing: /workspaces/isaac_ros-dev/src/isaac_ros_nvblox/build/nvblox_ros/nvblox_core/nvblox/eigen/include/eigen3/unsupported/Eigen/src/LevenbergMarquardt
[18.630s] -- Installing: /workspaces/isaac_ros-dev/src/isaac_ros_nvblox/build/nvblox_ros/nvblox_core/nvblox/eigen/include/eigen3/unsupported/Eigen/src/LevenbergMarquardt/LMqrsolv.h
[18.630s] -- Installing: /workspaces/isaac_ros-dev/src/isaac_ros_nvblox/build/nvblox_ros/nvblox_core/nvblox/eigen/include/eigen3/unsupported/Eigen/src/LevenbergMarquardt/LMcovar.h
[18.630s] -- Installing: /workspaces/isaac_ros-dev/src/isaac_ros_nvblox/build/nvblox_ros/nvblox_core/nvblox/eigen/include/eigen3/unsupported/Eigen/src/LevenbergMarquardt/LMonestep.h
[18.630s] -- Installing: /workspaces/isaac_ros-dev/src/isaac_ros_nvblox/build/nvblox_ros/nvblox_core/nvblox/eigen/include/eigen3/unsupported/Eigen/src/LevenbergMarquardt/LMpar.h
[18.630s] -- Installing: /workspaces/isaac_ros-dev/src/isaac_ros_nvblox/build/nvblox_ros/nvblox_core/nvblox/eigen/include/eigen3/unsupported/Eigen/src/LevenbergMarquardt/LevenbergMarquardt.h
[18.630s] -- Installing: /workspaces/isaac_ros-dev/src/isaac_ros_nvblox/build/nvblox_ros/nvblox_core/nvblox/eigen/include/eigen3/unsupported/Eigen/src/AutoDiff
[18.630s] -- Installing: /workspaces/isaac_ros-dev/src/isaac_ros_nvblox/build/nvblox_ros/nvblox_core/nvblox/eigen/include/eigen3/unsupported/Eigen/src/AutoDiff/AutoDiffVector.h
[18.630s] -- Installing: /workspaces/isaac_ros-dev/src/isaac_ros_nvblox/build/nvblox_ros/nvblox_core/nvblox/eigen/include/eigen3/unsupported/Eigen/src/AutoDiff/AutoDiffJacobian.h
[18.631s] -- Installing: /workspaces/isaac_ros-dev/src/isaac_ros_nvblox/build/nvblox_ros/nvblox_core/nvblox/eigen/include/eigen3/unsupported/Eigen/src/AutoDiff/AutoDiffScalar.h
[18.631s] -- Installing: /workspaces/isaac_ros-dev/src/isaac_ros_nvblox/build/nvblox_ros/nvblox_core/nvblox/eigen/include/eigen3/unsupported/Eigen/src/Eigenvalues
[18.631s] -- Installing: /workspaces/isaac_ros-dev/src/isaac_ros_nvblox/build/nvblox_ros/nvblox_core/nvblox/eigen/include/eigen3/unsupported/Eigen/src/Eigenvalues/ArpackSelfAdjointEigenSolver.h
[18.631s] -- Installing: /workspaces/isaac_ros-dev/src/isaac_ros_nvblox/build/nvblox_ros/nvblox_core/nvblox/eigen/include/eigen3/unsupported/Eigen/src/MoreVectorization
[18.631s] -- Installing: /workspaces/isaac_ros-dev/src/isaac_ros_nvblox/build/nvblox_ros/nvblox_core/nvblox/eigen/include/eigen3/unsupported/Eigen/src/MoreVectorization/MathFunctions.h
[18.631s] -- Installing: /workspaces/isaac_ros-dev/src/isaac_ros_nvblox/build/nvblox_ros/nvblox_core/nvblox/eigen/include/eigen3/unsupported/Eigen/src/Polynomials
[18.631s] -- Installing: /workspaces/isaac_ros-dev/src/isaac_ros_nvblox/build/nvblox_ros/nvblox_core/nvblox/eigen/include/eigen3/unsupported/Eigen/src/Polynomials/Companion.h
[18.631s] -- Installing: /workspaces/isaac_ros-dev/src/isaac_ros_nvblox/build/nvblox_ros/nvblox_core/nvblox/eigen/include/eigen3/unsupported/Eigen/src/Polynomials/PolynomialUtils.h
[18.631s] -- Installing: /workspaces/isaac_ros-dev/src/isaac_ros_nvblox/build/nvblox_ros/nvblox_core/nvblox/eigen/include/eigen3/unsupported/Eigen/src/Polynomials/PolynomialSolver.h
[18.632s] -- Installing: /workspaces/isaac_ros-dev/src/isaac_ros_nvblox/build/nvblox_ros/nvblox_core/nvblox/eigen/include/eigen3/unsupported/Eigen/src/Splines
[18.632s] -- Installing: /workspaces/isaac_ros-dev/src/isaac_ros_nvblox/build/nvblox_ros/nvblox_core/nvblox/eigen/include/eigen3/unsupported/Eigen/src/Splines/SplineFitting.h
[18.632s] -- Installing: /workspaces/isaac_ros-dev/src/isaac_ros_nvblox/build/nvblox_ros/nvblox_core/nvblox/eigen/include/eigen3/unsupported/Eigen/src/Splines/Spline.h
[18.632s] -- Installing: /workspaces/isaac_ros-dev/src/isaac_ros_nvblox/build/nvblox_ros/nvblox_core/nvblox/eigen/include/eigen3/unsupported/Eigen/src/Splines/SplineFwd.h
[18.632s] -- Installing: /workspaces/isaac_ros-dev/src/isaac_ros_nvblox/build/nvblox_ros/nvblox_core/nvblox/eigen/include/eigen3/unsupported/Eigen/CXX11/Tensor
[18.632s] -- Installing: /workspaces/isaac_ros-dev/src/isaac_ros_nvblox/build/nvblox_ros/nvblox_core/nvblox/eigen/include/eigen3/unsupported/Eigen/CXX11/TensorSymmetry
[18.633s] -- Installing: /workspaces/isaac_ros-dev/src/isaac_ros_nvblox/build/nvblox_ros/nvblox_core/nvblox/eigen/include/eigen3/unsupported/Eigen/CXX11/ThreadPool
[18.633s] -- Installing: /workspaces/isaac_ros-dev/src/isaac_ros_nvblox/build/nvblox_ros/nvblox_core/nvblox/eigen/include/eigen3/unsupported/Eigen/CXX11/src
[18.633s] -- Installing: /workspaces/isaac_ros-dev/src/isaac_ros_nvblox/build/nvblox_ros/nvblox_core/nvblox/eigen/include/eigen3/unsupported/Eigen/CXX11/src/Tensor
[18.633s] -- Installing: /workspaces/isaac_ros-dev/src/isaac_ros_nvblox/build/nvblox_ros/nvblox_core/nvblox/eigen/include/eigen3/unsupported/Eigen/CXX11/src/Tensor/TensorConcatenation.h
[18.633s] -- Installing: /workspaces/isaac_ros-dev/src/isaac_ros_nvblox/build/nvblox_ros/nvblox_core/nvblox/eigen/include/eigen3/unsupported/Eigen/CXX11/src/Tensor/TensorContractionCuda.h
[18.633s] -- Installing: /workspaces/isaac_ros-dev/src/isaac_ros_nvblox/build/nvblox_ros/nvblox_core/nvblox/eigen/include/eigen3/unsupported/Eigen/CXX11/src/Tensor/TensorAssign.h
[18.633s] -- Installing: /workspaces/isaac_ros-dev/src/isaac_ros_nvblox/build/nvblox_ros/nvblox_core/nvblox/eigen/include/eigen3/unsupported/Eigen/CXX11/src/Tensor/TensorContraction.h
[18.634s] -- Installing: /workspaces/isaac_ros-dev/src/isaac_ros_nvblox/build/nvblox_ros/nvblox_core/nvblox/eigen/include/eigen3/unsupported/Eigen/CXX11/src/Tensor/TensorContractionBlocking.h
[18.634s] -- Installing: /workspaces/isaac_ros-dev/src/isaac_ros_nvblox/build/nvblox_ros/nvblox_core/nvblox/eigen/include/eigen3/unsupported/Eigen/CXX11/src/Tensor/TensorConvolutionSycl.h
[18.634s] -- Installing: /workspaces/isaac_ros-dev/src/isaac_ros_nvblox/build/nvblox_ros/nvblox_core/nvblox/eigen/include/eigen3/unsupported/Eigen/CXX11/src/Tensor/TensorStriding.h
[18.634s] -- Installing: /workspaces/isaac_ros-dev/src/isaac_ros_nvblox/build/nvblox_ros/nvblox_core/nvblox/eigen/include/eigen3/unsupported/Eigen/CXX11/src/Tensor/TensorReverse.h
[18.634s] -- Installing: /workspaces/isaac_ros-dev/src/isaac_ros_nvblox/build/nvblox_ros/nvblox_core/nvblox/eigen/include/eigen3/unsupported/Eigen/CXX11/src/Tensor/TensorCostModel.h
[18.634s] -- Installing: /workspaces/isaac_ros-dev/src/isaac_ros_nvblox/build/nvblox_ros/nvblox_core/nvblox/eigen/include/eigen3/unsupported/Eigen/CXX11/src/Tensor/TensorChipping.h
[18.634s] -- Installing: /workspaces/isaac_ros-dev/src/isaac_ros_nvblox/build/nvblox_ros/nvblox_core/nvblox/eigen/include/eigen3/unsupported/Eigen/CXX11/src/Tensor/TensorContractionThreadPool.h
[18.635s] -- Installing: /workspaces/isaac_ros-dev/src/isaac_ros_nvblox/build/nvblox_ros/nvblox_core/nvblox/eigen/include/eigen3/unsupported/Eigen/CXX11/src/Tensor/TensorMacros.h
[18.635s] -- Installing: /workspaces/isaac_ros-dev/src/isaac_ros_nvblox/build/nvblox_ros/nvblox_core/nvblox/eigen/include/eigen3/unsupported/Eigen/CXX11/src/Tensor/TensorInitializer.h
[18.635s] -- Installing: /workspaces/isaac_ros-dev/src/isaac_ros_nvblox/build/nvblox_ros/nvblox_core/nvblox/eigen/include/eigen3/unsupported/Eigen/CXX11/src/Tensor/TensorPadding.h
[18.635s] -- Installing: /workspaces/isaac_ros-dev/src/isaac_ros_nvblox/build/nvblox_ros/nvblox_core/nvblox/eigen/include/eigen3/unsupported/Eigen/CXX11/src/Tensor/TensorDeviceGpu.h
[18.635s] -- Installing: /workspaces/isaac_ros-dev/src/isaac_ros_nvblox/build/nvblox_ros/nvblox_core/nvblox/eigen/include/eigen3/unsupported/Eigen/CXX11/src/Tensor/TensorDeviceSycl.h
[18.635s] -- Installing: /workspaces/isaac_ros-dev/src/isaac_ros_nvblox/build/nvblox_ros/nvblox_core/nvblox/eigen/include/eigen3/unsupported/Eigen/CXX11/src/Tensor/TensorDeviceDefault.h
[18.635s] -- Installing: /workspaces/isaac_ros-dev/src/isaac_ros_nvblox/build/nvblox_ros/nvblox_core/nvblox/eigen/include/eigen3/unsupported/Eigen/CXX11/src/Tensor/TensorForcedEval.h
[18.636s] -- Installing: /workspaces/isaac_ros-dev/src/isaac_ros_nvblox/build/nvblox_ros/nvblox_core/nvblox/eigen/include/eigen3/unsupported/Eigen/CXX11/src/Tensor/TensorScan.h
[18.636s] -- Installing: /workspaces/isaac_ros-dev/src/isaac_ros_nvblox/build/nvblox_ros/nvblox_core/nvblox/eigen/include/eigen3/unsupported/Eigen/CXX11/src/Tensor/TensorUInt128.h
[18.636s] -- Installing: /workspaces/isaac_ros-dev/src/isaac_ros_nvblox/build/nvblox_ros/nvblox_core/nvblox/eigen/include/eigen3/unsupported/Eigen/CXX11/src/Tensor/TensorConvolution.h
[18.636s] -- Installing: /workspaces/isaac_ros-dev/src/isaac_ros_nvblox/build/nvblox_ros/nvblox_core/nvblox/eigen/include/eigen3/unsupported/Eigen/CXX11/src/Tensor/TensorFunctors.h
[18.636s] -- Installing: /workspaces/isaac_ros-dev/src/isaac_ros_nvblox/build/nvblox_ros/nvblox_core/nvblox/eigen/include/eigen3/unsupported/Eigen/CXX11/src/Tensor/TensorFFT.h
[18.636s] -- Installing: /workspaces/isaac_ros-dev/src/isaac_ros_nvblox/build/nvblox_ros/nvblox_core/nvblox/eigen/include/eigen3/unsupported/Eigen/CXX11/src/Tensor/TensorBlock.h
[18.636s] -- Installing: /workspaces/isaac_ros-dev/src/isaac_ros_nvblox/build/nvblox_ros/nvblox_core/nvblox/eigen/include/eigen3/unsupported/Eigen/CXX11/src/Tensor/TensorVolumePatch.h
[18.637s] -- Installing: /workspaces/isaac_ros-dev/src/isaac_ros_nvblox/build/nvblox_ros/nvblox_core/nvblox/eigen/include/eigen3/unsupported/Eigen/CXX11/src/Tensor/TensorReductionGpu.h
[18.637s] -- Installing: /workspaces/isaac_ros-dev/src/isaac_ros_nvblox/build/nvblox_ros/nvblox_core/nvblox/eigen/include/eigen3/unsupported/Eigen/CXX11/src/Tensor/TensorEvaluator.h
[18.637s] -- Installing: /workspaces/isaac_ros-dev/src/isaac_ros_nvblox/build/nvblox_ros/nvblox_core/nvblox/eigen/include/eigen3/unsupported/Eigen/CXX11/src/Tensor/TensorDeviceThreadPool.h
[18.637s] -- Installing: /workspaces/isaac_ros-dev/src/isaac_ros_nvblox/build/nvblox_ros/nvblox_core/nvblox/eigen/include/eigen3/unsupported/Eigen/CXX11/src/Tensor/TensorShuffling.h
[18.637s] -- Installing: /workspaces/isaac_ros-dev/src/isaac_ros_nvblox/build/nvblox_ros/nvblox_core/nvblox/eigen/include/eigen3/unsupported/Eigen/CXX11/src/Tensor/TensorLayoutSwap.h
[18.637s] -- Installing: /workspaces/isaac_ros-dev/src/isaac_ros_nvblox/build/nvblox_ros/nvblox_core/nvblox/eigen/include/eigen3/unsupported/Eigen/CXX11/src/Tensor/TensorDimensions.h
[18.638s] -- Installing: /workspaces/isaac_ros-dev/src/isaac_ros_nvblox/build/nvblox_ros/nvblox_core/nvblox/eigen/include/eigen3/unsupported/Eigen/CXX11/src/Tensor/TensorArgMax.h
[18.638s] -- Installing: /workspaces/isaac_ros-dev/src/isaac_ros_nvblox/build/nvblox_ros/nvblox_core/nvblox/eigen/include/eigen3/unsupported/Eigen/CXX11/src/Tensor/TensorRef.h
[18.638s] -- Installing: /workspaces/isaac_ros-dev/src/isaac_ros_nvblox/build/nvblox_ros/nvblox_core/nvblox/eigen/include/eigen3/unsupported/Eigen/CXX11/src/Tensor/TensorForwardDeclarations.h
[18.638s] -- Installing: /workspaces/isaac_ros-dev/src/isaac_ros_nvblox/build/nvblox_ros/nvblox_core/nvblox/eigen/include/eigen3/unsupported/Eigen/CXX11/src/Tensor/TensorReductionCuda.h
[18.638s] -- Installing: /workspaces/isaac_ros-dev/src/isaac_ros_nvblox/build/nvblox_ros/nvblox_core/nvblox/eigen/include/eigen3/unsupported/Eigen/CXX11/src/Tensor/TensorImagePatch.h
[18.638s] -- Installing: /workspaces/isaac_ros-dev/src/isaac_ros_nvblox/build/nvblox_ros/nvblox_core/nvblox/eigen/include/eigen3/unsupported/Eigen/CXX11/src/Tensor/TensorMap.h
[18.638s] -- Installing: /workspaces/isaac_ros-dev/src/isaac_ros_nvblox/build/nvblox_ros/nvblox_core/nvblox/eigen/include/eigen3/unsupported/Eigen/CXX11/src/Tensor/TensorGpuHipCudaDefines.h
[18.638s] -- Installing: /workspaces/isaac_ros-dev/src/isaac_ros_nvblox/build/nvblox_ros/nvblox_core/nvblox/eigen/include/eigen3/unsupported/Eigen/CXX11/src/Tensor/TensorStorage.h
[18.639s] -- Installing: /workspaces/isaac_ros-dev/src/isaac_ros_nvblox/build/nvblox_ros/nvblox_core/nvblox/eigen/include/eigen3/unsupported/Eigen/CXX11/src/Tensor/TensorEvalTo.h
[18.639s] -- Installing: /workspaces/isaac_ros-dev/src/isaac_ros_nvblox/build/nvblox_ros/nvblox_core/nvblox/eigen/include/eigen3/unsupported/Eigen/CXX11/src/Tensor/TensorGenerator.h
[18.639s] -- Installing: /workspaces/isaac_ros-dev/src/isaac_ros_nvblox/build/nvblox_ros/nvblox_core/nvblox/eigen/include/eigen3/unsupported/Eigen/CXX11/src/Tensor/TensorBase.h
[18.639s] -- Installing: /workspaces/isaac_ros-dev/src/isaac_ros_nvblox/build/nvblox_ros/nvblox_core/nvblox/eigen/include/eigen3/unsupported/Eigen/CXX11/src/Tensor/TensorExpr.h
[18.639s] -- Installing: /workspaces/isaac_ros-dev/src/isaac_ros_nvblox/build/nvblox_ros/nvblox_core/nvblox/eigen/include/eigen3/unsupported/Eigen/CXX11/src/Tensor/TensorBroadcasting.h
[18.639s] -- Installing: /workspaces/isaac_ros-dev/src/isaac_ros_nvblox/build/nvblox_ros/nvblox_core/nvblox/eigen/include/eigen3/unsupported/Eigen/CXX11/src/Tensor/TensorTrace.h
[18.640s] -- Installing: /workspaces/isaac_ros-dev/src/isaac_ros_nvblox/build/nvblox_ros/nvblox_core/nvblox/eigen/include/eigen3/unsupported/Eigen/CXX11/src/Tensor/TensorDevice.h
[18.640s] -- Installing: /workspaces/isaac_ros-dev/src/isaac_ros_nvblox/build/nvblox_ros/nvblox_core/nvblox/eigen/include/eigen3/unsupported/Eigen/CXX11/src/Tensor/Tensor.h
[18.640s] -- Installing: /workspaces/isaac_ros-dev/src/isaac_ros_nvblox/build/nvblox_ros/nvblox_core/nvblox/eigen/include/eigen3/unsupported/Eigen/CXX11/src/Tensor/TensorReduction.h
[18.640s] -- Installing: /workspaces/isaac_ros-dev/src/isaac_ros_nvblox/build/nvblox_ros/nvblox_core/nvblox/eigen/include/eigen3/unsupported/Eigen/CXX11/src/Tensor/TensorContractionGpu.h
[18.640s] -- Installing: /workspaces/isaac_ros-dev/src/isaac_ros_nvblox/build/nvblox_ros/nvblox_core/nvblox/eigen/include/eigen3/unsupported/Eigen/CXX11/src/Tensor/TensorDeviceCuda.h
[18.640s] -- Installing: /workspaces/isaac_ros-dev/src/isaac_ros_nvblox/build/nvblox_ros/nvblox_core/nvblox/eigen/include/eigen3/unsupported/Eigen/CXX11/src/Tensor/TensorCustomOp.h
[18.640s] -- Installing: /workspaces/isaac_ros-dev/src/isaac_ros_nvblox/build/nvblox_ros/nvblox_core/nvblox/eigen/include/eigen3/unsupported/Eigen/CXX11/src/Tensor/TensorFixedSize.h
[18.641s] -- Installing: /workspaces/isaac_ros-dev/src/isaac_ros_nvblox/build/nvblox_ros/nvblox_core/nvblox/eigen/include/eigen3/unsupported/Eigen/CXX11/src/Tensor/TensorContractionSycl.h
[18.641s] -- Installing: /workspaces/isaac_ros-dev/src/isaac_ros_nvblox/build/nvblox_ros/nvblox_core/nvblox/eigen/include/eigen3/unsupported/Eigen/CXX11/src/Tensor/TensorMorphing.h
[18.641s] -- Installing: /workspaces/isaac_ros-dev/src/isaac_ros_nvblox/build/nvblox_ros/nvblox_core/nvblox/eigen/include/eigen3/unsupported/Eigen/CXX11/src/Tensor/TensorConversion.h
[18.641s] -- Installing: /workspaces/isaac_ros-dev/src/isaac_ros_nvblox/build/nvblox_ros/nvblox_core/nvblox/eigen/include/eigen3/unsupported/Eigen/CXX11/src/Tensor/TensorIO.h
[18.641s] -- Installing: /workspaces/isaac_ros-dev/src/isaac_ros_nvblox/build/nvblox_ros/nvblox_core/nvblox/eigen/include/eigen3/unsupported/Eigen/CXX11/src/Tensor/TensorRandom.h
[18.641s] -- Installing: /workspaces/isaac_ros-dev/src/isaac_ros_nvblox/build/nvblox_ros/nvblox_core/nvblox/eigen/include/eigen3/unsupported/Eigen/CXX11/src/Tensor/TensorIntDiv.h
[18.642s] -- Installing: /workspaces/isaac_ros-dev/src/isaac_ros_nvblox/build/nvblox_ros/nvblox_core/nvblox/eigen/include/eigen3/unsupported/Eigen/CXX11/src/Tensor/TensorReductionSycl.h
[18.642s] -- Installing: /workspaces/isaac_ros-dev/src/isaac_ros_nvblox/build/nvblox_ros/nvblox_core/nvblox/eigen/include/eigen3/unsupported/Eigen/CXX11/src/Tensor/TensorContractionMapper.h
[18.642s] -- Installing: /workspaces/isaac_ros-dev/src/isaac_ros_nvblox/build/nvblox_ros/nvblox_core/nvblox/eigen/include/eigen3/unsupported/Eigen/CXX11/src/Tensor/TensorPatch.h
[18.642s] -- Installing: /workspaces/isaac_ros-dev/src/isaac_ros_nvblox/build/nvblox_ros/nvblox_core/nvblox/eigen/include/eigen3/unsupported/Eigen/CXX11/src/Tensor/TensorTraits.h
[18.642s] -- Installing: /workspaces/isaac_ros-dev/src/isaac_ros_nvblox/build/nvblox_ros/nvblox_core/nvblox/eigen/include/eigen3/unsupported/Eigen/CXX11/src/Tensor/TensorIndexList.h
[18.642s] -- Installing: /workspaces/isaac_ros-dev/src/isaac_ros_nvblox/build/nvblox_ros/nvblox_core/nvblox/eigen/include/eigen3/unsupported/Eigen/CXX11/src/Tensor/TensorExecutor.h
[18.643s] -- Installing: /workspaces/isaac_ros-dev/src/isaac_ros_nvblox/build/nvblox_ros/nvblox_core/nvblox/eigen/include/eigen3/unsupported/Eigen/CXX11/src/Tensor/TensorDimensionList.h
[18.643s] -- Installing: /workspaces/isaac_ros-dev/src/isaac_ros_nvblox/build/nvblox_ros/nvblox_core/nvblox/eigen/include/eigen3/unsupported/Eigen/CXX11/src/Tensor/TensorScanSycl.h
[18.643s] -- Installing: /workspaces/isaac_ros-dev/src/isaac_ros_nvblox/build/nvblox_ros/nvblox_core/nvblox/eigen/include/eigen3/unsupported/Eigen/CXX11/src/Tensor/TensorInflation.h
[18.643s] -- Installing: /workspaces/isaac_ros-dev/src/isaac_ros_nvblox/build/nvblox_ros/nvblox_core/nvblox/eigen/include/eigen3/unsupported/Eigen/CXX11/src/Tensor/TensorGlobalFunctions.h
[18.643s] -- Installing: /workspaces/isaac_ros-dev/src/isaac_ros_nvblox/build/nvblox_ros/nvblox_core/nvblox/eigen/include/eigen3/unsupported/Eigen/CXX11/src/Tensor/TensorMeta.h
[18.643s] -- Installing: /workspaces/isaac_ros-dev/src/isaac_ros_nvblox/build/nvblox_ros/nvblox_core/nvblox/eigen/include/eigen3/unsupported/Eigen/CXX11/src/Tensor/TensorGpuHipCudaUndefines.h
[18.643s] -- Installing: /workspaces/isaac_ros-dev/src/isaac_ros_nvblox/build/nvblox_ros/nvblox_core/nvblox/eigen/include/eigen3/unsupported/Eigen/CXX11/src/util
[18.643s] -- Installing: /workspaces/isaac_ros-dev/src/isaac_ros_nvblox/build/nvblox_ros/nvblox_core/nvblox/eigen/include/eigen3/unsupported/Eigen/CXX11/src/util/CXX11Workarounds.h
[18.644s] -- Installing: /workspaces/isaac_ros-dev/src/isaac_ros_nvblox/build/nvblox_ros/nvblox_core/nvblox/eigen/include/eigen3/unsupported/Eigen/CXX11/src/util/CXX11Meta.h
[18.644s] -- Installing: /workspaces/isaac_ros-dev/src/isaac_ros_nvblox/build/nvblox_ros/nvblox_core/nvblox/eigen/include/eigen3/unsupported/Eigen/CXX11/src/util/MaxSizeVector.h
[18.644s] -- Installing: /workspaces/isaac_ros-dev/src/isaac_ros_nvblox/build/nvblox_ros/nvblox_core/nvblox/eigen/include/eigen3/unsupported/Eigen/CXX11/src/util/EmulateArray.h
[18.644s] -- Installing: /workspaces/isaac_ros-dev/src/isaac_ros_nvblox/build/nvblox_ros/nvblox_core/nvblox/eigen/include/eigen3/unsupported/Eigen/CXX11/src/ThreadPool
[18.644s] -- Installing: /workspaces/isaac_ros-dev/src/isaac_ros_nvblox/build/nvblox_ros/nvblox_core/nvblox/eigen/include/eigen3/unsupported/Eigen/CXX11/src/ThreadPool/ThreadYield.h
[18.644s] -- Installing: /workspaces/isaac_ros-dev/src/isaac_ros_nvblox/build/nvblox_ros/nvblox_core/nvblox/eigen/include/eigen3/unsupported/Eigen/CXX11/src/ThreadPool/RunQueue.h
[18.644s] -- Installing: /workspaces/isaac_ros-dev/src/isaac_ros_nvblox/build/nvblox_ros/nvblox_core/nvblox/eigen/include/eigen3/unsupported/Eigen/CXX11/src/ThreadPool/ThreadPoolInterface.h
[18.645s] -- Installing: /workspaces/isaac_ros-dev/src/isaac_ros_nvblox/build/nvblox_ros/nvblox_core/nvblox/eigen/include/eigen3/unsupported/Eigen/CXX11/src/ThreadPool/Barrier.h
[18.645s] -- Installing: /workspaces/isaac_ros-dev/src/isaac_ros_nvblox/build/nvblox_ros/nvblox_core/nvblox/eigen/include/eigen3/unsupported/Eigen/CXX11/src/ThreadPool/EventCount.h
[18.645s] -- Installing: /workspaces/isaac_ros-dev/src/isaac_ros_nvblox/build/nvblox_ros/nvblox_core/nvblox/eigen/include/eigen3/unsupported/Eigen/CXX11/src/ThreadPool/ThreadLocal.h
[18.645s] -- Installing: /workspaces/isaac_ros-dev/src/isaac_ros_nvblox/build/nvblox_ros/nvblox_core/nvblox/eigen/include/eigen3/unsupported/Eigen/CXX11/src/ThreadPool/ThreadCancel.h
[18.645s] -- Installing: /workspaces/isaac_ros-dev/src/isaac_ros_nvblox/build/nvblox_ros/nvblox_core/nvblox/eigen/include/eigen3/unsupported/Eigen/CXX11/src/ThreadPool/ThreadEnvironment.h
[18.645s] -- Installing: /workspaces/isaac_ros-dev/src/isaac_ros_nvblox/build/nvblox_ros/nvblox_core/nvblox/eigen/include/eigen3/unsupported/Eigen/CXX11/src/ThreadPool/NonBlockingThreadPool.h
[18.645s] -- Installing: /workspaces/isaac_ros-dev/src/isaac_ros_nvblox/build/nvblox_ros/nvblox_core/nvblox/eigen/include/eigen3/unsupported/Eigen/CXX11/src/TensorSymmetry
[18.645s] -- Installing: /workspaces/isaac_ros-dev/src/isaac_ros_nvblox/build/nvblox_ros/nvblox_core/nvblox/eigen/include/eigen3/unsupported/Eigen/CXX11/src/TensorSymmetry/DynamicSymmetry.h
[18.646s] -- Installing: /workspaces/isaac_ros-dev/src/isaac_ros_nvblox/build/nvblox_ros/nvblox_core/nvblox/eigen/include/eigen3/unsupported/Eigen/CXX11/src/TensorSymmetry/util
[18.646s] -- Installing: /workspaces/isaac_ros-dev/src/isaac_ros_nvblox/build/nvblox_ros/nvblox_core/nvblox/eigen/include/eigen3/unsupported/Eigen/CXX11/src/TensorSymmetry/util/TemplateGroupTheory.h
[18.646s] -- Installing: /workspaces/isaac_ros-dev/src/isaac_ros_nvblox/build/nvblox_ros/nvblox_core/nvblox/eigen/include/eigen3/unsupported/Eigen/CXX11/src/TensorSymmetry/StaticSymmetry.h
[18.646s] -- Installing: /workspaces/isaac_ros-dev/src/isaac_ros_nvblox/build/nvblox_ros/nvblox_core/nvblox/eigen/include/eigen3/unsupported/Eigen/CXX11/src/TensorSymmetry/Symmetry.h
[18.688s] [  7%] [34m[1mCompleted 'ext_eigen'[0m
[18.764s] [  7%] Built target ext_eigen
[18.807s] [  7%] [32mBuilding CUDA object nvblox_core/nvblox/CMakeFiles/nvblox_gpu_hash.dir/src/core/error_check.cu.o[0m
[18.808s] [  8%] [32mBuilding CXX object nvblox_core/nvblox/CMakeFiles/nvblox_gpu_hash.dir/src/utils/timing.cpp.o[0m
[18.808s] [  8%] [32mBuilding CXX object nvblox_core/nvblox/CMakeFiles/nvblox_gpu_hash.dir/src/utils/nvtx_ranges.cpp.o[0m
[18.809s] [  8%] [32mBuilding CUDA object nvblox_core/nvblox/CMakeFiles/nvblox_gpu_hash.dir/src/gpu_hash/gpu_set.cu.o[0m
[18.809s] [  9%] [32mBuilding CUDA object nvblox_core/nvblox/CMakeFiles/nvblox_gpu_hash.dir/src/gpu_hash/gpu_layer_view.cu.o[0m
[79.421s] [  9%] [32m[1mLinking CXX static library libnvblox_gpu_hash.a[0m
[79.555s] [  9%] Built target nvblox_gpu_hash
[79.616s] [  9%] [32mBuilding CUDA object nvblox_core/nvblox/CMakeFiles/nvblox_lib.dir/src/core/error_check.cu.o[0m
[79.619s] [ 10%] [32mBuilding CXX object nvblox_core/nvblox/CMakeFiles/nvblox_lib.dir/src/core/parameter_tree.cpp.o[0m
[79.619s] [ 11%] [32mBuilding CXX object nvblox_core/nvblox/CMakeFiles/nvblox_lib.dir/src/core/cuda_stream.cpp.o[0m
[79.620s] [ 12%] [32mBuilding CXX object nvblox_core/nvblox/CMakeFiles/nvblox_lib.dir/src/map/blocks_to_update_tracker.cpp.o[0m
[79.620s] [ 12%] [32mBuilding CXX object nvblox_core/nvblox/CMakeFiles/nvblox_lib.dir/src/sensors/connected_components.cpp.o[0m
[79.620s] [ 12%] [32mBuilding CUDA object nvblox_core/nvblox/CMakeFiles/nvblox_lib.dir/src/dynamics/dynamics_detection.cu.o[0m
[79.620s] [  9%] [32mBuilding CUDA object nvblox_core/nvblox/CMakeFiles/nvblox_lib.dir/src/core/warmup.cu.o[0m
[79.620s] [ 12%] [32mBuilding CXX object nvblox_core/nvblox/CMakeFiles/nvblox_lib.dir/src/sensors/color.cpp.o[0m
[79.620s] [ 12%] [32mBuilding CXX object nvblox_core/nvblox/CMakeFiles/nvblox_lib.dir/src/sensors/camera.cpp.o[0m
[79.621s] [ 14%] [32mBuilding CUDA object nvblox_core/nvblox/CMakeFiles/nvblox_lib.dir/src/sensors/pointcloud.cu.o[0m
[79.622s] [ 14%] [32mBuilding CUDA object nvblox_core/nvblox/CMakeFiles/nvblox_lib.dir/src/map/layer.cu.o[0m
[79.622s] [ 14%] [32mBuilding CUDA object nvblox_core/nvblox/CMakeFiles/nvblox_lib.dir/src/sensors/image.cu.o[0m
[79.622s] [ 14%] [32mBuilding CUDA object nvblox_core/nvblox/CMakeFiles/nvblox_lib.dir/src/map/blox.cu.o[0m
[79.622s] [ 14%] [32mBuilding CXX object nvblox_core/nvblox/CMakeFiles/nvblox_lib.dir/src/sensors/depth_preprocessing.cpp.o[0m
[79.623s] [ 15%] [32mBuilding CXX object nvblox_core/nvblox/CMakeFiles/nvblox_lib.dir/src/sensors/npp_image_operations.cpp.o[0m
[79.627s] [ 15%] [32mBuilding CXX object nvblox_core/nvblox/CMakeFiles/nvblox_lib.dir/src/mapper/mapper.cpp.o[0m
[79.627s] [ 15%] [32mBuilding CXX object nvblox_core/nvblox/CMakeFiles/nvblox_lib.dir/src/integrators/decay_integrator_base.cpp.o[0m
[79.628s] [ 15%] [32mBuilding CXX object nvblox_core/nvblox/CMakeFiles/nvblox_lib.dir/src/mapper/multi_mapper.cpp.o[0m
[79.629s] [ 15%] [32mBuilding CXX object nvblox_core/nvblox/CMakeFiles/nvblox_lib.dir/src/geometry/bounding_boxes.cpp.o[0m
[79.629s] [ 15%] [32mBuilding CUDA object nvblox_core/nvblox/CMakeFiles/nvblox_lib.dir/src/integrators/tsdf_decay_integrator.cu.o[0m
[79.629s] [ 16%] [32mBuilding CUDA object nvblox_core/nvblox/CMakeFiles/nvblox_lib.dir/src/integrators/occupancy_decay_integrator.cu.o[0m
[79.630s] [ 18%] [32mBuilding CUDA object nvblox_core/nvblox/CMakeFiles/nvblox_lib.dir/src/integrators/view_calculator.cu.o[0m
[79.630s] [ 17%] [32mBuilding CUDA object nvblox_core/nvblox/CMakeFiles/nvblox_lib.dir/src/integrators/projective_tsdf_integrator.cu.o[0m
[79.631s] [ 18%] [32mBuilding CUDA object nvblox_core/nvblox/CMakeFiles/nvblox_lib.dir/src/integrators/esdf_slicer.cu.o[0m
[79.632s] [ 20%] [32mBuilding CXX object nvblox_core/nvblox/CMakeFiles/nvblox_lib.dir/src/geometry/bounding_spheres.cpp.o[0m
[79.632s] [ 20%] [32mBuilding CUDA object nvblox_core/nvblox/CMakeFiles/nvblox_lib.dir/src/integrators/freespace_integrator.cu.o[0m
[79.632s] [ 20%] [32mBuilding CUDA object nvblox_core/nvblox/CMakeFiles/nvblox_lib.dir/src/integrators/projective_occupancy_integrator.cu.o[0m
[79.633s] [ 20%] [32mBuilding CXX object nvblox_core/nvblox/CMakeFiles/nvblox_lib.dir/src/io/mesh_io.cpp.o[0m
[79.635s] [ 21%] [32mBuilding CUDA object nvblox_core/nvblox/CMakeFiles/nvblox_lib.dir/src/integrators/esdf_integrator.cu.o[0m
[79.635s] [ 21%] [32mBuilding CUDA object nvblox_core/nvblox/CMakeFiles/nvblox_lib.dir/src/integrators/projective_color_integrator.cu.o[0m
[79.635s] [ 22%] [32mBuilding CXX object nvblox_core/nvblox/CMakeFiles/nvblox_lib.dir/src/io/ply_writer.cpp.o[0m
[79.636s] [ 23%] [32mBuilding CXX object nvblox_core/nvblox/CMakeFiles/nvblox_lib.dir/src/io/pointcloud_io.cpp.o[0m
[79.636s] [ 23%] [32mBuilding CXX object nvblox_core/nvblox/CMakeFiles/nvblox_lib.dir/src/io/image_io.cpp.o[0m
[79.636s] [ 23%] [32mBuilding CXX object nvblox_core/nvblox/CMakeFiles/nvblox_lib.dir/src/map_saving/layer_type_register.cpp.o[0m
[79.636s] [ 23%] [32mBuilding CXX object nvblox_core/nvblox/CMakeFiles/nvblox_lib.dir/src/io/layer_cake_io.cpp.o[0m
[79.637s] [ 25%] [32mBuilding CXX object nvblox_core/nvblox/CMakeFiles/nvblox_lib.dir/src/map_saving/serializer.cpp.o[0m
[79.637s] [ 25%] [32mBuilding CUDA object nvblox_core/nvblox/CMakeFiles/nvblox_lib.dir/src/mesh/mesh_block.cu.o[0m
[79.637s] [ 25%] [32mBuilding CXX object nvblox_core/nvblox/CMakeFiles/nvblox_lib.dir/src/map_saving/sqlite_database.cpp.o[0m
[79.637s] [ 25%] [32mBuilding CUDA object nvblox_core/nvblox/CMakeFiles/nvblox_lib.dir/src/mesh/mesh_integrator_color.cu.o[0m
[79.638s] [ 23%] [32mBuilding CUDA object nvblox_core/nvblox/CMakeFiles/nvblox_lib.dir/src/rays/sphere_tracer.cu.o[0m
[79.638s] [ 25%] [32mBuilding CXX object nvblox_core/nvblox/CMakeFiles/nvblox_lib.dir/src/interpolation/interpolation_3d.cpp.o[0m
[79.641s] [ 26%] [32mBuilding CXX object nvblox_core/nvblox/CMakeFiles/nvblox_lib.dir/src/mesh/mesh.cpp.o[0m
[79.641s] [ 26%] [32mBuilding CUDA object nvblox_core/nvblox/CMakeFiles/nvblox_lib.dir/src/mesh/mesh_integrator.cu.o[0m
[79.644s] [ 26%] [32mBuilding CXX object nvblox_core/nvblox/CMakeFiles/nvblox_lib.dir/src/mesh/mesh_streamer.cpp.o[0m
[79.644s] [ 26%] [32mBuilding CXX object nvblox_core/nvblox/CMakeFiles/nvblox_lib.dir/src/utils/nvtx_ranges.cpp.o[0m
[79.644s] [ 27%] [32mBuilding CXX object nvblox_core/nvblox/CMakeFiles/nvblox_lib.dir/src/primitives/scene.cpp.o[0m
[79.645s] [ 27%] [32mBuilding CXX object nvblox_core/nvblox/CMakeFiles/nvblox_lib.dir/src/primitives/primitives.cpp.o[0m
[79.651s] [ 28%] [32mBuilding CXX object nvblox_core/nvblox/CMakeFiles/nvblox_lib.dir/src/utils/timing.cpp.o[0m
[79.938s] [ 28%] [32mBuilding CXX object nvblox_core/nvblox/CMakeFiles/nvblox_lib.dir/src/utils/rates.cpp.o[0m
[80.417s] [ 28%] [32mBuilding CXX object nvblox_core/nvblox/CMakeFiles/nvblox_lib.dir/src/utils/delays.cpp.o[0m
[80.422s] [ 29%] [32mBuilding CUDA object nvblox_core/nvblox/CMakeFiles/nvblox_lib.dir/src/serialization/mesh_serializer_gpu.cu.o[0m
[80.904s] [ 29%] [32mBuilding CUDA object nvblox_core/nvblox/CMakeFiles/nvblox_lib.dir/src/serialization/serialization_gpu.cu.o[0m
[81.051s] [ 30%] [32mBuilding CUDA object nvblox_core/nvblox/CMakeFiles/nvblox_lib.dir/src/semantics/image_masker.cu.o[0m
[81.237s] [ 30%] [32mBuilding CUDA object nvblox_core/nvblox/CMakeFiles/nvblox_lib.dir/src/semantics/image_projector.cu.o[0m
[200.656s] [  9%] [32m[1mLinking CXX shared library libnvblox_lib.so[0m
[200.951s] [ 30%] Built target nvblox_lib
[201.001s] [ 30%] [32mBuilding CXX object nvblox_core/nvblox/CMakeFiles/sphere_benchmark.dir/src/benchmarks/sphere_benchmark.cpp.o[0m
[201.002s] [ 31%] [32mBuilding CXX object nvblox_core/nvblox/examples/CMakeFiles/load_map_and_mesh.dir/src/load_map_and_mesh.cpp.o[0m
[201.002s] [ 31%] [32mBuilding CXX object CMakeFiles/nvblox_ros_lib.dir/src/lib/conversions/layer_conversions.cpp.o[0m
[201.003s] [ 31%] [32mBuilding CUDA object nvblox_core/nvblox/examples/CMakeFiles/esdf_query.dir/src/esdf_query.cu.o[0m
[201.003s] [ 33%] [32mBuilding CUDA object CMakeFiles/nvblox_ros_lib.dir/src/lib/conversions/esdf_and_gradients_conversions.cu.o[0m
[201.003s] [ 33%] [32mBuilding CUDA object CMakeFiles/nvblox_ros_lib.dir/src/lib/conversions/image_conversions_thrust.cu.o[0m
[201.003s] [ 35%] [32mBuilding CXX object CMakeFiles/nvblox_ros_lib.dir/src/lib/conversions/mesh_conversions.cpp.o[0m
[201.003s] [ 35%] [32mBuilding CXX object nvblox_core/nvblox/executables/CMakeFiles/nvblox_datasets.dir/src/datasets/image_loader.cpp.o[0m
[201.003s] [ 35%] [32mBuilding CXX object nvblox_core/nvblox/executables/CMakeFiles/nvblox_datasets.dir/src/datasets/replica.cpp.o[0m
[201.003s] [ 35%] [32mBuilding CXX object CMakeFiles/nvblox_ros_lib.dir/src/lib/conversions/image_conversions.cpp.o[0m
[201.003s] [ 35%] [32mBuilding CXX object nvblox_core/nvblox/executables/CMakeFiles/nvblox_datasets.dir/src/datasets/3dmatch.cpp.o[0m
[201.004s] [ 35%] [32mBuilding CXX object CMakeFiles/nvblox_ros_lib.dir/src/lib/transformer.cpp.o[0m
[201.004s] [ 36%] [32mBuilding CXX object CMakeFiles/nvblox_ros_lib.dir/src/lib/visualization.cpp.o[0m
[201.004s] [ 36%] [32mBuilding CUDA object CMakeFiles/nvblox_ros_lib.dir/src/lib/conversions/pointcloud_conversions.cu.o[0m
[201.004s] [ 36%] [32mBuilding CXX object nvblox_core/nvblox/executables/CMakeFiles/nvblox_datasets.dir/src/datasets/redwood.cpp.o[0m
[201.004s] [ 37%] [32mBuilding CXX object CMakeFiles/nvblox_ros_lib.dir/src/lib/mapper_initialization.cpp.o[0m
[201.004s] [ 38%] [32mBuilding CXX object nvblox_core/nvblox/executables/CMakeFiles/nvblox_datasets.dir/src/fuser.cpp.o[0m
[201.004s] [ 38%] [32mBuilding CXX object CMakeFiles/nvblox_ros_lib.dir/src/lib/nvblox_human_node.cpp.o[0m
[201.004s] [ 38%] [32mBuilding CXX object nvblox_core/nvblox/tests/CMakeFiles/run_memcpy_on_default_cuda_stream.dir/run_memcpy_on_default_cuda_stream.cpp.o[0m
[201.005s] [ 38%] [32mBuilding CXX object CMakeFiles/nvblox_ros_lib.dir/src/lib/camera_cache.cpp.o[0m
[201.005s] [ 38%] [32mBuilding CUDA object CMakeFiles/nvblox_ros_lib.dir/src/lib/conversions/esdf_slice_conversions.cu.o[0m
[201.005s] [ 38%] [32mBuilding CXX object CMakeFiles/nvblox_ros_lib.dir/src/lib/nvblox_node_params.cpp.o[0m
[201.005s] [ 39%] [32mBuilding CXX object CMakeFiles/nvblox_ros_lib.dir/src/lib/nvblox_node.cpp.o[0m
[201.269s] [ 39%] [32m[1mLinking CXX executable run_memcpy_on_default_cuda_stream[0m
[201.438s] [ 39%] Built target run_memcpy_on_default_cuda_stream
[204.572s] [ 40%] [32m[1mLinking CXX executable sphere_benchmark[0m
[204.707s] [ 40%] Built target sphere_benchmark
[205.133s] [ 41%] [32m[1mLinking CXX executable load_map_and_mesh[0m
[205.259s] [ 41%] Built target load_map_and_mesh
[210.239s] [ 41%] [32m[1mLinking CXX shared library libnvblox_datasets.so[0m
[210.368s] [ 41%] Built target nvblox_datasets
[210.420s] [ 41%] [32mBuilding CXX object nvblox_core/nvblox/executables/CMakeFiles/fuse_replica.dir/src/fuse_replica.cpp.o[0m
[210.421s] [ 41%] [32mBuilding CUDA object nvblox_core/nvblox/tests/CMakeFiles/nvblox_test_utils.dir/lib/cuda/gpu_image_routines.cu.o[0m
[210.421s] [ 41%] [32mBuilding CXX object nvblox_core/nvblox/executables/CMakeFiles/fuse_redwood.dir/src/fuse_redwood.cpp.o[0m
[210.422s] [ 41%] [32mBuilding CUDA object nvblox_core/nvblox/tests/CMakeFiles/nvblox_test_utils.dir/lib/cuda/increment_kernel.cu.o[0m
[210.422s] [ 41%] [32mBuilding CUDA object nvblox_core/nvblox/tests/CMakeFiles/nvblox_test_utils.dir/lib/cuda/blox_utils.cu.o[0m
[210.422s] [ 43%] [32mBuilding CUDA object nvblox_core/nvblox/tests/CMakeFiles/nvblox_test_utils.dir/lib/cuda/blox.cu.o[0m
[210.422s] [ 43%] [32mBuilding CUDA object nvblox_core/nvblox/tests/CMakeFiles/nvblox_test_utils.dir/lib/cuda/gpu_layer_utils.cu.o[0m
[210.422s] [ 44%] [32mBuilding CXX object nvblox_core/nvblox/executables/CMakeFiles/fuse_3dmatch.dir/src/fuse_3dmatch.cpp.o[0m
[210.423s] [ 46%] [32mBuilding CUDA object nvblox_core/nvblox/tests/CMakeFiles/nvblox_test_utils.dir/lib/cuda/gpu_indexing.cu.o[0m
[210.423s] [ 46%] [32mBuilding CUDA object nvblox_core/nvblox/tests/CMakeFiles/nvblox_test_utils.dir/lib/cuda/projective_tsdf_integrator_cuda_components.cu.o[0m
[210.423s] [ 46%] [32mBuilding CUDA object nvblox_core/nvblox/tests/CMakeFiles/nvblox_test_utils.dir/lib/cuda/interpolation_2d_gpu.cu.o[0m
[210.423s] [ 47%] [32mBuilding CXX object nvblox_core/nvblox/experiments/CMakeFiles/test_bench.dir/src/test_bench.cpp.o[0m
[210.423s] [ 47%] [32mBuilding CXX object nvblox_core/nvblox/tests/CMakeFiles/nvblox_test_utils.dir/lib/utils.cpp.o[0m
[210.423s] [ 47%] [32mBuilding CUDA object nvblox_core/nvblox/tests/CMakeFiles/nvblox_test_utils.dir/lib/cuda/weighting_utils.cu.o[0m
[210.423s] [ 47%] [32mBuilding CUDA object nvblox_core/nvblox/tests/CMakeFiles/nvblox_test_utils.dir/lib/cuda/test_utils_cuda.cu.o[0m
[210.424s] [ 47%] [32mBuilding CXX object nvblox_core/nvblox/tests/CMakeFiles/nvblox_test_utils.dir/lib/integrator_utils.cpp.o[0m
[210.425s] [ 47%] [32mBuilding CUDA object nvblox_core/nvblox/tests/CMakeFiles/nvblox_test_utils.dir/lib/cuda/mesh_utils.cu.o[0m
[210.425s] [ 47%] [32mBuilding CUDA object nvblox_core/nvblox/tests/CMakeFiles/nvblox_test_utils.dir/lib/cuda/layer.cu.o[0m
[210.425s] [ 48%] [32mBuilding CXX object nvblox_core/nvblox/tests/CMakeFiles/nvblox_test_utils.dir/lib/projective_tsdf_integrator_cpu.cpp.o[0m
[210.427s] [ 49%] [32mBuilding CXX object nvblox_core/nvblox/tests/CMakeFiles/nvblox_test_utils.dir/lib/esdf_integrator_cpu.cpp.o[0m
[213.662s] [ 50%] [32m[1mLinking CXX executable fuse_redwood[0m
[213.753s] [ 50%] [32m[1mLinking CXX executable fuse_3dmatch[0m
[213.803s] [ 50%] Built target fuse_redwood
[213.894s] [ 50%] Built target fuse_3dmatch
[214.336s] [ 50%] [32m[1mLinking CXX executable fuse_replica[0m
[214.482s] [ 50%] Built target fuse_replica
[214.490s] [ 50%] [32m[1mLinking CXX executable test_bench[0m
[214.603s] [ 50%] Built target test_bench
[257.155s] [ 50%] [32m[1mLinking CXX executable esdf_query[0m
[257.282s] [ 50%] Built target esdf_query
[266.829s] [ 50%] [32m[1mLinking CXX shared library libnvblox_test_utils.so[0m
[266.980s] [ 50%] Built target nvblox_test_utils
[267.064s] [ 50%] [32mBuilding CXX object nvblox_core/nvblox/tests/CMakeFiles/test_3d_interpolation.dir/test_3d_interpolation.cpp.o[0m
[267.064s] [ 50%] [32mBuilding CXX object nvblox_core/nvblox/tests/CMakeFiles/test_blox.dir/test_blox.cpp.o[0m
[267.067s] [ 51%] [32mBuilding CXX object nvblox_core/nvblox/tests/CMakeFiles/test_connected_components.dir/test_connected_components.cpp.o[0m
[267.067s] [ 51%] [32mBuilding CXX object nvblox_core/nvblox/tests/CMakeFiles/test_camera.dir/test_camera.cpp.o[0m
[267.067s] [ 52%] [32mBuilding CXX object nvblox_core/nvblox/tests/CMakeFiles/test_cake.dir/test_cake.cpp.o[0m
[267.067s] [ 52%] [32mBuilding CXX object nvblox_core/nvblox/tests/CMakeFiles/test_color_integrator.dir/test_color_integrator.cpp.o[0m
[267.068s] [ 53%] [32mBuilding CXX object nvblox_core/nvblox/tests/CMakeFiles/test_for_memory_leaks.dir/test_for_memory_leaks.cpp.o[0m
[267.069s] [ 54%] [32mBuilding CXX object nvblox_core/nvblox/tests/CMakeFiles/test_bounding_spheres.dir/test_bounding_spheres.cpp.o[0m
[267.070s] [ 55%] [32mBuilding CXX object nvblox_core/nvblox/tests/CMakeFiles/test_dynamics.dir/test_dynamics.cpp.o[0m
[267.070s] [ 55%] [32mBuilding CXX object nvblox_core/nvblox/tests/CMakeFiles/test_cuda_stream.dir/test_cuda_stream.cpp.o[0m
[267.070s] [ 55%] [32mBuilding CXX object nvblox_core/nvblox/tests/CMakeFiles/test_image_projector.dir/test_image_projector.cpp.o[0m
[267.071s] [ 56%] [32mBuilding CXX object nvblox_core/nvblox/tests/CMakeFiles/test_3dmatch.dir/test_3dmatch.cpp.o[0m
[267.072s] [ 56%] [32mBuilding CXX object nvblox_core/nvblox/tests/CMakeFiles/test_frustum.dir/test_frustum.cpp.o[0m
[267.077s] [ 56%] [32mBuilding CXX object nvblox_core/nvblox/tests/CMakeFiles/test_depth_image.dir/test_depth_image.cpp.o[0m
[267.080s] [ 56%] [32mBuilding CXX object nvblox_core/nvblox/tests/CMakeFiles/test_color_image.dir/test_color_image.cpp.o[0m
[267.080s] [ 57%] [32mBuilding CXX object nvblox_core/nvblox/tests/CMakeFiles/test_freespace_integrator.dir/test_freespace_integrator.cpp.o[0m
[267.080s] [ 57%] [32mBuilding CXX object nvblox_core/nvblox/tests/CMakeFiles/test_gpu_layer_view.dir/test_gpu_layer_view.cpp.o[0m
[267.087s] [ 57%] [32mBuilding CXX object nvblox_core/nvblox/tests/CMakeFiles/test_image_masker.dir/test_image_masker.cpp.o[0m
[267.087s] [ 58%] [32mBuilding CXX object nvblox_core/nvblox/tests/CMakeFiles/test_lidar.dir/test_lidar.cpp.o[0m
[267.087s] [ 58%] [32mBuilding CXX object nvblox_core/nvblox/tests/CMakeFiles/test_fuser.dir/test_fuser.cpp.o[0m
[267.087s] [ 59%] [32mBuilding CXX object nvblox_core/nvblox/tests/CMakeFiles/test_layer.dir/test_layer.cpp.o[0m
[267.087s] [ 59%] [32mBuilding CXX object nvblox_core/nvblox/tests/CMakeFiles/test_mapper_block_allocation.dir/test_mapper_block_allocation.cpp.o[0m
[267.088s] [ 59%] [32mBuilding CXX object nvblox_core/nvblox/tests/CMakeFiles/test_mapper.dir/test_mapper.cpp.o[0m
[267.088s] [ 60%] [32mBuilding CXX object nvblox_core/nvblox/tests/CMakeFiles/test_indexing.dir/test_indexing.cpp.o[0m
[267.088s] [ 60%] [32mBuilding CXX object nvblox_core/nvblox/tests/CMakeFiles/test_multi_mapper.dir/test_multi_mapper.cpp.o[0m
[267.088s] [ 60%] [32mBuilding CXX object nvblox_core/nvblox/tests/CMakeFiles/test_ray_caster.dir/test_ray_caster.cpp.o[0m
[267.089s] [ 61%] [32mBuilding CXX object nvblox_core/nvblox/tests/CMakeFiles/test_lidar_integration.dir/test_lidar_integration.cpp.o[0m
[267.090s] [ 61%] [32mBuilding CXX object nvblox_core/nvblox/tests/CMakeFiles/test_mesh.dir/test_mesh.cpp.o[0m
[267.092s] [ 61%] [32mBuilding CXX object nvblox_core/nvblox/tests/CMakeFiles/test_image_io.dir/test_image_io.cpp.o[0m
[267.092s] [ 62%] [32mBuilding CXX object nvblox_core/nvblox/tests/CMakeFiles/test_mesh_coloring.dir/test_mesh_coloring.cpp.o[0m
[267.093s] [ 62%] [32mBuilding CXX object nvblox_core/nvblox/tests/CMakeFiles/test_mesh_serializer.dir/test_mesh_serializer.cpp.o[0m
[267.093s] [ 63%] [32mBuilding CXX object nvblox_core/nvblox/tests/CMakeFiles/test_tsdf_decay.dir/test_tsdf_decay.cpp.o[0m
[267.093s] [ 64%] [32mBuilding CXX object nvblox_core/nvblox/tests/CMakeFiles/test_time.dir/test_time.cpp.o[0m
[267.094s] [ 65%] [32mBuilding CXX object nvblox_core/nvblox/tests/CMakeFiles/test_pointcloud.dir/test_pointcloud.cpp.o[0m
[267.095s] [ 65%] [32mBuilding CXX object nvblox_core/nvblox/tests/CMakeFiles/test_unified_ptr.dir/test_unified_ptr.cpp.o[0m
[267.095s] [ 65%] [32mBuilding CXX object nvblox_core/nvblox/tests/CMakeFiles/test_sphere_tracing.dir/test_sphere_tracing.cpp.o[0m
[267.095s] [ 65%] [32mBuilding CXX object nvblox_core/nvblox/tests/CMakeFiles/test_nvtx_ranges.dir/test_nvtx_ranges.cpp.o[0m
[267.095s] [ 65%] [32mBuilding CXX object nvblox_core/nvblox/tests/CMakeFiles/test_unified_3d_grid.dir/test_unified_3d_grid.cpp.o[0m
[267.095s] [ 66%] [32mBuilding CXX object nvblox_core/nvblox/tests/CMakeFiles/test_traits.dir/test_traits.cpp.o[0m
[267.095s] [ 66%] [32mBuilding CXX object nvblox_core/nvblox/tests/CMakeFiles/test_occupancy_decay.dir/test_occupancy_decay.cpp.o[0m
[267.098s] [ 66%] [32mBuilding CXX object nvblox_core/nvblox/tests/CMakeFiles/test_tsdf_integrator.dir/test_tsdf_integrator.cpp.o[0m
[267.098s] [ 66%] [32mBuilding CXX object nvblox_core/nvblox/tests/CMakeFiles/test_tsdf_integrator_cuda_components.dir/test_tsdf_integrator_cuda_components.cpp.o[0m
[267.100s] [ 67%] [32mBuilding CXX object nvblox_core/nvblox/tests/CMakeFiles/test_occupancy_integrator.dir/test_occupancy_integrator.cpp.o[0m
[267.103s] [ 67%] [32mBuilding CXX object nvblox_core/nvblox/tests/CMakeFiles/test_unified_vector.dir/test_unified_vector.cpp.o[0m
[267.104s] [ 68%] [32mBuilding CXX object nvblox_core/nvblox/tests/CMakeFiles/test_scene.dir/test_scene.cpp.o[0m
[267.108s] [ 68%] [32mBuilding CXX object nvblox_core/nvblox/tests/CMakeFiles/test_serialization.dir/test_serialization.cpp.o[0m
[268.580s] [ 68%] [32m[1mLinking CXX executable test_time[0m
[268.794s] [ 68%] [32mBuilding CXX object nvblox_core/nvblox/tests/CMakeFiles/test_weighting_function.dir/test_weighting_function.cpp.o[0m
[268.977s] [ 68%] Built target test_time
[269.087s] [ 68%] [32mBuilding CXX object nvblox_core/nvblox/tests/CMakeFiles/test_rates.dir/test_rates.cpp.o[0m
[269.806s] [ 68%] [32m[1mLinking CXX executable test_bounding_spheres[0m
[269.865s] [ 69%] [32m[1mLinking CXX executable test_cuda_stream[0m
[270.226s] [ 69%] Built target test_bounding_spheres
[270.291s] [ 69%] Built target test_cuda_stream
[270.367s] [ 69%] [32mBuilding CXX object nvblox_core/nvblox/tests/CMakeFiles/test_mesh_streamer.dir/test_mesh_streamer.cpp.o[0m
[270.418s] [ 70%] [32mBuilding CXX object nvblox_core/nvblox/tests/CMakeFiles/test_npp_image_operations.dir/test_npp_image_operations.cpp.o[0m
[270.758s] [ 70%] [32m[1mLinking CXX executable test_traits[0m
[271.134s] [ 70%] Built target test_traits
[271.269s] [ 71%] [32mBuilding CXX object nvblox_core/nvblox/tests/CMakeFiles/test_depth_image_preprocessing.dir/test_depth_image_preprocessing.cpp.o[0m
[271.276s] [ 71%] [32m[1mLinking CXX executable test_unified_3d_grid[0m
[271.310s] [ 72%] [32m[1mLinking CXX executable test_nvtx_ranges[0m
[271.318s] [ 73%] [32m[1mLinking CXX executable test_rates[0m
[271.654s] [ 73%] Built target test_unified_3d_grid
[271.663s] [ 74%] [32m[1mLinking CXX executable test_pointcloud[0m
[271.709s] [ 74%] Built target test_rates
[271.717s] [ 74%] [32m[1mLinking CXX executable test_ray_caster[0m
[271.727s] [ 74%] [32m[1mLinking CXX executable test_blox[0m
[271.733s] [ 75%] [32m[1mLinking CXX executable test_weighting_function[0m
[271.766s] [ 75%] [32mBuilding CXX object nvblox_core/nvblox/tests/CMakeFiles/test_layer_serializer_gpu.dir/test_layer_serializer_gpu.cpp.o[0m
[271.787s] [ 75%] Built target test_nvtx_ranges
[271.796s] [ 75%] [32m[1mLinking CXX executable test_connected_components[0m
[271.827s] [ 75%] [32m[1mLinking CXX executable test_indexing[0m
[271.847s] [ 76%] [32mBuilding CXX object nvblox_core/nvblox/tests/CMakeFiles/test_image_cache.dir/test_image_cache.cpp.o[0m
[271.913s] [ 77%] [32mBuilding CXX object nvblox_core/nvblox/tests/CMakeFiles/test_params.dir/test_params.cpp.o[0m
[272.035s] [ 77%] Built target test_pointcloud
[272.114s] [ 77%] Built target test_ray_caster
[272.138s] [ 77%] Built target test_weighting_function
[272.163s] [ 77%] Built target test_blox
[272.163s] [ 77%] [32mBuilding CXX object nvblox_core/nvblox/tests/CMakeFiles/test_block_memory_pool.dir/test_block_memory_pool.cpp.o[0m
[272.243s] [ 77%] [32mBuilding CXX object nvblox_core/nvblox/tests/CMakeFiles/test_delays.dir/test_delays.cpp.o[0m
[272.243s] [ 77%] Built target test_connected_components
[272.251s] [ 78%] [32mBuilding CUDA object nvblox_core/nvblox/tests/CMakeFiles/regression_test_query_after_clear.dir/regression_test_query_after_clear.cu.o[0m
[272.267s] [ 78%] Built target test_indexing
[272.268s] [ 78%] [32mBuilding CUDA object nvblox_core/nvblox/tests/CMakeFiles/test_layer_to_3d_grid.dir/test_layer_to_3d_grid.cu.o[0m
[272.358s] [ 78%] [32mBuilding CXX object nvblox_core/nvblox/tests/CMakeFiles/test_esdf_integrator.dir/test_esdf_integrator.cpp.o[0m
[272.402s] [ 78%] [32mBuilding CXX object nvblox_core/nvblox/tests/CMakeFiles/benchmark.dir/benchmark.cpp.o[0m
[272.593s] [ 79%] [32m[1mLinking CXX executable test_unified_vector[0m
[272.672s] [ 80%] [32m[1mLinking CXX executable test_image_io[0m
[272.784s] [ 80%] [32m[1mLinking CXX executable test_unified_ptr[0m
[272.787s] [ 81%] [32m[1mLinking CXX executable test_fuser[0m
[272.997s] [ 81%] [32m[1mLinking CXX executable test_gpu_layer_view[0m
[273.069s] [ 81%] Built target test_unified_vector
[273.102s] [ 82%] [32m[1mLinking CXX executable test_image_masker[0m
[273.121s] [ 82%] Built target test_image_io
[273.240s] [ 82%] Built target test_unified_ptr
[273.267s] [ 82%] Built target test_fuser
[273.355s] [ 83%] [32m[1mLinking CXX executable test_camera[0m
[273.386s] [ 83%] Built target test_gpu_layer_view
[273.423s] [ 83%] [32m[1mLinking CXX executable test_cake[0m
[273.474s] [ 83%] [32m[1mLinking CXX executable test_occupancy_decay[0m
[273.487s] [ 83%] Built target test_image_masker
[273.493s] [ 83%] [32m[1mLinking CXX executable test_lidar[0m
[273.559s] [ 83%] [32m[1mLinking CXX executable test_freespace_integrator[0m
[273.611s] [ 83%] [32m[1mLinking CXX executable test_depth_image[0m
[273.665s] [ 83%] [32m[1mLinking CXX executable test_params[0m
[273.665s] [ 83%] Built target test_camera
[273.731s] [ 84%] [32m[1mLinking CXX executable test_mesh_serializer[0m
[273.754s] [ 84%] Built target test_cake
[273.789s] [ 84%] Built target test_occupancy_decay
[273.803s] [ 84%] [32m[1mLinking CXX executable test_for_memory_leaks[0m
[273.820s] [ 84%] Built target test_lidar
[273.877s] [ 84%] Built target test_freespace_integrator
[273.913s] [ 84%] Built target test_params
[273.925s] [ 84%] Built target test_depth_image
[273.930s] [ 85%] [32m[1mLinking CXX executable test_delays[0m
[274.007s] [ 85%] [32m[1mLinking CXX executable test_image_projector[0m
[274.017s] [ 85%] Built target test_mesh_serializer
[274.106s] [ 85%] Built target test_for_memory_leaks
[274.157s] [ 85%] Built target test_delays
[274.217s] [ 85%] [32m[1mLinking CXX executable test_3d_interpolation[0m
[274.257s] [ 85%] Built target test_image_projector
[274.331s] [ 85%] [32m[1mLinking CXX executable test_3dmatch[0m
[274.341s] [ 85%] [32m[1mLinking CXX executable test_multi_mapper[0m
[274.494s] [ 85%] Built target test_3d_interpolation
[274.556s] [ 85%] [32m[1mLinking CXX executable test_occupancy_integrator[0m
[274.558s] [ 85%] Built target test_3dmatch
[274.564s] [ 85%] [32m[1mLinking CXX executable test_lidar_integration[0m
[274.617s] [ 85%] Built target test_multi_mapper
[274.620s] [ 86%] [32m[1mLinking CXX executable test_color_image[0m
[274.745s] [ 86%] [32m[1mLinking CXX executable test_image_cache[0m
[274.763s] [ 86%] Built target test_occupancy_integrator
[274.784s] [ 86%] Built target test_lidar_integration
[274.863s] [ 86%] Built target test_color_image
[274.933s] [ 87%] [32m[1mLinking CXX executable test_serialization[0m
[274.983s] [ 87%] Built target test_image_cache
[275.126s] [ 87%] Built target test_serialization
[275.150s] [ 87%] [32m[1mLinking CXX executable test_tsdf_integrator_cuda_components[0m
[275.247s] [ 88%] [32m[1mLinking CXX executable test_tsdf_integrator[0m
[275.272s] [ 88%] [32m[1mLinking CXX executable test_mesh_coloring[0m
[275.362s] [ 88%] Built target test_tsdf_integrator_cuda_components
[275.410s] [ 89%] [32m[1mLinking CXX executable test_block_memory_pool[0m
[275.450s] [ 89%] Built target test_tsdf_integrator
[275.467s] [ 89%] Built target test_mesh_coloring
[275.599s] [ 89%] Built target test_block_memory_pool
[275.606s] [ 89%] [32m[1mLinking CXX executable test_dynamics[0m
[275.654s] [ 90%] [32m[1mLinking CXX executable test_frustum[0m
[275.685s] [ 90%] [32m[1mLinking CXX executable test_color_integrator[0m
[275.685s] [ 90%] [32m[1mLinking CXX executable test_tsdf_decay[0m
[275.797s] [ 90%] Built target test_dynamics
[275.848s] [ 90%] Built target test_frustum
[275.870s] [ 90%] [32m[1mLinking CXX executable test_depth_image_preprocessing[0m
[275.877s] [ 90%] Built target test_tsdf_decay
[275.878s] [ 90%] Built target test_color_integrator
[275.952s] [ 91%] [32m[1mLinking CXX executable test_mapper[0m
[276.051s] [ 91%] Built target test_depth_image_preprocessing
[276.129s] [ 91%] Built target test_mapper
[276.141s] [ 91%] [32m[1mLinking CXX executable test_layer[0m
[276.159s] [ 91%] [32m[1mLinking CXX executable test_mesh[0m
[276.318s] [ 91%] Built target test_layer
[276.342s] [ 91%] Built target test_mesh
[276.455s] [ 92%] [32m[1mLinking CXX executable test_layer_serializer_gpu[0m
[276.525s] [ 92%] [32m[1mLinking CXX executable test_npp_image_operations[0m
[276.625s] [ 92%] Built target test_layer_serializer_gpu
[276.673s] [ 93%] [32m[1mLinking CXX executable test_mesh_streamer[0m
[276.699s] [ 94%] [32m[1mLinking CXX executable test_sphere_tracing[0m
[276.702s] [ 94%] Built target test_npp_image_operations
[276.851s] [ 94%] Built target test_mesh_streamer
[276.875s] [ 94%] Built target test_sphere_tracing
[277.225s] [ 94%] [32m[1mLinking CXX executable benchmark[0m
[277.353s] [ 94%] Built target benchmark
[277.648s] [ 95%] [32m[1mLinking CXX executable test_mapper_block_allocation[0m
[277.831s] [ 95%] Built target test_mapper_block_allocation
[277.961s] [ 95%] [32m[1mLinking CXX executable test_scene[0m
[278.120s] [ 95%] Built target test_scene
[279.248s] [ 96%] [32m[1mLinking CXX shared library libnvblox_ros_lib.so[0m
[279.821s] [ 96%] Built target nvblox_ros_lib
[279.863s] [ 98%] [32mBuilding CXX object CMakeFiles/nvblox_human_node.dir/src/nvblox_human_node_main.cpp.o[0m
[279.863s] [ 98%] [32mBuilding CXX object CMakeFiles/nvblox_node.dir/src/nvblox_node_main.cpp.o[0m
[279.867s] [ 98%] [32mBuilding CXX object test/unit_tests/CMakeFiles/test_esdf_and_gradient_conversions.dir/test_esdf_and_gradient_conversions.cpp.o[0m
[279.868s] [ 99%] [32mBuilding CXX object test/unit_tests/CMakeFiles/test_nvblox_node_params.dir/test_nvblox_node_params.cpp.o[0m
[280.362s] [ 99%] [32m[1mLinking CXX executable test_esdf_integrator[0m
[280.552s] [ 99%] Built target test_esdf_integrator
[285.057s] [100%] [32m[1mLinking CXX executable test_esdf_and_gradient_conversions[0m
[285.428s] [100%] Built target test_esdf_and_gradient_conversions
[285.697s] [100%] [32m[1mLinking CXX executable test_nvblox_node_params[0m
[286.057s] [100%] Built target test_nvblox_node_params
[292.657s] [100%] [32m[1mLinking CXX executable nvblox_node[0m
[292.983s] [100%] Built target nvblox_node
[298.211s] [100%] [32m[1mLinking CXX executable nvblox_human_node[0m
[298.596s] [100%] Built target nvblox_human_node
[314.504s] [100%] [32m[1mLinking CXX executable regression_test_query_after_clear[0m
[314.660s] [100%] Built target regression_test_query_after_clear
[328.251s] [100%] [32m[1mLinking CXX executable test_layer_to_3d_grid[0m
[328.423s] [100%] Built target test_layer_to_3d_grid
[328.440s] Invoked command in '/workspaces/isaac_ros-dev/src/isaac_ros_nvblox/build/nvblox_ros' returned '0': AMENT_PREFIX_PATH=/workspaces/isaac_ros-dev/src/isaac_ros_nvblox/install/nvblox_rviz_plugin:/workspaces/isaac_ros-dev/src/isaac_ros_nvblox/install/nvblox_ros_python_utils:/workspaces/isaac_ros-dev/src/isaac_ros_nvblox/install/nvblox_ros_common:/workspaces/isaac_ros-dev/src/isaac_ros_nvblox/install/nvblox_msgs:${AMENT_PREFIX_PATH} CMAKE_PREFIX_PATH=/workspaces/isaac_ros-dev/src/isaac_ros_nvblox/install/nvblox_rviz_plugin:/workspaces/isaac_ros-dev/src/isaac_ros_nvblox/install/nvblox_ros_common:/workspaces/isaac_ros-dev/src/isaac_ros_nvblox/install/nvblox_msgs:/opt/ros/humble LD_LIBRARY_PATH=/workspaces/isaac_ros-dev/src/isaac_ros_nvblox/install/nvblox_rviz_plugin/lib:/workspaces/isaac_ros-dev/src/isaac_ros_nvblox/install/nvblox_ros_common/lib:/workspaces/isaac_ros-dev/src/isaac_ros_nvblox/install/nvblox_msgs/lib:${LD_LIBRARY_PATH} PYTHONPATH=/workspaces/isaac_ros-dev/src/isaac_ros_nvblox/build/nvblox_ros_python_utils:/workspaces/isaac_ros-dev/src/isaac_ros_nvblox/install/nvblox_ros_python_utils/lib/python3.10/site-packages:/workspaces/isaac_ros-dev/src/isaac_ros_nvblox/install/nvblox_msgs/local/lib/python3.10/dist-packages:${PYTHONPATH} _=/usr/bin/env /usr/bin/cmake --build /workspaces/isaac_ros-dev/src/isaac_ros_nvblox/build/nvblox_ros -- -j48 -l48
[330.025s] Invoking command in '/workspaces/isaac_ros-dev/src/isaac_ros_nvblox/build/nvblox_ros': AMENT_PREFIX_PATH=/workspaces/isaac_ros-dev/src/isaac_ros_nvblox/install/nvblox_rviz_plugin:/workspaces/isaac_ros-dev/src/isaac_ros_nvblox/install/nvblox_ros_python_utils:/workspaces/isaac_ros-dev/src/isaac_ros_nvblox/install/nvblox_ros_common:/workspaces/isaac_ros-dev/src/isaac_ros_nvblox/install/nvblox_msgs:${AMENT_PREFIX_PATH} CMAKE_PREFIX_PATH=/workspaces/isaac_ros-dev/src/isaac_ros_nvblox/install/nvblox_rviz_plugin:/workspaces/isaac_ros-dev/src/isaac_ros_nvblox/install/nvblox_ros_common:/workspaces/isaac_ros-dev/src/isaac_ros_nvblox/install/nvblox_msgs:/opt/ros/humble LD_LIBRARY_PATH=/workspaces/isaac_ros-dev/src/isaac_ros_nvblox/install/nvblox_rviz_plugin/lib:/workspaces/isaac_ros-dev/src/isaac_ros_nvblox/install/nvblox_ros_common/lib:/workspaces/isaac_ros-dev/src/isaac_ros_nvblox/install/nvblox_msgs/lib:${LD_LIBRARY_PATH} PYTHONPATH=/workspaces/isaac_ros-dev/src/isaac_ros_nvblox/build/nvblox_ros_python_utils:/workspaces/isaac_ros-dev/src/isaac_ros_nvblox/install/nvblox_ros_python_utils/lib/python3.10/site-packages:/workspaces/isaac_ros-dev/src/isaac_ros_nvblox/install/nvblox_msgs/local/lib/python3.10/dist-packages:${PYTHONPATH} _=/usr/bin/env /usr/bin/cmake --install /workspaces/isaac_ros-dev/src/isaac_ros_nvblox/build/nvblox_ros
[330.033s] -- Install configuration: "Release"
[330.033s] -- Execute custom install script
[330.035s] -- Symlinking: /workspaces/isaac_ros-dev/src/isaac_ros_nvblox/install/nvblox_ros/include/nvblox/core/color.h
[330.044s] -- Symlinking: /workspaces/isaac_ros-dev/src/isaac_ros_nvblox/install/nvblox_ros/include/nvblox/core/cuda_stream.h
[330.053s] -- Symlinking: /workspaces/isaac_ros-dev/src/isaac_ros_nvblox/install/nvblox_ros/include/nvblox/core/hash.h
[330.063s] -- Symlinking: /workspaces/isaac_ros-dev/src/isaac_ros_nvblox/install/nvblox_ros/include/nvblox/core/indexing.h
[330.072s] -- Symlinking: /workspaces/isaac_ros-dev/src/isaac_ros_nvblox/install/nvblox_ros/include/nvblox/core/internal/cuda/atomic_float.cuh
[330.081s] -- Symlinking: /workspaces/isaac_ros-dev/src/isaac_ros_nvblox/install/nvblox_ros/include/nvblox/core/internal/cuda/impl/atomic_float_impl.cuh
[330.090s] -- Symlinking: /workspaces/isaac_ros-dev/src/isaac_ros_nvblox/install/nvblox_ros/include/nvblox/core/internal/error_check.h
[330.099s] -- Symlinking: /workspaces/isaac_ros-dev/src/isaac_ros_nvblox/install/nvblox_ros/include/nvblox/core/internal/impl/indexing_impl.h
[330.109s] -- Symlinking: /workspaces/isaac_ros-dev/src/isaac_ros_nvblox/install/nvblox_ros/include/nvblox/core/internal/impl/unified_ptr_impl.h
[330.118s] -- Symlinking: /workspaces/isaac_ros-dev/src/isaac_ros_nvblox/install/nvblox_ros/include/nvblox/core/internal/impl/unified_vector_impl.h
[330.128s] -- Symlinking: /workspaces/isaac_ros-dev/src/isaac_ros_nvblox/install/nvblox_ros/include/nvblox/core/internal/impl/variadic_template_tools_impl.h
[330.136s] -- Symlinking: /workspaces/isaac_ros-dev/src/isaac_ros_nvblox/install/nvblox_ros/include/nvblox/core/internal/warmup_cuda.h
[330.144s] -- Symlinking: /workspaces/isaac_ros-dev/src/isaac_ros_nvblox/install/nvblox_ros/include/nvblox/core/iterator.h
[330.154s] -- Symlinking: /workspaces/isaac_ros-dev/src/isaac_ros_nvblox/install/nvblox_ros/include/nvblox/core/log_odds.h
[330.163s] -- Symlinking: /workspaces/isaac_ros-dev/src/isaac_ros_nvblox/install/nvblox_ros/include/nvblox/core/parameter_tree.h
[330.174s] -- Symlinking: /workspaces/isaac_ros-dev/src/isaac_ros_nvblox/install/nvblox_ros/include/nvblox/core/time.h
[330.182s] -- Symlinking: /workspaces/isaac_ros-dev/src/isaac_ros_nvblox/install/nvblox_ros/include/nvblox/core/traits.h
[330.191s] -- Symlinking: /workspaces/isaac_ros-dev/src/isaac_ros_nvblox/install/nvblox_ros/include/nvblox/core/types.h
[330.201s] -- Symlinking: /workspaces/isaac_ros-dev/src/isaac_ros_nvblox/install/nvblox_ros/include/nvblox/core/unified_ptr.h
[330.210s] -- Symlinking: /workspaces/isaac_ros-dev/src/isaac_ros_nvblox/install/nvblox_ros/include/nvblox/core/unified_vector.h
[330.219s] -- Symlinking: /workspaces/isaac_ros-dev/src/isaac_ros_nvblox/install/nvblox_ros/include/nvblox/core/variadic_template_tools.h
[330.229s] -- Symlinking: /workspaces/isaac_ros-dev/src/isaac_ros_nvblox/install/nvblox_ros/include/nvblox/dynamics/dynamics_detection.h
[330.238s] -- Symlinking: /workspaces/isaac_ros-dev/src/isaac_ros_nvblox/install/nvblox_ros/include/nvblox/geometry/bounding_boxes.h
[330.248s] -- Symlinking: /workspaces/isaac_ros-dev/src/isaac_ros_nvblox/install/nvblox_ros/include/nvblox/geometry/bounding_spheres.h
[330.260s] -- Symlinking: /workspaces/isaac_ros-dev/src/isaac_ros_nvblox/install/nvblox_ros/include/nvblox/geometry/internal/impl/bounding_boxes_impl.h
[330.270s] -- Symlinking: /workspaces/isaac_ros-dev/src/isaac_ros_nvblox/install/nvblox_ros/include/nvblox/gpu_hash/gpu_layer_view.h
[330.281s] -- Symlinking: /workspaces/isaac_ros-dev/src/isaac_ros_nvblox/install/nvblox_ros/include/nvblox/gpu_hash/internal/cuda/gpu_hash_interface.cuh
[330.292s] -- Symlinking: /workspaces/isaac_ros-dev/src/isaac_ros_nvblox/install/nvblox_ros/include/nvblox/gpu_hash/internal/cuda/gpu_indexing.cuh
[330.302s] -- Symlinking: /workspaces/isaac_ros-dev/src/isaac_ros_nvblox/install/nvblox_ros/include/nvblox/gpu_hash/internal/cuda/gpu_set.cuh
[330.311s] -- Symlinking: /workspaces/isaac_ros-dev/src/isaac_ros_nvblox/install/nvblox_ros/include/nvblox/gpu_hash/internal/cuda/impl/gpu_hash_interface_impl.cuh
[330.323s] -- Symlinking: /workspaces/isaac_ros-dev/src/isaac_ros_nvblox/install/nvblox_ros/include/nvblox/gpu_hash/internal/cuda/impl/gpu_layer_view_impl.cuh
[330.334s] -- Symlinking: /workspaces/isaac_ros-dev/src/isaac_ros_nvblox/install/nvblox_ros/include/nvblox/integrators/esdf_integrator.h
[330.344s] -- Symlinking: /workspaces/isaac_ros-dev/src/isaac_ros_nvblox/install/nvblox_ros/include/nvblox/integrators/esdf_integrator_params.h
[330.354s] -- Symlinking: /workspaces/isaac_ros-dev/src/isaac_ros_nvblox/install/nvblox_ros/include/nvblox/integrators/esdf_slicer.h
[330.363s] -- Symlinking: /workspaces/isaac_ros-dev/src/isaac_ros_nvblox/install/nvblox_ros/include/nvblox/integrators/freespace_integrator.h
[330.373s] -- Symlinking: /workspaces/isaac_ros-dev/src/isaac_ros_nvblox/install/nvblox_ros/include/nvblox/integrators/freespace_integrator_params.h
[330.382s] -- Symlinking: /workspaces/isaac_ros-dev/src/isaac_ros_nvblox/install/nvblox_ros/include/nvblox/integrators/internal/cuda/impl/decayer_impl.cuh
[330.392s] -- Symlinking: /workspaces/isaac_ros-dev/src/isaac_ros_nvblox/install/nvblox_ros/include/nvblox/integrators/internal/cuda/impl/projective_integrator_impl.cuh
[330.401s] -- Symlinking: /workspaces/isaac_ros-dev/src/isaac_ros_nvblox/install/nvblox_ros/include/nvblox/integrators/internal/cuda/impl/projective_integrators_common_impl.cuh
[330.410s] -- Symlinking: /workspaces/isaac_ros-dev/src/isaac_ros_nvblox/install/nvblox_ros/include/nvblox/integrators/internal/cuda/projective_integrators_common.cuh
[330.419s] -- Symlinking: /workspaces/isaac_ros-dev/src/isaac_ros_nvblox/install/nvblox_ros/include/nvblox/integrators/internal/decay_integrator_base.h
[330.428s] -- Symlinking: /workspaces/isaac_ros-dev/src/isaac_ros_nvblox/install/nvblox_ros/include/nvblox/integrators/internal/decay_integrator_base_params.h
[330.437s] -- Symlinking: /workspaces/isaac_ros-dev/src/isaac_ros_nvblox/install/nvblox_ros/include/nvblox/integrators/internal/decayer.h
[330.447s] -- Symlinking: /workspaces/isaac_ros-dev/src/isaac_ros_nvblox/install/nvblox_ros/include/nvblox/integrators/internal/impl/decay_integrator_impl.h
[330.458s] -- Symlinking: /workspaces/isaac_ros-dev/src/isaac_ros_nvblox/install/nvblox_ros/include/nvblox/integrators/internal/impl/integrators_common_impl.h
[330.467s] -- Symlinking: /workspaces/isaac_ros-dev/src/isaac_ros_nvblox/install/nvblox_ros/include/nvblox/integrators/internal/impl/projective_integrator_impl.h
[330.477s] -- Symlinking: /workspaces/isaac_ros-dev/src/isaac_ros_nvblox/install/nvblox_ros/include/nvblox/integrators/internal/impl/weighting_function_impl.h
[330.487s] -- Symlinking: /workspaces/isaac_ros-dev/src/isaac_ros_nvblox/install/nvblox_ros/include/nvblox/integrators/internal/integrators_common.h
[330.498s] -- Symlinking: /workspaces/isaac_ros-dev/src/isaac_ros_nvblox/install/nvblox_ros/include/nvblox/integrators/internal/projective_integrator.h
[330.509s] -- Symlinking: /workspaces/isaac_ros-dev/src/isaac_ros_nvblox/install/nvblox_ros/include/nvblox/integrators/mesh_integrator_params.h
[330.519s] -- Symlinking: /workspaces/isaac_ros-dev/src/isaac_ros_nvblox/install/nvblox_ros/include/nvblox/integrators/occupancy_decay_integrator.h
[330.529s] -- Symlinking: /workspaces/isaac_ros-dev/src/isaac_ros_nvblox/install/nvblox_ros/include/nvblox/integrators/occupancy_decay_integrator_params.h
[330.537s] -- Symlinking: /workspaces/isaac_ros-dev/src/isaac_ros_nvblox/install/nvblox_ros/include/nvblox/integrators/occupancy_integrator_params.h
[330.547s] -- Symlinking: /workspaces/isaac_ros-dev/src/isaac_ros_nvblox/install/nvblox_ros/include/nvblox/integrators/projective_color_integrator.h
[330.555s] -- Symlinking: /workspaces/isaac_ros-dev/src/isaac_ros_nvblox/install/nvblox_ros/include/nvblox/integrators/projective_integrator_params.h
[330.565s] -- Symlinking: /workspaces/isaac_ros-dev/src/isaac_ros_nvblox/install/nvblox_ros/include/nvblox/integrators/projective_occupancy_integrator.h
[330.573s] -- Symlinking: /workspaces/isaac_ros-dev/src/isaac_ros_nvblox/install/nvblox_ros/include/nvblox/integrators/projective_tsdf_integrator.h
[330.582s] -- Symlinking: /workspaces/isaac_ros-dev/src/isaac_ros_nvblox/install/nvblox_ros/include/nvblox/integrators/tsdf_decay_integrator.h
[330.592s] -- Symlinking: /workspaces/isaac_ros-dev/src/isaac_ros_nvblox/install/nvblox_ros/include/nvblox/integrators/tsdf_decay_integrator_params.h
[330.601s] -- Symlinking: /workspaces/isaac_ros-dev/src/isaac_ros_nvblox/install/nvblox_ros/include/nvblox/integrators/view_calculator.h
[330.610s] -- Symlinking: /workspaces/isaac_ros-dev/src/isaac_ros_nvblox/install/nvblox_ros/include/nvblox/integrators/weighting_function.h
[330.619s] -- Symlinking: /workspaces/isaac_ros-dev/src/isaac_ros_nvblox/install/nvblox_ros/include/nvblox/interpolation/internal/impl/interpolation_2d_impl.h
[330.628s] -- Symlinking: /workspaces/isaac_ros-dev/src/isaac_ros_nvblox/install/nvblox_ros/include/nvblox/interpolation/internal/impl/interpolation_3d_impl.h
[330.637s] -- Symlinking: /workspaces/isaac_ros-dev/src/isaac_ros_nvblox/install/nvblox_ros/include/nvblox/interpolation/interpolation_2d.h
[330.645s] -- Symlinking: /workspaces/isaac_ros-dev/src/isaac_ros_nvblox/install/nvblox_ros/include/nvblox/interpolation/interpolation_3d.h
[330.655s] -- Symlinking: /workspaces/isaac_ros-dev/src/isaac_ros_nvblox/install/nvblox_ros/include/nvblox/io/csv.h
[330.664s] -- Symlinking: /workspaces/isaac_ros-dev/src/isaac_ros_nvblox/install/nvblox_ros/include/nvblox/io/image_io.h
[330.674s] -- Symlinking: /workspaces/isaac_ros-dev/src/isaac_ros_nvblox/install/nvblox_ros/include/nvblox/io/internal/impl/csv_impl.h
[330.685s] -- Symlinking: /workspaces/isaac_ros-dev/src/isaac_ros_nvblox/install/nvblox_ros/include/nvblox/io/internal/impl/pointcloud_io_impl.h
[330.694s] -- Symlinking: /workspaces/isaac_ros-dev/src/isaac_ros_nvblox/install/nvblox_ros/include/nvblox/io/internal/thirdparty/stb_image.h
[330.702s] -- Symlinking: /workspaces/isaac_ros-dev/src/isaac_ros_nvblox/install/nvblox_ros/include/nvblox/io/internal/thirdparty/stb_image_write.h
[330.712s] -- Symlinking: /workspaces/isaac_ros-dev/src/isaac_ros_nvblox/install/nvblox_ros/include/nvblox/io/layer_cake_io.h
[330.724s] -- Symlinking: /workspaces/isaac_ros-dev/src/isaac_ros_nvblox/install/nvblox_ros/include/nvblox/io/mesh_io.h
[330.734s] -- Symlinking: /workspaces/isaac_ros-dev/src/isaac_ros_nvblox/install/nvblox_ros/include/nvblox/io/ply_writer.h
[330.745s] -- Symlinking: /workspaces/isaac_ros-dev/src/isaac_ros_nvblox/install/nvblox_ros/include/nvblox/io/pointcloud_io.h
[330.754s] -- Symlinking: /workspaces/isaac_ros-dev/src/isaac_ros_nvblox/install/nvblox_ros/include/nvblox/map/accessors.h
[330.763s] -- Symlinking: /workspaces/isaac_ros-dev/src/isaac_ros_nvblox/install/nvblox_ros/include/nvblox/map/blocks_to_update_tracker.h
[330.772s] -- Symlinking: /workspaces/isaac_ros-dev/src/isaac_ros_nvblox/install/nvblox_ros/include/nvblox/map/blox.h
[330.782s] -- Symlinking: /workspaces/isaac_ros-dev/src/isaac_ros_nvblox/install/nvblox_ros/include/nvblox/map/common_names.h
[330.791s] -- Symlinking: /workspaces/isaac_ros-dev/src/isaac_ros_nvblox/install/nvblox_ros/include/nvblox/map/internal/block_memory_pool.h
[330.800s] -- Symlinking: /workspaces/isaac_ros-dev/src/isaac_ros_nvblox/install/nvblox_ros/include/nvblox/map/internal/cuda/impl/layer_impl.cuh
[330.809s] -- Symlinking: /workspaces/isaac_ros-dev/src/isaac_ros_nvblox/install/nvblox_ros/include/nvblox/map/internal/cuda/impl/layer_to_3d_grid_impl.cuh
[330.817s] -- Symlinking: /workspaces/isaac_ros-dev/src/isaac_ros_nvblox/install/nvblox_ros/include/nvblox/map/internal/cuda/layer_to_3d_grid.cuh
[330.826s] -- Symlinking: /workspaces/isaac_ros-dev/src/isaac_ros_nvblox/install/nvblox_ros/include/nvblox/map/internal/impl/accessors_impl.h
[330.835s] -- Symlinking: /workspaces/isaac_ros-dev/src/isaac_ros_nvblox/install/nvblox_ros/include/nvblox/map/internal/impl/block_memory_pool_impl.h
[330.843s] -- Symlinking: /workspaces/isaac_ros-dev/src/isaac_ros_nvblox/install/nvblox_ros/include/nvblox/map/internal/impl/blox_impl.h
[330.852s] -- Symlinking: /workspaces/isaac_ros-dev/src/isaac_ros_nvblox/install/nvblox_ros/include/nvblox/map/internal/impl/layer_cake_impl.h
[330.865s] -- Symlinking: /workspaces/isaac_ros-dev/src/isaac_ros_nvblox/install/nvblox_ros/include/nvblox/map/internal/impl/layer_impl.h
[330.875s] -- Symlinking: /workspaces/isaac_ros-dev/src/isaac_ros_nvblox/install/nvblox_ros/include/nvblox/map/internal/impl/unified_3d_grid_impl.h
[330.886s] -- Symlinking: /workspaces/isaac_ros-dev/src/isaac_ros_nvblox/install/nvblox_ros/include/nvblox/map/layer.h
[330.895s] -- Symlinking: /workspaces/isaac_ros-dev/src/isaac_ros_nvblox/install/nvblox_ros/include/nvblox/map/layer_cake.h
[330.904s] -- Symlinking: /workspaces/isaac_ros-dev/src/isaac_ros_nvblox/install/nvblox_ros/include/nvblox/map/unified_3d_grid.h
[330.913s] -- Symlinking: /workspaces/isaac_ros-dev/src/isaac_ros_nvblox/install/nvblox_ros/include/nvblox/map/voxels.h
[330.922s] -- Symlinking: /workspaces/isaac_ros-dev/src/isaac_ros_nvblox/install/nvblox_ros/include/nvblox/map_saving/internal/block_serialization.h
[330.931s] -- Symlinking: /workspaces/isaac_ros-dev/src/isaac_ros_nvblox/install/nvblox_ros/include/nvblox/map_saving/internal/common_types.h
[330.940s] -- Symlinking: /workspaces/isaac_ros-dev/src/isaac_ros_nvblox/install/nvblox_ros/include/nvblox/map_saving/internal/impl/block_serialization_impl.h
[330.948s] -- Symlinking: /workspaces/isaac_ros-dev/src/isaac_ros_nvblox/install/nvblox_ros/include/nvblox/map_saving/internal/impl/common_types_impl.h
[330.957s] -- Symlinking: /workspaces/isaac_ros-dev/src/isaac_ros_nvblox/install/nvblox_ros/include/nvblox/map_saving/internal/impl/layer_serialization_impl.h
[330.966s] -- Symlinking: /workspaces/isaac_ros-dev/src/isaac_ros_nvblox/install/nvblox_ros/include/nvblox/map_saving/internal/layer_serialization.h
[330.975s] -- Symlinking: /workspaces/isaac_ros-dev/src/isaac_ros_nvblox/install/nvblox_ros/include/nvblox/map_saving/internal/layer_type_register.h
[330.984s] -- Symlinking: /workspaces/isaac_ros-dev/src/isaac_ros_nvblox/install/nvblox_ros/include/nvblox/map_saving/internal/serializer.h
[330.992s] -- Symlinking: /workspaces/isaac_ros-dev/src/isaac_ros_nvblox/install/nvblox_ros/include/nvblox/map_saving/internal/sqlite_database.h
[331.002s] -- Symlinking: /workspaces/isaac_ros-dev/src/isaac_ros_nvblox/install/nvblox_ros/include/nvblox/mapper/mapper.h
[331.010s] -- Symlinking: /workspaces/isaac_ros-dev/src/isaac_ros_nvblox/install/nvblox_ros/include/nvblox/mapper/mapper_params.h
[331.019s] -- Symlinking: /workspaces/isaac_ros-dev/src/isaac_ros_nvblox/install/nvblox_ros/include/nvblox/mapper/multi_mapper.h
[331.028s] -- Symlinking: /workspaces/isaac_ros-dev/src/isaac_ros_nvblox/install/nvblox_ros/include/nvblox/mesh/internal/cuda/marching_cubes.cuh
[331.038s] -- Symlinking: /workspaces/isaac_ros-dev/src/isaac_ros_nvblox/install/nvblox_ros/include/nvblox/mesh/internal/impl/cuda/marching_cubes_impl.cuh
[331.047s] -- Symlinking: /workspaces/isaac_ros-dev/src/isaac_ros_nvblox/install/nvblox_ros/include/nvblox/mesh/internal/impl/marching_cubes_impl.h
[331.057s] -- Symlinking: /workspaces/isaac_ros-dev/src/isaac_ros_nvblox/install/nvblox_ros/include/nvblox/mesh/internal/impl/marching_cubes_table.h
[331.066s] -- Symlinking: /workspaces/isaac_ros-dev/src/isaac_ros_nvblox/install/nvblox_ros/include/nvblox/mesh/internal/marching_cubes.h
[331.076s] -- Symlinking: /workspaces/isaac_ros-dev/src/isaac_ros_nvblox/install/nvblox_ros/include/nvblox/mesh/mesh.h
[331.084s] -- Symlinking: /workspaces/isaac_ros-dev/src/isaac_ros_nvblox/install/nvblox_ros/include/nvblox/mesh/mesh_block.h
[331.093s] -- Symlinking: /workspaces/isaac_ros-dev/src/isaac_ros_nvblox/install/nvblox_ros/include/nvblox/mesh/mesh_integrator.h
[331.102s] -- Symlinking: /workspaces/isaac_ros-dev/src/isaac_ros_nvblox/install/nvblox_ros/include/nvblox/mesh/mesh_streamer.h
[331.112s] -- Symlinking: /workspaces/isaac_ros-dev/src/isaac_ros_nvblox/install/nvblox_ros/include/nvblox/nvblox.h
[331.121s] -- Symlinking: /workspaces/isaac_ros-dev/src/isaac_ros_nvblox/install/nvblox_ros/include/nvblox/primitives/internal/impl/scene_impl.h
[331.130s] -- Symlinking: /workspaces/isaac_ros-dev/src/isaac_ros_nvblox/install/nvblox_ros/include/nvblox/primitives/primitives.h
[331.138s] -- Symlinking: /workspaces/isaac_ros-dev/src/isaac_ros_nvblox/install/nvblox_ros/include/nvblox/primitives/scene.h
[331.147s] -- Symlinking: /workspaces/isaac_ros-dev/src/isaac_ros_nvblox/install/nvblox_ros/include/nvblox/rays/internal/impl/ray_caster_impl.h
[331.157s] -- Symlinking: /workspaces/isaac_ros-dev/src/isaac_ros_nvblox/install/nvblox_ros/include/nvblox/rays/ray_caster.h
[331.169s] -- Symlinking: /workspaces/isaac_ros-dev/src/isaac_ros_nvblox/install/nvblox_ros/include/nvblox/rays/sphere_tracer.h
[331.178s] -- Symlinking: /workspaces/isaac_ros-dev/src/isaac_ros_nvblox/install/nvblox_ros/include/nvblox/semantics/image_masker.h
[331.188s] -- Symlinking: /workspaces/isaac_ros-dev/src/isaac_ros_nvblox/install/nvblox_ros/include/nvblox/semantics/image_projector.h
[331.197s] -- Symlinking: /workspaces/isaac_ros-dev/src/isaac_ros_nvblox/install/nvblox_ros/include/nvblox/sensors/camera.h
[331.206s] -- Symlinking: /workspaces/isaac_ros-dev/src/isaac_ros_nvblox/install/nvblox_ros/include/nvblox/sensors/connected_components.h
[331.215s] -- Symlinking: /workspaces/isaac_ros-dev/src/isaac_ros_nvblox/install/nvblox_ros/include/nvblox/sensors/depth_preprocessing.h
[331.225s] -- Symlinking: /workspaces/isaac_ros-dev/src/isaac_ros_nvblox/install/nvblox_ros/include/nvblox/sensors/image.h
[331.236s] -- Symlinking: /workspaces/isaac_ros-dev/src/isaac_ros_nvblox/install/nvblox_ros/include/nvblox/sensors/internal/image_cache.h
[331.246s] -- Symlinking: /workspaces/isaac_ros-dev/src/isaac_ros_nvblox/install/nvblox_ros/include/nvblox/sensors/internal/impl/camera_impl.h
[331.256s] -- Symlinking: /workspaces/isaac_ros-dev/src/isaac_ros_nvblox/install/nvblox_ros/include/nvblox/sensors/internal/impl/image_cache_impl.h
[331.265s] -- Symlinking: /workspaces/isaac_ros-dev/src/isaac_ros_nvblox/install/nvblox_ros/include/nvblox/sensors/internal/impl/image_cuda_impl.h
[331.274s] -- Symlinking: /workspaces/isaac_ros-dev/src/isaac_ros_nvblox/install/nvblox_ros/include/nvblox/sensors/internal/impl/image_impl.h
[331.282s] -- Symlinking: /workspaces/isaac_ros-dev/src/isaac_ros_nvblox/install/nvblox_ros/include/nvblox/sensors/internal/impl/lidar_impl.h
[331.291s] -- Symlinking: /workspaces/isaac_ros-dev/src/isaac_ros_nvblox/install/nvblox_ros/include/nvblox/sensors/lidar.h
[331.299s] -- Symlinking: /workspaces/isaac_ros-dev/src/isaac_ros_nvblox/install/nvblox_ros/include/nvblox/sensors/npp_image_operations.h
[331.308s] -- Symlinking: /workspaces/isaac_ros-dev/src/isaac_ros_nvblox/install/nvblox_ros/include/nvblox/sensors/pointcloud.h
[331.317s] -- Symlinking: /workspaces/isaac_ros-dev/src/isaac_ros_nvblox/install/nvblox_ros/include/nvblox/serialization/internal/impl/layer_serializer_gpu_impl.h
[331.325s] -- Symlinking: /workspaces/isaac_ros-dev/src/isaac_ros_nvblox/install/nvblox_ros/include/nvblox/serialization/internal/serialization_gpu.h
[331.334s] -- Symlinking: /workspaces/isaac_ros-dev/src/isaac_ros_nvblox/install/nvblox_ros/include/nvblox/serialization/layer_serializer_gpu.h
[331.343s] -- Symlinking: /workspaces/isaac_ros-dev/src/isaac_ros_nvblox/install/nvblox_ros/include/nvblox/serialization/mesh_serializer_gpu.h
[331.354s] -- Symlinking: /workspaces/isaac_ros-dev/src/isaac_ros_nvblox/install/nvblox_ros/include/nvblox/utils/delays.h
[331.364s] -- Symlinking: /workspaces/isaac_ros-dev/src/isaac_ros_nvblox/install/nvblox_ros/include/nvblox/utils/internal/impl/rates_impl.h
[331.374s] -- Symlinking: /workspaces/isaac_ros-dev/src/isaac_ros_nvblox/install/nvblox_ros/include/nvblox/utils/logging.h
[331.383s] -- Symlinking: /workspaces/isaac_ros-dev/src/isaac_ros_nvblox/install/nvblox_ros/include/nvblox/utils/nvtx_ranges.h
[331.393s] -- Symlinking: /workspaces/isaac_ros-dev/src/isaac_ros_nvblox/install/nvblox_ros/include/nvblox/utils/params.h
[331.403s] -- Symlinking: /workspaces/isaac_ros-dev/src/isaac_ros_nvblox/install/nvblox_ros/include/nvblox/utils/rates.h
[331.411s] -- Symlinking: /workspaces/isaac_ros-dev/src/isaac_ros_nvblox/install/nvblox_ros/include/nvblox/utils/timing.h
[331.420s] -- Symlinking: /workspaces/isaac_ros-dev/src/isaac_ros_nvblox/install/nvblox_ros/include/nvblox/datasets/3dmatch.h
[331.429s] -- Symlinking: /workspaces/isaac_ros-dev/src/isaac_ros_nvblox/install/nvblox_ros/include/nvblox/datasets/data_loader.h
[331.439s] -- Symlinking: /workspaces/isaac_ros-dev/src/isaac_ros_nvblox/install/nvblox_ros/include/nvblox/datasets/image_loader.h
[331.449s] -- Symlinking: /workspaces/isaac_ros-dev/src/isaac_ros_nvblox/install/nvblox_ros/include/nvblox/datasets/impl/image_loader_impl.h
[331.460s] -- Symlinking: /workspaces/isaac_ros-dev/src/isaac_ros_nvblox/install/nvblox_ros/include/nvblox/datasets/redwood.h
[331.469s] -- Symlinking: /workspaces/isaac_ros-dev/src/isaac_ros_nvblox/install/nvblox_ros/include/nvblox/datasets/replica.h
[331.479s] -- Symlinking: /workspaces/isaac_ros-dev/src/isaac_ros_nvblox/install/nvblox_ros/include/nvblox/executables/fuser.h
[331.487s] -- Symlinking: /workspaces/isaac_ros-dev/src/isaac_ros_nvblox/install/nvblox_ros/include/nvblox/gflags_param_loading/fuser_params_from_gflags.h
[331.496s] -- Symlinking: /workspaces/isaac_ros-dev/src/isaac_ros_nvblox/install/nvblox_ros/include/nvblox/gflags_param_loading/mapper_params_from_gflags.h
[331.515s] -- Symlinking: /workspaces/isaac_ros-dev/src/isaac_ros_nvblox/install/nvblox_ros/include/eigen3/Eigen/Cholesky
[331.525s] -- Symlinking: /workspaces/isaac_ros-dev/src/isaac_ros_nvblox/install/nvblox_ros/include/eigen3/Eigen/CholmodSupport
[331.535s] -- Symlinking: /workspaces/isaac_ros-dev/src/isaac_ros_nvblox/install/nvblox_ros/include/eigen3/Eigen/Core
[331.547s] -- Symlinking: /workspaces/isaac_ros-dev/src/isaac_ros_nvblox/install/nvblox_ros/include/eigen3/Eigen/Dense
[331.557s] -- Symlinking: /workspaces/isaac_ros-dev/src/isaac_ros_nvblox/install/nvblox_ros/include/eigen3/Eigen/Eigen
[331.566s] -- Symlinking: /workspaces/isaac_ros-dev/src/isaac_ros_nvblox/install/nvblox_ros/include/eigen3/Eigen/Eigenvalues
[331.575s] -- Symlinking: /workspaces/isaac_ros-dev/src/isaac_ros_nvblox/install/nvblox_ros/include/eigen3/Eigen/Geometry
[331.584s] -- Symlinking: /workspaces/isaac_ros-dev/src/isaac_ros_nvblox/install/nvblox_ros/include/eigen3/Eigen/Householder
[331.593s] -- Symlinking: /workspaces/isaac_ros-dev/src/isaac_ros_nvblox/install/nvblox_ros/include/eigen3/Eigen/IterativeLinearSolvers
[331.604s] -- Symlinking: /workspaces/isaac_ros-dev/src/isaac_ros_nvblox/install/nvblox_ros/include/eigen3/Eigen/Jacobi
[331.613s] -- Symlinking: /workspaces/isaac_ros-dev/src/isaac_ros_nvblox/install/nvblox_ros/include/eigen3/Eigen/KLUSupport
[331.623s] -- Symlinking: /workspaces/isaac_ros-dev/src/isaac_ros_nvblox/install/nvblox_ros/include/eigen3/Eigen/LU
[331.632s] -- Symlinking: /workspaces/isaac_ros-dev/src/isaac_ros_nvblox/install/nvblox_ros/include/eigen3/Eigen/MetisSupport
[331.642s] -- Symlinking: /workspaces/isaac_ros-dev/src/isaac_ros_nvblox/install/nvblox_ros/include/eigen3/Eigen/OrderingMethods
[331.651s] -- Symlinking: /workspaces/isaac_ros-dev/src/isaac_ros_nvblox/install/nvblox_ros/include/eigen3/Eigen/PaStiXSupport
[331.660s] -- Symlinking: /workspaces/isaac_ros-dev/src/isaac_ros_nvblox/install/nvblox_ros/include/eigen3/Eigen/PardisoSupport
[331.669s] -- Symlinking: /workspaces/isaac_ros-dev/src/isaac_ros_nvblox/install/nvblox_ros/include/eigen3/Eigen/QR
[331.679s] -- Symlinking: /workspaces/isaac_ros-dev/src/isaac_ros_nvblox/install/nvblox_ros/include/eigen3/Eigen/QtAlignedMalloc
[331.688s] -- Symlinking: /workspaces/isaac_ros-dev/src/isaac_ros_nvblox/install/nvblox_ros/include/eigen3/Eigen/SPQRSupport
[331.697s] -- Symlinking: /workspaces/isaac_ros-dev/src/isaac_ros_nvblox/install/nvblox_ros/include/eigen3/Eigen/SVD
[331.708s] -- Symlinking: /workspaces/isaac_ros-dev/src/isaac_ros_nvblox/install/nvblox_ros/include/eigen3/Eigen/Sparse
[331.717s] -- Symlinking: /workspaces/isaac_ros-dev/src/isaac_ros_nvblox/install/nvblox_ros/include/eigen3/Eigen/SparseCholesky
[331.726s] -- Symlinking: /workspaces/isaac_ros-dev/src/isaac_ros_nvblox/install/nvblox_ros/include/eigen3/Eigen/SparseCore
[331.736s] -- Symlinking: /workspaces/isaac_ros-dev/src/isaac_ros_nvblox/install/nvblox_ros/include/eigen3/Eigen/SparseLU
[331.744s] -- Symlinking: /workspaces/isaac_ros-dev/src/isaac_ros_nvblox/install/nvblox_ros/include/eigen3/Eigen/SparseQR
[331.755s] -- Symlinking: /workspaces/isaac_ros-dev/src/isaac_ros_nvblox/install/nvblox_ros/include/eigen3/Eigen/StdDeque
[331.766s] -- Symlinking: /workspaces/isaac_ros-dev/src/isaac_ros_nvblox/install/nvblox_ros/include/eigen3/Eigen/StdList
[331.775s] -- Symlinking: /workspaces/isaac_ros-dev/src/isaac_ros_nvblox/install/nvblox_ros/include/eigen3/Eigen/StdVector
[331.784s] -- Symlinking: /workspaces/isaac_ros-dev/src/isaac_ros_nvblox/install/nvblox_ros/include/eigen3/Eigen/SuperLUSupport
[331.792s] -- Symlinking: /workspaces/isaac_ros-dev/src/isaac_ros_nvblox/install/nvblox_ros/include/eigen3/Eigen/UmfPackSupport
[331.800s] -- Symlinking: /workspaces/isaac_ros-dev/src/isaac_ros_nvblox/install/nvblox_ros/include/eigen3/Eigen/src/Cholesky/LDLT.h
[331.809s] -- Symlinking: /workspaces/isaac_ros-dev/src/isaac_ros_nvblox/install/nvblox_ros/include/eigen3/Eigen/src/Cholesky/LLT.h
[331.817s] -- Symlinking: /workspaces/isaac_ros-dev/src/isaac_ros_nvblox/install/nvblox_ros/include/eigen3/Eigen/src/Cholesky/LLT_LAPACKE.h
[331.826s] -- Symlinking: /workspaces/isaac_ros-dev/src/isaac_ros_nvblox/install/nvblox_ros/include/eigen3/Eigen/src/CholmodSupport/CholmodSupport.h
[331.836s] -- Symlinking: /workspaces/isaac_ros-dev/src/isaac_ros_nvblox/install/nvblox_ros/include/eigen3/Eigen/src/Core/ArithmeticSequence.h
[331.847s] -- Symlinking: /workspaces/isaac_ros-dev/src/isaac_ros_nvblox/install/nvblox_ros/include/eigen3/Eigen/src/Core/Array.h
[331.857s] -- Symlinking: /workspaces/isaac_ros-dev/src/isaac_ros_nvblox/install/nvblox_ros/include/eigen3/Eigen/src/Core/ArrayBase.h
[331.867s] -- Symlinking: /workspaces/isaac_ros-dev/src/isaac_ros_nvblox/install/nvblox_ros/include/eigen3/Eigen/src/Core/ArrayWrapper.h
[331.876s] -- Symlinking: /workspaces/isaac_ros-dev/src/isaac_ros_nvblox/install/nvblox_ros/include/eigen3/Eigen/src/Core/Assign.h
[331.885s] -- Symlinking: /workspaces/isaac_ros-dev/src/isaac_ros_nvblox/install/nvblox_ros/include/eigen3/Eigen/src/Core/AssignEvaluator.h
[331.898s] -- Symlinking: /workspaces/isaac_ros-dev/src/isaac_ros_nvblox/install/nvblox_ros/include/eigen3/Eigen/src/Core/Assign_MKL.h
[331.907s] -- Symlinking: /workspaces/isaac_ros-dev/src/isaac_ros_nvblox/install/nvblox_ros/include/eigen3/Eigen/src/Core/BandMatrix.h
[331.916s] -- Symlinking: /workspaces/isaac_ros-dev/src/isaac_ros_nvblox/install/nvblox_ros/include/eigen3/Eigen/src/Core/Block.h
[331.925s] -- Symlinking: /workspaces/isaac_ros-dev/src/isaac_ros_nvblox/install/nvblox_ros/include/eigen3/Eigen/src/Core/BooleanRedux.h
[331.934s] -- Symlinking: /workspaces/isaac_ros-dev/src/isaac_ros_nvblox/install/nvblox_ros/include/eigen3/Eigen/src/Core/CommaInitializer.h
[331.942s] -- Symlinking: /workspaces/isaac_ros-dev/src/isaac_ros_nvblox/install/nvblox_ros/include/eigen3/Eigen/src/Core/ConditionEstimator.h
[331.954s] -- Symlinking: /workspaces/isaac_ros-dev/src/isaac_ros_nvblox/install/nvblox_ros/include/eigen3/Eigen/src/Core/CoreEvaluators.h
[331.962s] -- Symlinking: /workspaces/isaac_ros-dev/src/isaac_ros_nvblox/install/nvblox_ros/include/eigen3/Eigen/src/Core/CoreIterators.h
[331.971s] -- Symlinking: /workspaces/isaac_ros-dev/src/isaac_ros_nvblox/install/nvblox_ros/include/eigen3/Eigen/src/Core/CwiseBinaryOp.h
[331.982s] -- Symlinking: /workspaces/isaac_ros-dev/src/isaac_ros_nvblox/install/nvblox_ros/include/eigen3/Eigen/src/Core/CwiseNullaryOp.h
[331.992s] -- Symlinking: /workspaces/isaac_ros-dev/src/isaac_ros_nvblox/install/nvblox_ros/include/eigen3/Eigen/src/Core/CwiseTernaryOp.h
[332.002s] -- Symlinking: /workspaces/isaac_ros-dev/src/isaac_ros_nvblox/install/nvblox_ros/include/eigen3/Eigen/src/Core/CwiseUnaryOp.h
[332.012s] -- Symlinking: /workspaces/isaac_ros-dev/src/isaac_ros_nvblox/install/nvblox_ros/include/eigen3/Eigen/src/Core/CwiseUnaryView.h
[332.022s] -- Symlinking: /workspaces/isaac_ros-dev/src/isaac_ros_nvblox/install/nvblox_ros/include/eigen3/Eigen/src/Core/DenseBase.h
[332.033s] -- Symlinking: /workspaces/isaac_ros-dev/src/isaac_ros_nvblox/install/nvblox_ros/include/eigen3/Eigen/src/Core/DenseCoeffsBase.h
[332.045s] -- Symlinking: /workspaces/isaac_ros-dev/src/isaac_ros_nvblox/install/nvblox_ros/include/eigen3/Eigen/src/Core/DenseStorage.h
[332.054s] -- Symlinking: /workspaces/isaac_ros-dev/src/isaac_ros_nvblox/install/nvblox_ros/include/eigen3/Eigen/src/Core/Diagonal.h
[332.064s] -- Symlinking: /workspaces/isaac_ros-dev/src/isaac_ros_nvblox/install/nvblox_ros/include/eigen3/Eigen/src/Core/DiagonalMatrix.h
[332.074s] -- Symlinking: /workspaces/isaac_ros-dev/src/isaac_ros_nvblox/install/nvblox_ros/include/eigen3/Eigen/src/Core/DiagonalProduct.h
[332.083s] -- Symlinking: /workspaces/isaac_ros-dev/src/isaac_ros_nvblox/install/nvblox_ros/include/eigen3/Eigen/src/Core/Dot.h
[332.094s] -- Symlinking: /workspaces/isaac_ros-dev/src/isaac_ros_nvblox/install/nvblox_ros/include/eigen3/Eigen/src/Core/EigenBase.h
[332.104s] -- Symlinking: /workspaces/isaac_ros-dev/src/isaac_ros_nvblox/install/nvblox_ros/include/eigen3/Eigen/src/Core/ForceAlignedAccess.h
[332.114s] -- Symlinking: /workspaces/isaac_ros-dev/src/isaac_ros_nvblox/install/nvblox_ros/include/eigen3/Eigen/src/Core/Fuzzy.h
[332.124s] -- Symlinking: /workspaces/isaac_ros-dev/src/isaac_ros_nvblox/install/nvblox_ros/include/eigen3/Eigen/src/Core/GeneralProduct.h
[332.133s] -- Symlinking: /workspaces/isaac_ros-dev/src/isaac_ros_nvblox/install/nvblox_ros/include/eigen3/Eigen/src/Core/GenericPacketMath.h
[332.142s] -- Symlinking: /workspaces/isaac_ros-dev/src/isaac_ros_nvblox/install/nvblox_ros/include/eigen3/Eigen/src/Core/GlobalFunctions.h
[332.151s] -- Symlinking: /workspaces/isaac_ros-dev/src/isaac_ros_nvblox/install/nvblox_ros/include/eigen3/Eigen/src/Core/IO.h
[332.160s] -- Symlinking: /workspaces/isaac_ros-dev/src/isaac_ros_nvblox/install/nvblox_ros/include/eigen3/Eigen/src/Core/IndexedView.h
[332.170s] -- Symlinking: /workspaces/isaac_ros-dev/src/isaac_ros_nvblox/install/nvblox_ros/include/eigen3/Eigen/src/Core/Inverse.h
[332.179s] -- Symlinking: /workspaces/isaac_ros-dev/src/isaac_ros_nvblox/install/nvblox_ros/include/eigen3/Eigen/src/Core/Map.h
[332.188s] -- Symlinking: /workspaces/isaac_ros-dev/src/isaac_ros_nvblox/install/nvblox_ros/include/eigen3/Eigen/src/Core/MapBase.h
[332.197s] -- Symlinking: /workspaces/isaac_ros-dev/src/isaac_ros_nvblox/install/nvblox_ros/include/eigen3/Eigen/src/Core/MathFunctions.h
[332.205s] -- Symlinking: /workspaces/isaac_ros-dev/src/isaac_ros_nvblox/install/nvblox_ros/include/eigen3/Eigen/src/Core/MathFunctionsImpl.h
[332.215s] -- Symlinking: /workspaces/isaac_ros-dev/src/isaac_ros_nvblox/install/nvblox_ros/include/eigen3/Eigen/src/Core/Matrix.h
[332.225s] -- Symlinking: /workspaces/isaac_ros-dev/src/isaac_ros_nvblox/install/nvblox_ros/include/eigen3/Eigen/src/Core/MatrixBase.h
[332.235s] -- Symlinking: /workspaces/isaac_ros-dev/src/isaac_ros_nvblox/install/nvblox_ros/include/eigen3/Eigen/src/Core/NestByValue.h
[332.245s] -- Symlinking: /workspaces/isaac_ros-dev/src/isaac_ros_nvblox/install/nvblox_ros/include/eigen3/Eigen/src/Core/NoAlias.h
[332.254s] -- Symlinking: /workspaces/isaac_ros-dev/src/isaac_ros_nvblox/install/nvblox_ros/include/eigen3/Eigen/src/Core/NumTraits.h
[332.264s] -- Symlinking: /workspaces/isaac_ros-dev/src/isaac_ros_nvblox/install/nvblox_ros/include/eigen3/Eigen/src/Core/PartialReduxEvaluator.h
[332.273s] -- Symlinking: /workspaces/isaac_ros-dev/src/isaac_ros_nvblox/install/nvblox_ros/include/eigen3/Eigen/src/Core/PermutationMatrix.h
[332.283s] -- Symlinking: /workspaces/isaac_ros-dev/src/isaac_ros_nvblox/install/nvblox_ros/include/eigen3/Eigen/src/Core/PlainObjectBase.h
[332.292s] -- Symlinking: /workspaces/isaac_ros-dev/src/isaac_ros_nvblox/install/nvblox_ros/include/eigen3/Eigen/src/Core/Product.h
[332.301s] -- Symlinking: /workspaces/isaac_ros-dev/src/isaac_ros_nvblox/install/nvblox_ros/include/eigen3/Eigen/src/Core/ProductEvaluators.h
[332.312s] -- Symlinking: /workspaces/isaac_ros-dev/src/isaac_ros_nvblox/install/nvblox_ros/include/eigen3/Eigen/src/Core/Random.h
[332.323s] -- Symlinking: /workspaces/isaac_ros-dev/src/isaac_ros_nvblox/install/nvblox_ros/include/eigen3/Eigen/src/Core/Redux.h
[332.334s] -- Symlinking: /workspaces/isaac_ros-dev/src/isaac_ros_nvblox/install/nvblox_ros/include/eigen3/Eigen/src/Core/Ref.h
[332.344s] -- Symlinking: /workspaces/isaac_ros-dev/src/isaac_ros_nvblox/install/nvblox_ros/include/eigen3/Eigen/src/Core/Replicate.h
[332.353s] -- Symlinking: /workspaces/isaac_ros-dev/src/isaac_ros_nvblox/install/nvblox_ros/include/eigen3/Eigen/src/Core/Reshaped.h
[332.363s] -- Symlinking: /workspaces/isaac_ros-dev/src/isaac_ros_nvblox/install/nvblox_ros/include/eigen3/Eigen/src/Core/ReturnByValue.h
[332.373s] -- Symlinking: /workspaces/isaac_ros-dev/src/isaac_ros_nvblox/install/nvblox_ros/include/eigen3/Eigen/src/Core/Reverse.h
[332.382s] -- Symlinking: /workspaces/isaac_ros-dev/src/isaac_ros_nvblox/install/nvblox_ros/include/eigen3/Eigen/src/Core/Select.h
[332.392s] -- Symlinking: /workspaces/isaac_ros-dev/src/isaac_ros_nvblox/install/nvblox_ros/include/eigen3/Eigen/src/Core/SelfAdjointView.h
[332.403s] -- Symlinking: /workspaces/isaac_ros-dev/src/isaac_ros_nvblox/install/nvblox_ros/include/eigen3/Eigen/src/Core/SelfCwiseBinaryOp.h
[332.412s] -- Symlinking: /workspaces/isaac_ros-dev/src/isaac_ros_nvblox/install/nvblox_ros/include/eigen3/Eigen/src/Core/Solve.h
[332.421s] -- Symlinking: /workspaces/isaac_ros-dev/src/isaac_ros_nvblox/install/nvblox_ros/include/eigen3/Eigen/src/Core/SolveTriangular.h
[332.431s] -- Symlinking: /workspaces/isaac_ros-dev/src/isaac_ros_nvblox/install/nvblox_ros/include/eigen3/Eigen/src/Core/SolverBase.h
[332.440s] -- Symlinking: /workspaces/isaac_ros-dev/src/isaac_ros_nvblox/install/nvblox_ros/include/eigen3/Eigen/src/Core/StableNorm.h
[332.452s] -- Symlinking: /workspaces/isaac_ros-dev/src/isaac_ros_nvblox/install/nvblox_ros/include/eigen3/Eigen/src/Core/StlIterators.h
[332.462s] -- Symlinking: /workspaces/isaac_ros-dev/src/isaac_ros_nvblox/install/nvblox_ros/include/eigen3/Eigen/src/Core/Stride.h
[332.471s] -- Symlinking: /workspaces/isaac_ros-dev/src/isaac_ros_nvblox/install/nvblox_ros/include/eigen3/Eigen/src/Core/Swap.h
[332.482s] -- Symlinking: /workspaces/isaac_ros-dev/src/isaac_ros_nvblox/install/nvblox_ros/include/eigen3/Eigen/src/Core/Transpose.h
[332.491s] -- Symlinking: /workspaces/isaac_ros-dev/src/isaac_ros_nvblox/install/nvblox_ros/include/eigen3/Eigen/src/Core/Transpositions.h
[332.499s] -- Symlinking: /workspaces/isaac_ros-dev/src/isaac_ros_nvblox/install/nvblox_ros/include/eigen3/Eigen/src/Core/TriangularMatrix.h
[332.508s] -- Symlinking: /workspaces/isaac_ros-dev/src/isaac_ros_nvblox/install/nvblox_ros/include/eigen3/Eigen/src/Core/VectorBlock.h
[332.517s] -- Symlinking: /workspaces/isaac_ros-dev/src/isaac_ros_nvblox/install/nvblox_ros/include/eigen3/Eigen/src/Core/VectorwiseOp.h
[332.526s] -- Symlinking: /workspaces/isaac_ros-dev/src/isaac_ros_nvblox/install/nvblox_ros/include/eigen3/Eigen/src/Core/Visitor.h
[332.535s] -- Symlinking: /workspaces/isaac_ros-dev/src/isaac_ros_nvblox/install/nvblox_ros/include/eigen3/Eigen/src/Core/arch/AVX/Complex.h
[332.544s] -- Symlinking: /workspaces/isaac_ros-dev/src/isaac_ros_nvblox/install/nvblox_ros/include/eigen3/Eigen/src/Core/arch/AVX/MathFunctions.h
[332.553s] -- Symlinking: /workspaces/isaac_ros-dev/src/isaac_ros_nvblox/install/nvblox_ros/include/eigen3/Eigen/src/Core/arch/AVX/PacketMath.h
[332.561s] -- Symlinking: /workspaces/isaac_ros-dev/src/isaac_ros_nvblox/install/nvblox_ros/include/eigen3/Eigen/src/Core/arch/AVX/TypeCasting.h
[332.570s] -- Symlinking: /workspaces/isaac_ros-dev/src/isaac_ros_nvblox/install/nvblox_ros/include/eigen3/Eigen/src/Core/arch/AVX512/Complex.h
[332.579s] -- Symlinking: /workspaces/isaac_ros-dev/src/isaac_ros_nvblox/install/nvblox_ros/include/eigen3/Eigen/src/Core/arch/AVX512/MathFunctions.h
[332.588s] -- Symlinking: /workspaces/isaac_ros-dev/src/isaac_ros_nvblox/install/nvblox_ros/include/eigen3/Eigen/src/Core/arch/AVX512/PacketMath.h
[332.599s] -- Symlinking: /workspaces/isaac_ros-dev/src/isaac_ros_nvblox/install/nvblox_ros/include/eigen3/Eigen/src/Core/arch/AVX512/TypeCasting.h
[332.609s] -- Symlinking: /workspaces/isaac_ros-dev/src/isaac_ros_nvblox/install/nvblox_ros/include/eigen3/Eigen/src/Core/arch/AltiVec/Complex.h
[332.618s] -- Symlinking: /workspaces/isaac_ros-dev/src/isaac_ros_nvblox/install/nvblox_ros/include/eigen3/Eigen/src/Core/arch/AltiVec/MathFunctions.h
[332.628s] -- Symlinking: /workspaces/isaac_ros-dev/src/isaac_ros_nvblox/install/nvblox_ros/include/eigen3/Eigen/src/Core/arch/AltiVec/MatrixProduct.h
[332.637s] -- Symlinking: /workspaces/isaac_ros-dev/src/isaac_ros_nvblox/install/nvblox_ros/include/eigen3/Eigen/src/Core/arch/AltiVec/MatrixProductCommon.h
[332.646s] -- Symlinking: /workspaces/isaac_ros-dev/src/isaac_ros_nvblox/install/nvblox_ros/include/eigen3/Eigen/src/Core/arch/AltiVec/MatrixProductMMA.h
[332.654s] -- Symlinking: /workspaces/isaac_ros-dev/src/isaac_ros_nvblox/install/nvblox_ros/include/eigen3/Eigen/src/Core/arch/AltiVec/PacketMath.h
[332.663s] -- Symlinking: /workspaces/isaac_ros-dev/src/isaac_ros_nvblox/install/nvblox_ros/include/eigen3/Eigen/src/Core/arch/CUDA/Complex.h
[332.672s] -- Symlinking: /workspaces/isaac_ros-dev/src/isaac_ros_nvblox/install/nvblox_ros/include/eigen3/Eigen/src/Core/arch/Default/BFloat16.h
[332.681s] -- Symlinking: /workspaces/isaac_ros-dev/src/isaac_ros_nvblox/install/nvblox_ros/include/eigen3/Eigen/src/Core/arch/Default/ConjHelper.h
[332.690s] -- Symlinking: /workspaces/isaac_ros-dev/src/isaac_ros_nvblox/install/nvblox_ros/include/eigen3/Eigen/src/Core/arch/Default/GenericPacketMathFunctions.h
[332.699s] -- Symlinking: /workspaces/isaac_ros-dev/src/isaac_ros_nvblox/install/nvblox_ros/include/eigen3/Eigen/src/Core/arch/Default/GenericPacketMathFunctionsFwd.h
[332.710s] -- Symlinking: /workspaces/isaac_ros-dev/src/isaac_ros_nvblox/install/nvblox_ros/include/eigen3/Eigen/src/Core/arch/Default/Half.h
[332.719s] -- Symlinking: /workspaces/isaac_ros-dev/src/isaac_ros_nvblox/install/nvblox_ros/include/eigen3/Eigen/src/Core/arch/Default/Settings.h
[332.729s] -- Symlinking: /workspaces/isaac_ros-dev/src/isaac_ros_nvblox/install/nvblox_ros/include/eigen3/Eigen/src/Core/arch/Default/TypeCasting.h
[332.738s] -- Symlinking: /workspaces/isaac_ros-dev/src/isaac_ros_nvblox/install/nvblox_ros/include/eigen3/Eigen/src/Core/arch/GPU/MathFunctions.h
[332.748s] -- Symlinking: /workspaces/isaac_ros-dev/src/isaac_ros_nvblox/install/nvblox_ros/include/eigen3/Eigen/src/Core/arch/GPU/PacketMath.h
[332.756s] -- Symlinking: /workspaces/isaac_ros-dev/src/isaac_ros_nvblox/install/nvblox_ros/include/eigen3/Eigen/src/Core/arch/GPU/TypeCasting.h
[332.765s] -- Symlinking: /workspaces/isaac_ros-dev/src/isaac_ros_nvblox/install/nvblox_ros/include/eigen3/Eigen/src/Core/arch/HIP/hcc/math_constants.h
[332.773s] -- Symlinking: /workspaces/isaac_ros-dev/src/isaac_ros_nvblox/install/nvblox_ros/include/eigen3/Eigen/src/Core/arch/MSA/Complex.h
[332.782s] -- Symlinking: /workspaces/isaac_ros-dev/src/isaac_ros_nvblox/install/nvblox_ros/include/eigen3/Eigen/src/Core/arch/MSA/MathFunctions.h
[332.790s] -- Symlinking: /workspaces/isaac_ros-dev/src/isaac_ros_nvblox/install/nvblox_ros/include/eigen3/Eigen/src/Core/arch/MSA/PacketMath.h
[332.799s] -- Symlinking: /workspaces/isaac_ros-dev/src/isaac_ros_nvblox/install/nvblox_ros/include/eigen3/Eigen/src/Core/arch/NEON/Complex.h
[332.808s] -- Symlinking: /workspaces/isaac_ros-dev/src/isaac_ros_nvblox/install/nvblox_ros/include/eigen3/Eigen/src/Core/arch/NEON/GeneralBlockPanelKernel.h
[332.816s] -- Symlinking: /workspaces/isaac_ros-dev/src/isaac_ros_nvblox/install/nvblox_ros/include/eigen3/Eigen/src/Core/arch/NEON/MathFunctions.h
[332.825s] -- Symlinking: /workspaces/isaac_ros-dev/src/isaac_ros_nvblox/install/nvblox_ros/include/eigen3/Eigen/src/Core/arch/NEON/PacketMath.h
[332.834s] -- Symlinking: /workspaces/isaac_ros-dev/src/isaac_ros_nvblox/install/nvblox_ros/include/eigen3/Eigen/src/Core/arch/NEON/TypeCasting.h
[332.842s] -- Symlinking: /workspaces/isaac_ros-dev/src/isaac_ros_nvblox/install/nvblox_ros/include/eigen3/Eigen/src/Core/arch/SSE/Complex.h
[332.851s] -- Symlinking: /workspaces/isaac_ros-dev/src/isaac_ros_nvblox/install/nvblox_ros/include/eigen3/Eigen/src/Core/arch/SSE/MathFunctions.h
[332.859s] -- Symlinking: /workspaces/isaac_ros-dev/src/isaac_ros_nvblox/install/nvblox_ros/include/eigen3/Eigen/src/Core/arch/SSE/PacketMath.h
[332.868s] -- Symlinking: /workspaces/isaac_ros-dev/src/isaac_ros_nvblox/install/nvblox_ros/include/eigen3/Eigen/src/Core/arch/SSE/TypeCasting.h
[332.876s] -- Symlinking: /workspaces/isaac_ros-dev/src/isaac_ros_nvblox/install/nvblox_ros/include/eigen3/Eigen/src/Core/arch/SVE/MathFunctions.h
[332.886s] -- Symlinking: /workspaces/isaac_ros-dev/src/isaac_ros_nvblox/install/nvblox_ros/include/eigen3/Eigen/src/Core/arch/SVE/PacketMath.h
[332.894s] -- Symlinking: /workspaces/isaac_ros-dev/src/isaac_ros_nvblox/install/nvblox_ros/include/eigen3/Eigen/src/Core/arch/SVE/TypeCasting.h
[332.903s] -- Symlinking: /workspaces/isaac_ros-dev/src/isaac_ros_nvblox/install/nvblox_ros/include/eigen3/Eigen/src/Core/arch/SYCL/InteropHeaders.h
[332.913s] -- Symlinking: /workspaces/isaac_ros-dev/src/isaac_ros_nvblox/install/nvblox_ros/include/eigen3/Eigen/src/Core/arch/SYCL/MathFunctions.h
[332.922s] -- Symlinking: /workspaces/isaac_ros-dev/src/isaac_ros_nvblox/install/nvblox_ros/include/eigen3/Eigen/src/Core/arch/SYCL/PacketMath.h
[332.931s] -- Symlinking: /workspaces/isaac_ros-dev/src/isaac_ros_nvblox/install/nvblox_ros/include/eigen3/Eigen/src/Core/arch/SYCL/SyclMemoryModel.h
[332.942s] -- Symlinking: /workspaces/isaac_ros-dev/src/isaac_ros_nvblox/install/nvblox_ros/include/eigen3/Eigen/src/Core/arch/SYCL/TypeCasting.h
[332.952s] -- Symlinking: /workspaces/isaac_ros-dev/src/isaac_ros_nvblox/install/nvblox_ros/include/eigen3/Eigen/src/Core/arch/ZVector/Complex.h
[332.961s] -- Symlinking: /workspaces/isaac_ros-dev/src/isaac_ros_nvblox/install/nvblox_ros/include/eigen3/Eigen/src/Core/arch/ZVector/MathFunctions.h
[332.971s] -- Symlinking: /workspaces/isaac_ros-dev/src/isaac_ros_nvblox/install/nvblox_ros/include/eigen3/Eigen/src/Core/arch/ZVector/PacketMath.h
[332.982s] -- Symlinking: /workspaces/isaac_ros-dev/src/isaac_ros_nvblox/install/nvblox_ros/include/eigen3/Eigen/src/Core/functors/AssignmentFunctors.h
[332.991s] -- Symlinking: /workspaces/isaac_ros-dev/src/isaac_ros_nvblox/install/nvblox_ros/include/eigen3/Eigen/src/Core/functors/BinaryFunctors.h
[333.001s] -- Symlinking: /workspaces/isaac_ros-dev/src/isaac_ros_nvblox/install/nvblox_ros/include/eigen3/Eigen/src/Core/functors/NullaryFunctors.h
[333.009s] -- Symlinking: /workspaces/isaac_ros-dev/src/isaac_ros_nvblox/install/nvblox_ros/include/eigen3/Eigen/src/Core/functors/StlFunctors.h
[333.020s] -- Symlinking: /workspaces/isaac_ros-dev/src/isaac_ros_nvblox/install/nvblox_ros/include/eigen3/Eigen/src/Core/functors/TernaryFunctors.h
[333.029s] -- Symlinking: /workspaces/isaac_ros-dev/src/isaac_ros_nvblox/install/nvblox_ros/include/eigen3/Eigen/src/Core/functors/UnaryFunctors.h
[333.039s] -- Symlinking: /workspaces/isaac_ros-dev/src/isaac_ros_nvblox/install/nvblox_ros/include/eigen3/Eigen/src/Core/products/GeneralBlockPanelKernel.h
[333.048s] -- Symlinking: /workspaces/isaac_ros-dev/src/isaac_ros_nvblox/install/nvblox_ros/include/eigen3/Eigen/src/Core/products/GeneralMatrixMatrix.h
[333.059s] -- Symlinking: /workspaces/isaac_ros-dev/src/isaac_ros_nvblox/install/nvblox_ros/include/eigen3/Eigen/src/Core/products/GeneralMatrixMatrixTriangular.h
[333.068s] -- Symlinking: /workspaces/isaac_ros-dev/src/isaac_ros_nvblox/install/nvblox_ros/include/eigen3/Eigen/src/Core/products/GeneralMatrixMatrixTriangular_BLAS.h
[333.079s] -- Symlinking: /workspaces/isaac_ros-dev/src/isaac_ros_nvblox/install/nvblox_ros/include/eigen3/Eigen/src/Core/products/GeneralMatrixMatrix_BLAS.h
[333.089s] -- Symlinking: /workspaces/isaac_ros-dev/src/isaac_ros_nvblox/install/nvblox_ros/include/eigen3/Eigen/src/Core/products/GeneralMatrixVector.h
[333.099s] -- Symlinking: /workspaces/isaac_ros-dev/src/isaac_ros_nvblox/install/nvblox_ros/include/eigen3/Eigen/src/Core/products/GeneralMatrixVector_BLAS.h
[333.108s] -- Symlinking: /workspaces/isaac_ros-dev/src/isaac_ros_nvblox/install/nvblox_ros/include/eigen3/Eigen/src/Core/products/Parallelizer.h
[333.117s] -- Symlinking: /workspaces/isaac_ros-dev/src/isaac_ros_nvblox/install/nvblox_ros/include/eigen3/Eigen/src/Core/products/SelfadjointMatrixMatrix.h
[333.127s] -- Symlinking: /workspaces/isaac_ros-dev/src/isaac_ros_nvblox/install/nvblox_ros/include/eigen3/Eigen/src/Core/products/SelfadjointMatrixMatrix_BLAS.h
[333.136s] -- Symlinking: /workspaces/isaac_ros-dev/src/isaac_ros_nvblox/install/nvblox_ros/include/eigen3/Eigen/src/Core/products/SelfadjointMatrixVector.h
[333.146s] -- Symlinking: /workspaces/isaac_ros-dev/src/isaac_ros_nvblox/install/nvblox_ros/include/eigen3/Eigen/src/Core/products/SelfadjointMatrixVector_BLAS.h
[333.156s] -- Symlinking: /workspaces/isaac_ros-dev/src/isaac_ros_nvblox/install/nvblox_ros/include/eigen3/Eigen/src/Core/products/SelfadjointProduct.h
[333.168s] -- Symlinking: /workspaces/isaac_ros-dev/src/isaac_ros_nvblox/install/nvblox_ros/include/eigen3/Eigen/src/Core/products/SelfadjointRank2Update.h
[333.178s] -- Symlinking: /workspaces/isaac_ros-dev/src/isaac_ros_nvblox/install/nvblox_ros/include/eigen3/Eigen/src/Core/products/TriangularMatrixMatrix.h
[333.187s] -- Symlinking: /workspaces/isaac_ros-dev/src/isaac_ros_nvblox/install/nvblox_ros/include/eigen3/Eigen/src/Core/products/TriangularMatrixMatrix_BLAS.h
[333.197s] -- Symlinking: /workspaces/isaac_ros-dev/src/isaac_ros_nvblox/install/nvblox_ros/include/eigen3/Eigen/src/Core/products/TriangularMatrixVector.h
[333.206s] -- Symlinking: /workspaces/isaac_ros-dev/src/isaac_ros_nvblox/install/nvblox_ros/include/eigen3/Eigen/src/Core/products/TriangularMatrixVector_BLAS.h
[333.216s] -- Symlinking: /workspaces/isaac_ros-dev/src/isaac_ros_nvblox/install/nvblox_ros/include/eigen3/Eigen/src/Core/products/TriangularSolverMatrix.h
[333.226s] -- Symlinking: /workspaces/isaac_ros-dev/src/isaac_ros_nvblox/install/nvblox_ros/include/eigen3/Eigen/src/Core/products/TriangularSolverMatrix_BLAS.h
[333.238s] -- Symlinking: /workspaces/isaac_ros-dev/src/isaac_ros_nvblox/install/nvblox_ros/include/eigen3/Eigen/src/Core/products/TriangularSolverVector.h
[333.249s] -- Symlinking: /workspaces/isaac_ros-dev/src/isaac_ros_nvblox/install/nvblox_ros/include/eigen3/Eigen/src/Core/util/BlasUtil.h
[333.258s] -- Symlinking: /workspaces/isaac_ros-dev/src/isaac_ros_nvblox/install/nvblox_ros/include/eigen3/Eigen/src/Core/util/ConfigureVectorization.h
[333.268s] -- Symlinking: /workspaces/isaac_ros-dev/src/isaac_ros_nvblox/install/nvblox_ros/include/eigen3/Eigen/src/Core/util/Constants.h
[333.279s] -- Symlinking: /workspaces/isaac_ros-dev/src/isaac_ros_nvblox/install/nvblox_ros/include/eigen3/Eigen/src/Core/util/DisableStupidWarnings.h
[333.290s] -- Symlinking: /workspaces/isaac_ros-dev/src/isaac_ros_nvblox/install/nvblox_ros/include/eigen3/Eigen/src/Core/util/ForwardDeclarations.h
[333.299s] -- Symlinking: /workspaces/isaac_ros-dev/src/isaac_ros_nvblox/install/nvblox_ros/include/eigen3/Eigen/src/Core/util/IndexedViewHelper.h
[333.308s] -- Symlinking: /workspaces/isaac_ros-dev/src/isaac_ros_nvblox/install/nvblox_ros/include/eigen3/Eigen/src/Core/util/IntegralConstant.h
[333.318s] -- Symlinking: /workspaces/isaac_ros-dev/src/isaac_ros_nvblox/install/nvblox_ros/include/eigen3/Eigen/src/Core/util/MKL_support.h
[333.328s] -- Symlinking: /workspaces/isaac_ros-dev/src/isaac_ros_nvblox/install/nvblox_ros/include/eigen3/Eigen/src/Core/util/Macros.h
[333.338s] -- Symlinking: /workspaces/isaac_ros-dev/src/isaac_ros_nvblox/install/nvblox_ros/include/eigen3/Eigen/src/Core/util/Memory.h
[333.347s] -- Symlinking: /workspaces/isaac_ros-dev/src/isaac_ros_nvblox/install/nvblox_ros/include/eigen3/Eigen/src/Core/util/Meta.h
[333.358s] -- Symlinking: /workspaces/isaac_ros-dev/src/isaac_ros_nvblox/install/nvblox_ros/include/eigen3/Eigen/src/Core/util/NonMPL2.h
[333.369s] -- Symlinking: /workspaces/isaac_ros-dev/src/isaac_ros_nvblox/install/nvblox_ros/include/eigen3/Eigen/src/Core/util/ReenableStupidWarnings.h
[333.380s] -- Symlinking: /workspaces/isaac_ros-dev/src/isaac_ros_nvblox/install/nvblox_ros/include/eigen3/Eigen/src/Core/util/ReshapedHelper.h
[333.390s] -- Symlinking: /workspaces/isaac_ros-dev/src/isaac_ros_nvblox/install/nvblox_ros/include/eigen3/Eigen/src/Core/util/StaticAssert.h
[333.399s] -- Symlinking: /workspaces/isaac_ros-dev/src/isaac_ros_nvblox/install/nvblox_ros/include/eigen3/Eigen/src/Core/util/SymbolicIndex.h
[333.410s] -- Symlinking: /workspaces/isaac_ros-dev/src/isaac_ros_nvblox/install/nvblox_ros/include/eigen3/Eigen/src/Core/util/XprHelper.h
[333.419s] -- Symlinking: /workspaces/isaac_ros-dev/src/isaac_ros_nvblox/install/nvblox_ros/include/eigen3/Eigen/src/Eigenvalues/ComplexEigenSolver.h
[333.428s] -- Symlinking: /workspaces/isaac_ros-dev/src/isaac_ros_nvblox/install/nvblox_ros/include/eigen3/Eigen/src/Eigenvalues/ComplexSchur.h
[333.438s] -- Symlinking: /workspaces/isaac_ros-dev/src/isaac_ros_nvblox/install/nvblox_ros/include/eigen3/Eigen/src/Eigenvalues/ComplexSchur_LAPACKE.h
[333.450s] -- Symlinking: /workspaces/isaac_ros-dev/src/isaac_ros_nvblox/install/nvblox_ros/include/eigen3/Eigen/src/Eigenvalues/EigenSolver.h
[333.462s] -- Symlinking: /workspaces/isaac_ros-dev/src/isaac_ros_nvblox/install/nvblox_ros/include/eigen3/Eigen/src/Eigenvalues/GeneralizedEigenSolver.h
[333.471s] -- Symlinking: /workspaces/isaac_ros-dev/src/isaac_ros_nvblox/install/nvblox_ros/include/eigen3/Eigen/src/Eigenvalues/GeneralizedSelfAdjointEigenSolver.h
[333.481s] -- Symlinking: /workspaces/isaac_ros-dev/src/isaac_ros_nvblox/install/nvblox_ros/include/eigen3/Eigen/src/Eigenvalues/HessenbergDecomposition.h
[333.490s] -- Symlinking: /workspaces/isaac_ros-dev/src/isaac_ros_nvblox/install/nvblox_ros/include/eigen3/Eigen/src/Eigenvalues/MatrixBaseEigenvalues.h
[333.499s] -- Symlinking: /workspaces/isaac_ros-dev/src/isaac_ros_nvblox/install/nvblox_ros/include/eigen3/Eigen/src/Eigenvalues/RealQZ.h
[333.510s] -- Symlinking: /workspaces/isaac_ros-dev/src/isaac_ros_nvblox/install/nvblox_ros/include/eigen3/Eigen/src/Eigenvalues/RealSchur.h
[333.519s] -- Symlinking: /workspaces/isaac_ros-dev/src/isaac_ros_nvblox/install/nvblox_ros/include/eigen3/Eigen/src/Eigenvalues/RealSchur_LAPACKE.h
[333.528s] -- Symlinking: /workspaces/isaac_ros-dev/src/isaac_ros_nvblox/install/nvblox_ros/include/eigen3/Eigen/src/Eigenvalues/SelfAdjointEigenSolver.h
[333.538s] -- Symlinking: /workspaces/isaac_ros-dev/src/isaac_ros_nvblox/install/nvblox_ros/include/eigen3/Eigen/src/Eigenvalues/SelfAdjointEigenSolver_LAPACKE.h
[333.549s] -- Symlinking: /workspaces/isaac_ros-dev/src/isaac_ros_nvblox/install/nvblox_ros/include/eigen3/Eigen/src/Eigenvalues/Tridiagonalization.h
[333.559s] -- Symlinking: /workspaces/isaac_ros-dev/src/isaac_ros_nvblox/install/nvblox_ros/include/eigen3/Eigen/src/Geometry/AlignedBox.h
[333.568s] -- Symlinking: /workspaces/isaac_ros-dev/src/isaac_ros_nvblox/install/nvblox_ros/include/eigen3/Eigen/src/Geometry/AngleAxis.h
[333.577s] -- Symlinking: /workspaces/isaac_ros-dev/src/isaac_ros_nvblox/install/nvblox_ros/include/eigen3/Eigen/src/Geometry/EulerAngles.h
[333.587s] -- Symlinking: /workspaces/isaac_ros-dev/src/isaac_ros_nvblox/install/nvblox_ros/include/eigen3/Eigen/src/Geometry/Homogeneous.h
[333.596s] -- Symlinking: /workspaces/isaac_ros-dev/src/isaac_ros_nvblox/install/nvblox_ros/include/eigen3/Eigen/src/Geometry/Hyperplane.h
[333.605s] -- Symlinking: /workspaces/isaac_ros-dev/src/isaac_ros_nvblox/install/nvblox_ros/include/eigen3/Eigen/src/Geometry/OrthoMethods.h
[333.616s] -- Symlinking: /workspaces/isaac_ros-dev/src/isaac_ros_nvblox/install/nvblox_ros/include/eigen3/Eigen/src/Geometry/ParametrizedLine.h
[333.625s] -- Symlinking: /workspaces/isaac_ros-dev/src/isaac_ros_nvblox/install/nvblox_ros/include/eigen3/Eigen/src/Geometry/Quaternion.h
[333.634s] -- Symlinking: /workspaces/isaac_ros-dev/src/isaac_ros_nvblox/install/nvblox_ros/include/eigen3/Eigen/src/Geometry/Rotation2D.h
[333.644s] -- Symlinking: /workspaces/isaac_ros-dev/src/isaac_ros_nvblox/install/nvblox_ros/include/eigen3/Eigen/src/Geometry/RotationBase.h
[333.653s] -- Symlinking: /workspaces/isaac_ros-dev/src/isaac_ros_nvblox/install/nvblox_ros/include/eigen3/Eigen/src/Geometry/Scaling.h
[333.662s] -- Symlinking: /workspaces/isaac_ros-dev/src/isaac_ros_nvblox/install/nvblox_ros/include/eigen3/Eigen/src/Geometry/Transform.h
[333.673s] -- Symlinking: /workspaces/isaac_ros-dev/src/isaac_ros_nvblox/install/nvblox_ros/include/eigen3/Eigen/src/Geometry/Translation.h
[333.683s] -- Symlinking: /workspaces/isaac_ros-dev/src/isaac_ros_nvblox/install/nvblox_ros/include/eigen3/Eigen/src/Geometry/Umeyama.h
[333.692s] -- Symlinking: /workspaces/isaac_ros-dev/src/isaac_ros_nvblox/install/nvblox_ros/include/eigen3/Eigen/src/Geometry/arch/Geometry_SIMD.h
[333.701s] -- Symlinking: /workspaces/isaac_ros-dev/src/isaac_ros_nvblox/install/nvblox_ros/include/eigen3/Eigen/src/Householder/BlockHouseholder.h
[333.710s] -- Symlinking: /workspaces/isaac_ros-dev/src/isaac_ros_nvblox/install/nvblox_ros/include/eigen3/Eigen/src/Householder/Householder.h
[333.721s] -- Symlinking: /workspaces/isaac_ros-dev/src/isaac_ros_nvblox/install/nvblox_ros/include/eigen3/Eigen/src/Householder/HouseholderSequence.h
[333.732s] -- Symlinking: /workspaces/isaac_ros-dev/src/isaac_ros_nvblox/install/nvblox_ros/include/eigen3/Eigen/src/IterativeLinearSolvers/BasicPreconditioners.h
[333.743s] -- Symlinking: /workspaces/isaac_ros-dev/src/isaac_ros_nvblox/install/nvblox_ros/include/eigen3/Eigen/src/IterativeLinearSolvers/BiCGSTAB.h
[333.754s] -- Symlinking: /workspaces/isaac_ros-dev/src/isaac_ros_nvblox/install/nvblox_ros/include/eigen3/Eigen/src/IterativeLinearSolvers/ConjugateGradient.h
[333.764s] -- Symlinking: /workspaces/isaac_ros-dev/src/isaac_ros_nvblox/install/nvblox_ros/include/eigen3/Eigen/src/IterativeLinearSolvers/IncompleteCholesky.h
[333.773s] -- Symlinking: /workspaces/isaac_ros-dev/src/isaac_ros_nvblox/install/nvblox_ros/include/eigen3/Eigen/src/IterativeLinearSolvers/IncompleteLUT.h
[333.784s] -- Symlinking: /workspaces/isaac_ros-dev/src/isaac_ros_nvblox/install/nvblox_ros/include/eigen3/Eigen/src/IterativeLinearSolvers/IterativeSolverBase.h
[333.794s] -- Symlinking: /workspaces/isaac_ros-dev/src/isaac_ros_nvblox/install/nvblox_ros/include/eigen3/Eigen/src/IterativeLinearSolvers/LeastSquareConjugateGradient.h
[333.803s] -- Symlinking: /workspaces/isaac_ros-dev/src/isaac_ros_nvblox/install/nvblox_ros/include/eigen3/Eigen/src/IterativeLinearSolvers/SolveWithGuess.h
[333.812s] -- Symlinking: /workspaces/isaac_ros-dev/src/isaac_ros_nvblox/install/nvblox_ros/include/eigen3/Eigen/src/Jacobi/Jacobi.h
[333.822s] -- Symlinking: /workspaces/isaac_ros-dev/src/isaac_ros_nvblox/install/nvblox_ros/include/eigen3/Eigen/src/KLUSupport/KLUSupport.h
[333.831s] -- Symlinking: /workspaces/isaac_ros-dev/src/isaac_ros_nvblox/install/nvblox_ros/include/eigen3/Eigen/src/LU/Determinant.h
[333.843s] -- Symlinking: /workspaces/isaac_ros-dev/src/isaac_ros_nvblox/install/nvblox_ros/include/eigen3/Eigen/src/LU/FullPivLU.h
[333.853s] -- Symlinking: /workspaces/isaac_ros-dev/src/isaac_ros_nvblox/install/nvblox_ros/include/eigen3/Eigen/src/LU/InverseImpl.h
[333.862s] -- Symlinking: /workspaces/isaac_ros-dev/src/isaac_ros_nvblox/install/nvblox_ros/include/eigen3/Eigen/src/LU/PartialPivLU.h
[333.871s] -- Symlinking: /workspaces/isaac_ros-dev/src/isaac_ros_nvblox/install/nvblox_ros/include/eigen3/Eigen/src/LU/PartialPivLU_LAPACKE.h
[333.880s] -- Symlinking: /workspaces/isaac_ros-dev/src/isaac_ros_nvblox/install/nvblox_ros/include/eigen3/Eigen/src/LU/arch/InverseSize4.h
[333.890s] -- Symlinking: /workspaces/isaac_ros-dev/src/isaac_ros_nvblox/install/nvblox_ros/include/eigen3/Eigen/src/MetisSupport/MetisSupport.h
[333.900s] -- Symlinking: /workspaces/isaac_ros-dev/src/isaac_ros_nvblox/install/nvblox_ros/include/eigen3/Eigen/src/OrderingMethods/Amd.h
[333.910s] -- Symlinking: /workspaces/isaac_ros-dev/src/isaac_ros_nvblox/install/nvblox_ros/include/eigen3/Eigen/src/OrderingMethods/Eigen_Colamd.h
[333.919s] -- Symlinking: /workspaces/isaac_ros-dev/src/isaac_ros_nvblox/install/nvblox_ros/include/eigen3/Eigen/src/OrderingMethods/Ordering.h
[333.929s] -- Symlinking: /workspaces/isaac_ros-dev/src/isaac_ros_nvblox/install/nvblox_ros/include/eigen3/Eigen/src/PaStiXSupport/PaStiXSupport.h
[333.938s] -- Symlinking: /workspaces/isaac_ros-dev/src/isaac_ros_nvblox/install/nvblox_ros/include/eigen3/Eigen/src/PardisoSupport/PardisoSupport.h
[333.949s] -- Symlinking: /workspaces/isaac_ros-dev/src/isaac_ros_nvblox/install/nvblox_ros/include/eigen3/Eigen/src/QR/ColPivHouseholderQR.h
[333.958s] -- Symlinking: /workspaces/isaac_ros-dev/src/isaac_ros_nvblox/install/nvblox_ros/include/eigen3/Eigen/src/QR/ColPivHouseholderQR_LAPACKE.h
[333.967s] -- Symlinking: /workspaces/isaac_ros-dev/src/isaac_ros_nvblox/install/nvblox_ros/include/eigen3/Eigen/src/QR/CompleteOrthogonalDecomposition.h
[333.978s] -- Symlinking: /workspaces/isaac_ros-dev/src/isaac_ros_nvblox/install/nvblox_ros/include/eigen3/Eigen/src/QR/FullPivHouseholderQR.h
[333.988s] -- Symlinking: /workspaces/isaac_ros-dev/src/isaac_ros_nvblox/install/nvblox_ros/include/eigen3/Eigen/src/QR/HouseholderQR.h
[333.997s] -- Symlinking: /workspaces/isaac_ros-dev/src/isaac_ros_nvblox/install/nvblox_ros/include/eigen3/Eigen/src/QR/HouseholderQR_LAPACKE.h
[334.006s] -- Symlinking: /workspaces/isaac_ros-dev/src/isaac_ros_nvblox/install/nvblox_ros/include/eigen3/Eigen/src/SPQRSupport/SuiteSparseQRSupport.h
[334.015s] -- Symlinking: /workspaces/isaac_ros-dev/src/isaac_ros_nvblox/install/nvblox_ros/include/eigen3/Eigen/src/SVD/BDCSVD.h
[334.024s] -- Symlinking: /workspaces/isaac_ros-dev/src/isaac_ros_nvblox/install/nvblox_ros/include/eigen3/Eigen/src/SVD/JacobiSVD.h
[334.033s] -- Symlinking: /workspaces/isaac_ros-dev/src/isaac_ros_nvblox/install/nvblox_ros/include/eigen3/Eigen/src/SVD/JacobiSVD_LAPACKE.h
[334.042s] -- Symlinking: /workspaces/isaac_ros-dev/src/isaac_ros_nvblox/install/nvblox_ros/include/eigen3/Eigen/src/SVD/SVDBase.h
[334.051s] -- Symlinking: /workspaces/isaac_ros-dev/src/isaac_ros_nvblox/install/nvblox_ros/include/eigen3/Eigen/src/SVD/UpperBidiagonalization.h
[334.060s] -- Symlinking: /workspaces/isaac_ros-dev/src/isaac_ros_nvblox/install/nvblox_ros/include/eigen3/Eigen/src/SparseCholesky/SimplicialCholesky.h
[334.069s] -- Symlinking: /workspaces/isaac_ros-dev/src/isaac_ros_nvblox/install/nvblox_ros/include/eigen3/Eigen/src/SparseCholesky/SimplicialCholesky_impl.h
[334.078s] -- Symlinking: /workspaces/isaac_ros-dev/src/isaac_ros_nvblox/install/nvblox_ros/include/eigen3/Eigen/src/SparseCore/AmbiVector.h
[334.088s] -- Symlinking: /workspaces/isaac_ros-dev/src/isaac_ros_nvblox/install/nvblox_ros/include/eigen3/Eigen/src/SparseCore/CompressedStorage.h
[334.099s] -- Symlinking: /workspaces/isaac_ros-dev/src/isaac_ros_nvblox/install/nvblox_ros/include/eigen3/Eigen/src/SparseCore/ConservativeSparseSparseProduct.h
[334.108s] -- Symlinking: /workspaces/isaac_ros-dev/src/isaac_ros_nvblox/install/nvblox_ros/include/eigen3/Eigen/src/SparseCore/MappedSparseMatrix.h
[334.117s] -- Symlinking: /workspaces/isaac_ros-dev/src/isaac_ros_nvblox/install/nvblox_ros/include/eigen3/Eigen/src/SparseCore/SparseAssign.h
[334.127s] -- Symlinking: /workspaces/isaac_ros-dev/src/isaac_ros_nvblox/install/nvblox_ros/include/eigen3/Eigen/src/SparseCore/SparseBlock.h
[334.135s] -- Symlinking: /workspaces/isaac_ros-dev/src/isaac_ros_nvblox/install/nvblox_ros/include/eigen3/Eigen/src/SparseCore/SparseColEtree.h
[334.145s] -- Symlinking: /workspaces/isaac_ros-dev/src/isaac_ros_nvblox/install/nvblox_ros/include/eigen3/Eigen/src/SparseCore/SparseCompressedBase.h
[334.155s] -- Symlinking: /workspaces/isaac_ros-dev/src/isaac_ros_nvblox/install/nvblox_ros/include/eigen3/Eigen/src/SparseCore/SparseCwiseBinaryOp.h
[334.166s] -- Symlinking: /workspaces/isaac_ros-dev/src/isaac_ros_nvblox/install/nvblox_ros/include/eigen3/Eigen/src/SparseCore/SparseCwiseUnaryOp.h
[334.176s] -- Symlinking: /workspaces/isaac_ros-dev/src/isaac_ros_nvblox/install/nvblox_ros/include/eigen3/Eigen/src/SparseCore/SparseDenseProduct.h
[334.186s] -- Symlinking: /workspaces/isaac_ros-dev/src/isaac_ros_nvblox/install/nvblox_ros/include/eigen3/Eigen/src/SparseCore/SparseDiagonalProduct.h
[334.195s] -- Symlinking: /workspaces/isaac_ros-dev/src/isaac_ros_nvblox/install/nvblox_ros/include/eigen3/Eigen/src/SparseCore/SparseDot.h
[334.205s] -- Symlinking: /workspaces/isaac_ros-dev/src/isaac_ros_nvblox/install/nvblox_ros/include/eigen3/Eigen/src/SparseCore/SparseFuzzy.h
[334.216s] -- Symlinking: /workspaces/isaac_ros-dev/src/isaac_ros_nvblox/install/nvblox_ros/include/eigen3/Eigen/src/SparseCore/SparseMap.h
[334.226s] -- Symlinking: /workspaces/isaac_ros-dev/src/isaac_ros_nvblox/install/nvblox_ros/include/eigen3/Eigen/src/SparseCore/SparseMatrix.h
[334.235s] -- Symlinking: /workspaces/isaac_ros-dev/src/isaac_ros_nvblox/install/nvblox_ros/include/eigen3/Eigen/src/SparseCore/SparseMatrixBase.h
[334.244s] -- Symlinking: /workspaces/isaac_ros-dev/src/isaac_ros_nvblox/install/nvblox_ros/include/eigen3/Eigen/src/SparseCore/SparsePermutation.h
[334.253s] -- Symlinking: /workspaces/isaac_ros-dev/src/isaac_ros_nvblox/install/nvblox_ros/include/eigen3/Eigen/src/SparseCore/SparseProduct.h
[334.262s] -- Symlinking: /workspaces/isaac_ros-dev/src/isaac_ros_nvblox/install/nvblox_ros/include/eigen3/Eigen/src/SparseCore/SparseRedux.h
[334.271s] -- Symlinking: /workspaces/isaac_ros-dev/src/isaac_ros_nvblox/install/nvblox_ros/include/eigen3/Eigen/src/SparseCore/SparseRef.h
[334.281s] -- Symlinking: /workspaces/isaac_ros-dev/src/isaac_ros_nvblox/install/nvblox_ros/include/eigen3/Eigen/src/SparseCore/SparseSelfAdjointView.h
[334.290s] -- Symlinking: /workspaces/isaac_ros-dev/src/isaac_ros_nvblox/install/nvblox_ros/include/eigen3/Eigen/src/SparseCore/SparseSolverBase.h
[334.299s] -- Symlinking: /workspaces/isaac_ros-dev/src/isaac_ros_nvblox/install/nvblox_ros/include/eigen3/Eigen/src/SparseCore/SparseSparseProductWithPruning.h
[334.308s] -- Symlinking: /workspaces/isaac_ros-dev/src/isaac_ros_nvblox/install/nvblox_ros/include/eigen3/Eigen/src/SparseCore/SparseTranspose.h
[334.320s] -- Symlinking: /workspaces/isaac_ros-dev/src/isaac_ros_nvblox/install/nvblox_ros/include/eigen3/Eigen/src/SparseCore/SparseTriangularView.h
[334.329s] -- Symlinking: /workspaces/isaac_ros-dev/src/isaac_ros_nvblox/install/nvblox_ros/include/eigen3/Eigen/src/SparseCore/SparseUtil.h
[334.338s] -- Symlinking: /workspaces/isaac_ros-dev/src/isaac_ros_nvblox/install/nvblox_ros/include/eigen3/Eigen/src/SparseCore/SparseVector.h
[334.347s] -- Symlinking: /workspaces/isaac_ros-dev/src/isaac_ros_nvblox/install/nvblox_ros/include/eigen3/Eigen/src/SparseCore/SparseView.h
[334.356s] -- Symlinking: /workspaces/isaac_ros-dev/src/isaac_ros_nvblox/install/nvblox_ros/include/eigen3/Eigen/src/SparseCore/TriangularSolver.h
[334.365s] -- Symlinking: /workspaces/isaac_ros-dev/src/isaac_ros_nvblox/install/nvblox_ros/include/eigen3/Eigen/src/SparseLU/SparseLU.h
[334.374s] -- Symlinking: /workspaces/isaac_ros-dev/src/isaac_ros_nvblox/install/nvblox_ros/include/eigen3/Eigen/src/SparseLU/SparseLUImpl.h
[334.383s] -- Symlinking: /workspaces/isaac_ros-dev/src/isaac_ros_nvblox/install/nvblox_ros/include/eigen3/Eigen/src/SparseLU/SparseLU_Memory.h
[334.392s] -- Symlinking: /workspaces/isaac_ros-dev/src/isaac_ros_nvblox/install/nvblox_ros/include/eigen3/Eigen/src/SparseLU/SparseLU_Structs.h
[334.401s] -- Symlinking: /workspaces/isaac_ros-dev/src/isaac_ros_nvblox/install/nvblox_ros/include/eigen3/Eigen/src/SparseLU/SparseLU_SupernodalMatrix.h
[334.410s] -- Symlinking: /workspaces/isaac_ros-dev/src/isaac_ros_nvblox/install/nvblox_ros/include/eigen3/Eigen/src/SparseLU/SparseLU_Utils.h
[334.419s] -- Symlinking: /workspaces/isaac_ros-dev/src/isaac_ros_nvblox/install/nvblox_ros/include/eigen3/Eigen/src/SparseLU/SparseLU_column_bmod.h
[334.428s] -- Symlinking: /workspaces/isaac_ros-dev/src/isaac_ros_nvblox/install/nvblox_ros/include/eigen3/Eigen/src/SparseLU/SparseLU_column_dfs.h
[334.438s] -- Symlinking: /workspaces/isaac_ros-dev/src/isaac_ros_nvblox/install/nvblox_ros/include/eigen3/Eigen/src/SparseLU/SparseLU_copy_to_ucol.h
[334.447s] -- Symlinking: /workspaces/isaac_ros-dev/src/isaac_ros_nvblox/install/nvblox_ros/include/eigen3/Eigen/src/SparseLU/SparseLU_gemm_kernel.h
[334.456s] -- Symlinking: /workspaces/isaac_ros-dev/src/isaac_ros_nvblox/install/nvblox_ros/include/eigen3/Eigen/src/SparseLU/SparseLU_heap_relax_snode.h
[334.465s] -- Symlinking: /workspaces/isaac_ros-dev/src/isaac_ros_nvblox/install/nvblox_ros/include/eigen3/Eigen/src/SparseLU/SparseLU_kernel_bmod.h
[334.474s] -- Symlinking: /workspaces/isaac_ros-dev/src/isaac_ros_nvblox/install/nvblox_ros/include/eigen3/Eigen/src/SparseLU/SparseLU_panel_bmod.h
[334.483s] -- Symlinking: /workspaces/isaac_ros-dev/src/isaac_ros_nvblox/install/nvblox_ros/include/eigen3/Eigen/src/SparseLU/SparseLU_panel_dfs.h
[334.492s] -- Symlinking: /workspaces/isaac_ros-dev/src/isaac_ros_nvblox/install/nvblox_ros/include/eigen3/Eigen/src/SparseLU/SparseLU_pivotL.h
[334.501s] -- Symlinking: /workspaces/isaac_ros-dev/src/isaac_ros_nvblox/install/nvblox_ros/include/eigen3/Eigen/src/SparseLU/SparseLU_pruneL.h
[334.511s] -- Symlinking: /workspaces/isaac_ros-dev/src/isaac_ros_nvblox/install/nvblox_ros/include/eigen3/Eigen/src/SparseLU/SparseLU_relax_snode.h
[334.520s] -- Symlinking: /workspaces/isaac_ros-dev/src/isaac_ros_nvblox/install/nvblox_ros/include/eigen3/Eigen/src/SparseQR/SparseQR.h
[334.530s] -- Symlinking: /workspaces/isaac_ros-dev/src/isaac_ros_nvblox/install/nvblox_ros/include/eigen3/Eigen/src/StlSupport/StdDeque.h
[334.541s] -- Symlinking: /workspaces/isaac_ros-dev/src/isaac_ros_nvblox/install/nvblox_ros/include/eigen3/Eigen/src/StlSupport/StdList.h
[334.552s] -- Symlinking: /workspaces/isaac_ros-dev/src/isaac_ros_nvblox/install/nvblox_ros/include/eigen3/Eigen/src/StlSupport/StdVector.h
[334.563s] -- Symlinking: /workspaces/isaac_ros-dev/src/isaac_ros_nvblox/install/nvblox_ros/include/eigen3/Eigen/src/StlSupport/details.h
[334.574s] -- Symlinking: /workspaces/isaac_ros-dev/src/isaac_ros_nvblox/install/nvblox_ros/include/eigen3/Eigen/src/SuperLUSupport/SuperLUSupport.h
[334.584s] -- Symlinking: /workspaces/isaac_ros-dev/src/isaac_ros_nvblox/install/nvblox_ros/include/eigen3/Eigen/src/UmfPackSupport/UmfPackSupport.h
[334.593s] -- Symlinking: /workspaces/isaac_ros-dev/src/isaac_ros_nvblox/install/nvblox_ros/include/eigen3/Eigen/src/misc/Image.h
[334.603s] -- Symlinking: /workspaces/isaac_ros-dev/src/isaac_ros_nvblox/install/nvblox_ros/include/eigen3/Eigen/src/misc/Kernel.h
[334.613s] -- Symlinking: /workspaces/isaac_ros-dev/src/isaac_ros_nvblox/install/nvblox_ros/include/eigen3/Eigen/src/misc/RealSvd2x2.h
[334.623s] -- Symlinking: /workspaces/isaac_ros-dev/src/isaac_ros_nvblox/install/nvblox_ros/include/eigen3/Eigen/src/misc/blas.h
[334.633s] -- Symlinking: /workspaces/isaac_ros-dev/src/isaac_ros_nvblox/install/nvblox_ros/include/eigen3/Eigen/src/misc/lapack.h
[334.642s] -- Symlinking: /workspaces/isaac_ros-dev/src/isaac_ros_nvblox/install/nvblox_ros/include/eigen3/Eigen/src/misc/lapacke.h
[334.651s] -- Symlinking: /workspaces/isaac_ros-dev/src/isaac_ros_nvblox/install/nvblox_ros/include/eigen3/Eigen/src/misc/lapacke_mangling.h
[334.660s] -- Symlinking: /workspaces/isaac_ros-dev/src/isaac_ros_nvblox/install/nvblox_ros/include/eigen3/Eigen/src/plugins/ArrayCwiseBinaryOps.h
[334.669s] -- Symlinking: /workspaces/isaac_ros-dev/src/isaac_ros_nvblox/install/nvblox_ros/include/eigen3/Eigen/src/plugins/ArrayCwiseUnaryOps.h
[334.678s] -- Symlinking: /workspaces/isaac_ros-dev/src/isaac_ros_nvblox/install/nvblox_ros/include/eigen3/Eigen/src/plugins/BlockMethods.h
[334.688s] -- Symlinking: /workspaces/isaac_ros-dev/src/isaac_ros_nvblox/install/nvblox_ros/include/eigen3/Eigen/src/plugins/CommonCwiseBinaryOps.h
[334.697s] -- Symlinking: /workspaces/isaac_ros-dev/src/isaac_ros_nvblox/install/nvblox_ros/include/eigen3/Eigen/src/plugins/CommonCwiseUnaryOps.h
[334.706s] -- Symlinking: /workspaces/isaac_ros-dev/src/isaac_ros_nvblox/install/nvblox_ros/include/eigen3/Eigen/src/plugins/IndexedViewMethods.h
[334.716s] -- Symlinking: /workspaces/isaac_ros-dev/src/isaac_ros_nvblox/install/nvblox_ros/include/eigen3/Eigen/src/plugins/MatrixCwiseBinaryOps.h
[334.725s] -- Symlinking: /workspaces/isaac_ros-dev/src/isaac_ros_nvblox/install/nvblox_ros/include/eigen3/Eigen/src/plugins/MatrixCwiseUnaryOps.h
[334.735s] -- Symlinking: /workspaces/isaac_ros-dev/src/isaac_ros_nvblox/install/nvblox_ros/include/eigen3/Eigen/src/plugins/ReshapedMethods.h
[334.744s] -- Symlinking: /workspaces/isaac_ros-dev/src/isaac_ros_nvblox/install/nvblox_ros/include/eigen3/signature_of_eigen3_matrix_library
[334.753s] -- Symlinking: /workspaces/isaac_ros-dev/src/isaac_ros_nvblox/install/nvblox_ros/include/eigen3/unsupported/Eigen/AdolcForward
[334.763s] -- Symlinking: /workspaces/isaac_ros-dev/src/isaac_ros_nvblox/install/nvblox_ros/include/eigen3/unsupported/Eigen/AlignedVector3
[334.772s] -- Symlinking: /workspaces/isaac_ros-dev/src/isaac_ros_nvblox/install/nvblox_ros/include/eigen3/unsupported/Eigen/ArpackSupport
[334.781s] -- Symlinking: /workspaces/isaac_ros-dev/src/isaac_ros_nvblox/install/nvblox_ros/include/eigen3/unsupported/Eigen/AutoDiff
[334.790s] -- Symlinking: /workspaces/isaac_ros-dev/src/isaac_ros_nvblox/install/nvblox_ros/include/eigen3/unsupported/Eigen/BVH
[334.799s] -- Symlinking: /workspaces/isaac_ros-dev/src/isaac_ros_nvblox/install/nvblox_ros/include/eigen3/unsupported/Eigen/CXX11/Tensor
[334.808s] -- Symlinking: /workspaces/isaac_ros-dev/src/isaac_ros_nvblox/install/nvblox_ros/include/eigen3/unsupported/Eigen/CXX11/TensorSymmetry
[334.819s] -- Symlinking: /workspaces/isaac_ros-dev/src/isaac_ros_nvblox/install/nvblox_ros/include/eigen3/unsupported/Eigen/CXX11/ThreadPool
[334.828s] -- Symlinking: /workspaces/isaac_ros-dev/src/isaac_ros_nvblox/install/nvblox_ros/include/eigen3/unsupported/Eigen/CXX11/src/Tensor/Tensor.h
[334.837s] -- Symlinking: /workspaces/isaac_ros-dev/src/isaac_ros_nvblox/install/nvblox_ros/include/eigen3/unsupported/Eigen/CXX11/src/Tensor/TensorArgMax.h
[334.846s] -- Symlinking: /workspaces/isaac_ros-dev/src/isaac_ros_nvblox/install/nvblox_ros/include/eigen3/unsupported/Eigen/CXX11/src/Tensor/TensorAssign.h
[334.855s] -- Symlinking: /workspaces/isaac_ros-dev/src/isaac_ros_nvblox/install/nvblox_ros/include/eigen3/unsupported/Eigen/CXX11/src/Tensor/TensorBase.h
[334.864s] -- Symlinking: /workspaces/isaac_ros-dev/src/isaac_ros_nvblox/install/nvblox_ros/include/eigen3/unsupported/Eigen/CXX11/src/Tensor/TensorBlock.h
[334.874s] -- Symlinking: /workspaces/isaac_ros-dev/src/isaac_ros_nvblox/install/nvblox_ros/include/eigen3/unsupported/Eigen/CXX11/src/Tensor/TensorBroadcasting.h
[334.883s] -- Symlinking: /workspaces/isaac_ros-dev/src/isaac_ros_nvblox/install/nvblox_ros/include/eigen3/unsupported/Eigen/CXX11/src/Tensor/TensorChipping.h
[334.892s] -- Symlinking: /workspaces/isaac_ros-dev/src/isaac_ros_nvblox/install/nvblox_ros/include/eigen3/unsupported/Eigen/CXX11/src/Tensor/TensorConcatenation.h
[334.901s] -- Symlinking: /workspaces/isaac_ros-dev/src/isaac_ros_nvblox/install/nvblox_ros/include/eigen3/unsupported/Eigen/CXX11/src/Tensor/TensorContraction.h
[334.910s] -- Symlinking: /workspaces/isaac_ros-dev/src/isaac_ros_nvblox/install/nvblox_ros/include/eigen3/unsupported/Eigen/CXX11/src/Tensor/TensorContractionBlocking.h
[334.919s] -- Symlinking: /workspaces/isaac_ros-dev/src/isaac_ros_nvblox/install/nvblox_ros/include/eigen3/unsupported/Eigen/CXX11/src/Tensor/TensorContractionCuda.h
[334.929s] -- Symlinking: /workspaces/isaac_ros-dev/src/isaac_ros_nvblox/install/nvblox_ros/include/eigen3/unsupported/Eigen/CXX11/src/Tensor/TensorContractionGpu.h
[334.938s] -- Symlinking: /workspaces/isaac_ros-dev/src/isaac_ros_nvblox/install/nvblox_ros/include/eigen3/unsupported/Eigen/CXX11/src/Tensor/TensorContractionMapper.h
[334.947s] -- Symlinking: /workspaces/isaac_ros-dev/src/isaac_ros_nvblox/install/nvblox_ros/include/eigen3/unsupported/Eigen/CXX11/src/Tensor/TensorContractionSycl.h
[334.957s] -- Symlinking: /workspaces/isaac_ros-dev/src/isaac_ros_nvblox/install/nvblox_ros/include/eigen3/unsupported/Eigen/CXX11/src/Tensor/TensorContractionThreadPool.h
[334.966s] -- Symlinking: /workspaces/isaac_ros-dev/src/isaac_ros_nvblox/install/nvblox_ros/include/eigen3/unsupported/Eigen/CXX11/src/Tensor/TensorConversion.h
[334.975s] -- Symlinking: /workspaces/isaac_ros-dev/src/isaac_ros_nvblox/install/nvblox_ros/include/eigen3/unsupported/Eigen/CXX11/src/Tensor/TensorConvolution.h
[334.987s] -- Symlinking: /workspaces/isaac_ros-dev/src/isaac_ros_nvblox/install/nvblox_ros/include/eigen3/unsupported/Eigen/CXX11/src/Tensor/TensorConvolutionSycl.h
[334.996s] -- Symlinking: /workspaces/isaac_ros-dev/src/isaac_ros_nvblox/install/nvblox_ros/include/eigen3/unsupported/Eigen/CXX11/src/Tensor/TensorCostModel.h
[335.006s] -- Symlinking: /workspaces/isaac_ros-dev/src/isaac_ros_nvblox/install/nvblox_ros/include/eigen3/unsupported/Eigen/CXX11/src/Tensor/TensorCustomOp.h
[335.015s] -- Symlinking: /workspaces/isaac_ros-dev/src/isaac_ros_nvblox/install/nvblox_ros/include/eigen3/unsupported/Eigen/CXX11/src/Tensor/TensorDevice.h
[335.024s] -- Symlinking: /workspaces/isaac_ros-dev/src/isaac_ros_nvblox/install/nvblox_ros/include/eigen3/unsupported/Eigen/CXX11/src/Tensor/TensorDeviceCuda.h
[335.034s] -- Symlinking: /workspaces/isaac_ros-dev/src/isaac_ros_nvblox/install/nvblox_ros/include/eigen3/unsupported/Eigen/CXX11/src/Tensor/TensorDeviceDefault.h
[335.043s] -- Symlinking: /workspaces/isaac_ros-dev/src/isaac_ros_nvblox/install/nvblox_ros/include/eigen3/unsupported/Eigen/CXX11/src/Tensor/TensorDeviceGpu.h
[335.052s] -- Symlinking: /workspaces/isaac_ros-dev/src/isaac_ros_nvblox/install/nvblox_ros/include/eigen3/unsupported/Eigen/CXX11/src/Tensor/TensorDeviceSycl.h
[335.061s] -- Symlinking: /workspaces/isaac_ros-dev/src/isaac_ros_nvblox/install/nvblox_ros/include/eigen3/unsupported/Eigen/CXX11/src/Tensor/TensorDeviceThreadPool.h
[335.070s] -- Symlinking: /workspaces/isaac_ros-dev/src/isaac_ros_nvblox/install/nvblox_ros/include/eigen3/unsupported/Eigen/CXX11/src/Tensor/TensorDimensionList.h
[335.082s] -- Symlinking: /workspaces/isaac_ros-dev/src/isaac_ros_nvblox/install/nvblox_ros/include/eigen3/unsupported/Eigen/CXX11/src/Tensor/TensorDimensions.h
[335.092s] -- Symlinking: /workspaces/isaac_ros-dev/src/isaac_ros_nvblox/install/nvblox_ros/include/eigen3/unsupported/Eigen/CXX11/src/Tensor/TensorEvalTo.h
[335.101s] -- Symlinking: /workspaces/isaac_ros-dev/src/isaac_ros_nvblox/install/nvblox_ros/include/eigen3/unsupported/Eigen/CXX11/src/Tensor/TensorEvaluator.h
[335.110s] -- Symlinking: /workspaces/isaac_ros-dev/src/isaac_ros_nvblox/install/nvblox_ros/include/eigen3/unsupported/Eigen/CXX11/src/Tensor/TensorExecutor.h
[335.120s] -- Symlinking: /workspaces/isaac_ros-dev/src/isaac_ros_nvblox/install/nvblox_ros/include/eigen3/unsupported/Eigen/CXX11/src/Tensor/TensorExpr.h
[335.129s] -- Symlinking: /workspaces/isaac_ros-dev/src/isaac_ros_nvblox/install/nvblox_ros/include/eigen3/unsupported/Eigen/CXX11/src/Tensor/TensorFFT.h
[335.139s] -- Symlinking: /workspaces/isaac_ros-dev/src/isaac_ros_nvblox/install/nvblox_ros/include/eigen3/unsupported/Eigen/CXX11/src/Tensor/TensorFixedSize.h
[335.149s] -- Symlinking: /workspaces/isaac_ros-dev/src/isaac_ros_nvblox/install/nvblox_ros/include/eigen3/unsupported/Eigen/CXX11/src/Tensor/TensorForcedEval.h
[335.158s] -- Symlinking: /workspaces/isaac_ros-dev/src/isaac_ros_nvblox/install/nvblox_ros/include/eigen3/unsupported/Eigen/CXX11/src/Tensor/TensorForwardDeclarations.h
[335.167s] -- Symlinking: /workspaces/isaac_ros-dev/src/isaac_ros_nvblox/install/nvblox_ros/include/eigen3/unsupported/Eigen/CXX11/src/Tensor/TensorFunctors.h
[335.176s] -- Symlinking: /workspaces/isaac_ros-dev/src/isaac_ros_nvblox/install/nvblox_ros/include/eigen3/unsupported/Eigen/CXX11/src/Tensor/TensorGenerator.h
[335.188s] -- Symlinking: /workspaces/isaac_ros-dev/src/isaac_ros_nvblox/install/nvblox_ros/include/eigen3/unsupported/Eigen/CXX11/src/Tensor/TensorGlobalFunctions.h
[335.197s] -- Symlinking: /workspaces/isaac_ros-dev/src/isaac_ros_nvblox/install/nvblox_ros/include/eigen3/unsupported/Eigen/CXX11/src/Tensor/TensorGpuHipCudaDefines.h
[335.206s] -- Symlinking: /workspaces/isaac_ros-dev/src/isaac_ros_nvblox/install/nvblox_ros/include/eigen3/unsupported/Eigen/CXX11/src/Tensor/TensorGpuHipCudaUndefines.h
[335.216s] -- Symlinking: /workspaces/isaac_ros-dev/src/isaac_ros_nvblox/install/nvblox_ros/include/eigen3/unsupported/Eigen/CXX11/src/Tensor/TensorIO.h
[335.225s] -- Symlinking: /workspaces/isaac_ros-dev/src/isaac_ros_nvblox/install/nvblox_ros/include/eigen3/unsupported/Eigen/CXX11/src/Tensor/TensorImagePatch.h
[335.234s] -- Symlinking: /workspaces/isaac_ros-dev/src/isaac_ros_nvblox/install/nvblox_ros/include/eigen3/unsupported/Eigen/CXX11/src/Tensor/TensorIndexList.h
[335.243s] -- Symlinking: /workspaces/isaac_ros-dev/src/isaac_ros_nvblox/install/nvblox_ros/include/eigen3/unsupported/Eigen/CXX11/src/Tensor/TensorInflation.h
[335.252s] -- Symlinking: /workspaces/isaac_ros-dev/src/isaac_ros_nvblox/install/nvblox_ros/include/eigen3/unsupported/Eigen/CXX11/src/Tensor/TensorInitializer.h
[335.261s] -- Symlinking: /workspaces/isaac_ros-dev/src/isaac_ros_nvblox/install/nvblox_ros/include/eigen3/unsupported/Eigen/CXX11/src/Tensor/TensorIntDiv.h
[335.271s] -- Symlinking: /workspaces/isaac_ros-dev/src/isaac_ros_nvblox/install/nvblox_ros/include/eigen3/unsupported/Eigen/CXX11/src/Tensor/TensorLayoutSwap.h
[335.280s] -- Symlinking: /workspaces/isaac_ros-dev/src/isaac_ros_nvblox/install/nvblox_ros/include/eigen3/unsupported/Eigen/CXX11/src/Tensor/TensorMacros.h
[335.289s] -- Symlinking: /workspaces/isaac_ros-dev/src/isaac_ros_nvblox/install/nvblox_ros/include/eigen3/unsupported/Eigen/CXX11/src/Tensor/TensorMap.h
[335.298s] -- Symlinking: /workspaces/isaac_ros-dev/src/isaac_ros_nvblox/install/nvblox_ros/include/eigen3/unsupported/Eigen/CXX11/src/Tensor/TensorMeta.h
[335.307s] -- Symlinking: /workspaces/isaac_ros-dev/src/isaac_ros_nvblox/install/nvblox_ros/include/eigen3/unsupported/Eigen/CXX11/src/Tensor/TensorMorphing.h
[335.316s] -- Symlinking: /workspaces/isaac_ros-dev/src/isaac_ros_nvblox/install/nvblox_ros/include/eigen3/unsupported/Eigen/CXX11/src/Tensor/TensorPadding.h
[335.326s] -- Symlinking: /workspaces/isaac_ros-dev/src/isaac_ros_nvblox/install/nvblox_ros/include/eigen3/unsupported/Eigen/CXX11/src/Tensor/TensorPatch.h
[335.335s] -- Symlinking: /workspaces/isaac_ros-dev/src/isaac_ros_nvblox/install/nvblox_ros/include/eigen3/unsupported/Eigen/CXX11/src/Tensor/TensorRandom.h
[335.344s] -- Symlinking: /workspaces/isaac_ros-dev/src/isaac_ros_nvblox/install/nvblox_ros/include/eigen3/unsupported/Eigen/CXX11/src/Tensor/TensorReduction.h
[335.353s] -- Symlinking: /workspaces/isaac_ros-dev/src/isaac_ros_nvblox/install/nvblox_ros/include/eigen3/unsupported/Eigen/CXX11/src/Tensor/TensorReductionCuda.h
[335.362s] -- Symlinking: /workspaces/isaac_ros-dev/src/isaac_ros_nvblox/install/nvblox_ros/include/eigen3/unsupported/Eigen/CXX11/src/Tensor/TensorReductionGpu.h
[335.372s] -- Symlinking: /workspaces/isaac_ros-dev/src/isaac_ros_nvblox/install/nvblox_ros/include/eigen3/unsupported/Eigen/CXX11/src/Tensor/TensorReductionSycl.h
[335.381s] -- Symlinking: /workspaces/isaac_ros-dev/src/isaac_ros_nvblox/install/nvblox_ros/include/eigen3/unsupported/Eigen/CXX11/src/Tensor/TensorRef.h
[335.391s] -- Symlinking: /workspaces/isaac_ros-dev/src/isaac_ros_nvblox/install/nvblox_ros/include/eigen3/unsupported/Eigen/CXX11/src/Tensor/TensorReverse.h
[335.404s] -- Symlinking: /workspaces/isaac_ros-dev/src/isaac_ros_nvblox/install/nvblox_ros/include/eigen3/unsupported/Eigen/CXX11/src/Tensor/TensorScan.h
[335.413s] -- Symlinking: /workspaces/isaac_ros-dev/src/isaac_ros_nvblox/install/nvblox_ros/include/eigen3/unsupported/Eigen/CXX11/src/Tensor/TensorScanSycl.h
[335.422s] -- Symlinking: /workspaces/isaac_ros-dev/src/isaac_ros_nvblox/install/nvblox_ros/include/eigen3/unsupported/Eigen/CXX11/src/Tensor/TensorShuffling.h
[335.432s] -- Symlinking: /workspaces/isaac_ros-dev/src/isaac_ros_nvblox/install/nvblox_ros/include/eigen3/unsupported/Eigen/CXX11/src/Tensor/TensorStorage.h
[335.441s] -- Symlinking: /workspaces/isaac_ros-dev/src/isaac_ros_nvblox/install/nvblox_ros/include/eigen3/unsupported/Eigen/CXX11/src/Tensor/TensorStriding.h
[335.449s] -- Symlinking: /workspaces/isaac_ros-dev/src/isaac_ros_nvblox/install/nvblox_ros/include/eigen3/unsupported/Eigen/CXX11/src/Tensor/TensorTrace.h
[335.458s] -- Symlinking: /workspaces/isaac_ros-dev/src/isaac_ros_nvblox/install/nvblox_ros/include/eigen3/unsupported/Eigen/CXX11/src/Tensor/TensorTraits.h
[335.467s] -- Symlinking: /workspaces/isaac_ros-dev/src/isaac_ros_nvblox/install/nvblox_ros/include/eigen3/unsupported/Eigen/CXX11/src/Tensor/TensorUInt128.h
[335.475s] -- Symlinking: /workspaces/isaac_ros-dev/src/isaac_ros_nvblox/install/nvblox_ros/include/eigen3/unsupported/Eigen/CXX11/src/Tensor/TensorVolumePatch.h
[335.484s] -- Symlinking: /workspaces/isaac_ros-dev/src/isaac_ros_nvblox/install/nvblox_ros/include/eigen3/unsupported/Eigen/CXX11/src/TensorSymmetry/DynamicSymmetry.h
[335.496s] -- Symlinking: /workspaces/isaac_ros-dev/src/isaac_ros_nvblox/install/nvblox_ros/include/eigen3/unsupported/Eigen/CXX11/src/TensorSymmetry/StaticSymmetry.h
[335.505s] -- Symlinking: /workspaces/isaac_ros-dev/src/isaac_ros_nvblox/install/nvblox_ros/include/eigen3/unsupported/Eigen/CXX11/src/TensorSymmetry/Symmetry.h
[335.515s] -- Symlinking: /workspaces/isaac_ros-dev/src/isaac_ros_nvblox/install/nvblox_ros/include/eigen3/unsupported/Eigen/CXX11/src/TensorSymmetry/util/TemplateGroupTheory.h
[335.525s] -- Symlinking: /workspaces/isaac_ros-dev/src/isaac_ros_nvblox/install/nvblox_ros/include/eigen3/unsupported/Eigen/CXX11/src/ThreadPool/Barrier.h
[335.534s] -- Symlinking: /workspaces/isaac_ros-dev/src/isaac_ros_nvblox/install/nvblox_ros/include/eigen3/unsupported/Eigen/CXX11/src/ThreadPool/EventCount.h
[335.544s] -- Symlinking: /workspaces/isaac_ros-dev/src/isaac_ros_nvblox/install/nvblox_ros/include/eigen3/unsupported/Eigen/CXX11/src/ThreadPool/NonBlockingThreadPool.h
[335.554s] -- Symlinking: /workspaces/isaac_ros-dev/src/isaac_ros_nvblox/install/nvblox_ros/include/eigen3/unsupported/Eigen/CXX11/src/ThreadPool/RunQueue.h
[335.563s] -- Symlinking: /workspaces/isaac_ros-dev/src/isaac_ros_nvblox/install/nvblox_ros/include/eigen3/unsupported/Eigen/CXX11/src/ThreadPool/ThreadCancel.h
[335.573s] -- Symlinking: /workspaces/isaac_ros-dev/src/isaac_ros_nvblox/install/nvblox_ros/include/eigen3/unsupported/Eigen/CXX11/src/ThreadPool/ThreadEnvironment.h
[335.582s] -- Symlinking: /workspaces/isaac_ros-dev/src/isaac_ros_nvblox/install/nvblox_ros/include/eigen3/unsupported/Eigen/CXX11/src/ThreadPool/ThreadLocal.h
[335.592s] -- Symlinking: /workspaces/isaac_ros-dev/src/isaac_ros_nvblox/install/nvblox_ros/include/eigen3/unsupported/Eigen/CXX11/src/ThreadPool/ThreadPoolInterface.h
[335.602s] -- Symlinking: /workspaces/isaac_ros-dev/src/isaac_ros_nvblox/install/nvblox_ros/include/eigen3/unsupported/Eigen/CXX11/src/ThreadPool/ThreadYield.h
[335.612s] -- Symlinking: /workspaces/isaac_ros-dev/src/isaac_ros_nvblox/install/nvblox_ros/include/eigen3/unsupported/Eigen/CXX11/src/util/CXX11Meta.h
[335.624s] -- Symlinking: /workspaces/isaac_ros-dev/src/isaac_ros_nvblox/install/nvblox_ros/include/eigen3/unsupported/Eigen/CXX11/src/util/CXX11Workarounds.h
[335.636s] -- Symlinking: /workspaces/isaac_ros-dev/src/isaac_ros_nvblox/install/nvblox_ros/include/eigen3/unsupported/Eigen/CXX11/src/util/EmulateArray.h
[335.647s] -- Symlinking: /workspaces/isaac_ros-dev/src/isaac_ros_nvblox/install/nvblox_ros/include/eigen3/unsupported/Eigen/CXX11/src/util/MaxSizeVector.h
[335.656s] -- Symlinking: /workspaces/isaac_ros-dev/src/isaac_ros_nvblox/install/nvblox_ros/include/eigen3/unsupported/Eigen/EulerAngles
[335.665s] -- Symlinking: /workspaces/isaac_ros-dev/src/isaac_ros_nvblox/install/nvblox_ros/include/eigen3/unsupported/Eigen/FFT
[335.674s] -- Symlinking: /workspaces/isaac_ros-dev/src/isaac_ros_nvblox/install/nvblox_ros/include/eigen3/unsupported/Eigen/IterativeSolvers
[335.683s] -- Symlinking: /workspaces/isaac_ros-dev/src/isaac_ros_nvblox/install/nvblox_ros/include/eigen3/unsupported/Eigen/KroneckerProduct
[335.693s] -- Symlinking: /workspaces/isaac_ros-dev/src/isaac_ros_nvblox/install/nvblox_ros/include/eigen3/unsupported/Eigen/LevenbergMarquardt
[335.705s] -- Symlinking: /workspaces/isaac_ros-dev/src/isaac_ros_nvblox/install/nvblox_ros/include/eigen3/unsupported/Eigen/MPRealSupport
[335.716s] -- Symlinking: /workspaces/isaac_ros-dev/src/isaac_ros_nvblox/install/nvblox_ros/include/eigen3/unsupported/Eigen/MatrixFunctions
[335.726s] -- Symlinking: /workspaces/isaac_ros-dev/src/isaac_ros_nvblox/install/nvblox_ros/include/eigen3/unsupported/Eigen/MoreVectorization
[335.737s] -- Symlinking: /workspaces/isaac_ros-dev/src/isaac_ros_nvblox/install/nvblox_ros/include/eigen3/unsupported/Eigen/NonLinearOptimization
[335.747s] -- Symlinking: /workspaces/isaac_ros-dev/src/isaac_ros_nvblox/install/nvblox_ros/include/eigen3/unsupported/Eigen/NumericalDiff
[335.756s] -- Symlinking: /workspaces/isaac_ros-dev/src/isaac_ros_nvblox/install/nvblox_ros/include/eigen3/unsupported/Eigen/OpenGLSupport
[335.769s] -- Symlinking: /workspaces/isaac_ros-dev/src/isaac_ros_nvblox/install/nvblox_ros/include/eigen3/unsupported/Eigen/Polynomials
[335.779s] -- Symlinking: /workspaces/isaac_ros-dev/src/isaac_ros_nvblox/install/nvblox_ros/include/eigen3/unsupported/Eigen/Skyline
[335.790s] -- Symlinking: /workspaces/isaac_ros-dev/src/isaac_ros_nvblox/install/nvblox_ros/include/eigen3/unsupported/Eigen/SparseExtra
[335.801s] -- Symlinking: /workspaces/isaac_ros-dev/src/isaac_ros_nvblox/install/nvblox_ros/include/eigen3/unsupported/Eigen/SpecialFunctions
[335.812s] -- Symlinking: /workspaces/isaac_ros-dev/src/isaac_ros_nvblox/install/nvblox_ros/include/eigen3/unsupported/Eigen/Splines
[335.823s] -- Symlinking: /workspaces/isaac_ros-dev/src/isaac_ros_nvblox/install/nvblox_ros/include/eigen3/unsupported/Eigen/src/AutoDiff/AutoDiffJacobian.h
[335.834s] -- Symlinking: /workspaces/isaac_ros-dev/src/isaac_ros_nvblox/install/nvblox_ros/include/eigen3/unsupported/Eigen/src/AutoDiff/AutoDiffScalar.h
[335.844s] -- Symlinking: /workspaces/isaac_ros-dev/src/isaac_ros_nvblox/install/nvblox_ros/include/eigen3/unsupported/Eigen/src/AutoDiff/AutoDiffVector.h
[335.855s] -- Symlinking: /workspaces/isaac_ros-dev/src/isaac_ros_nvblox/install/nvblox_ros/include/eigen3/unsupported/Eigen/src/BVH/BVAlgorithms.h
[335.866s] -- Symlinking: /workspaces/isaac_ros-dev/src/isaac_ros_nvblox/install/nvblox_ros/include/eigen3/unsupported/Eigen/src/BVH/KdBVH.h
[335.876s] -- Symlinking: /workspaces/isaac_ros-dev/src/isaac_ros_nvblox/install/nvblox_ros/include/eigen3/unsupported/Eigen/src/Eigenvalues/ArpackSelfAdjointEigenSolver.h
[335.888s] -- Symlinking: /workspaces/isaac_ros-dev/src/isaac_ros_nvblox/install/nvblox_ros/include/eigen3/unsupported/Eigen/src/EulerAngles/EulerAngles.h
[335.899s] -- Symlinking: /workspaces/isaac_ros-dev/src/isaac_ros_nvblox/install/nvblox_ros/include/eigen3/unsupported/Eigen/src/EulerAngles/EulerSystem.h
[335.910s] -- Symlinking: /workspaces/isaac_ros-dev/src/isaac_ros_nvblox/install/nvblox_ros/include/eigen3/unsupported/Eigen/src/FFT/ei_fftw_impl.h
[335.919s] -- Symlinking: /workspaces/isaac_ros-dev/src/isaac_ros_nvblox/install/nvblox_ros/include/eigen3/unsupported/Eigen/src/FFT/ei_kissfft_impl.h
[335.929s] -- Symlinking: /workspaces/isaac_ros-dev/src/isaac_ros_nvblox/install/nvblox_ros/include/eigen3/unsupported/Eigen/src/IterativeSolvers/ConstrainedConjGrad.h
[335.940s] -- Symlinking: /workspaces/isaac_ros-dev/src/isaac_ros_nvblox/install/nvblox_ros/include/eigen3/unsupported/Eigen/src/IterativeSolvers/DGMRES.h
[335.952s] -- Symlinking: /workspaces/isaac_ros-dev/src/isaac_ros_nvblox/install/nvblox_ros/include/eigen3/unsupported/Eigen/src/IterativeSolvers/GMRES.h
[335.961s] -- Symlinking: /workspaces/isaac_ros-dev/src/isaac_ros_nvblox/install/nvblox_ros/include/eigen3/unsupported/Eigen/src/IterativeSolvers/IDRS.h
[335.971s] -- Symlinking: /workspaces/isaac_ros-dev/src/isaac_ros_nvblox/install/nvblox_ros/include/eigen3/unsupported/Eigen/src/IterativeSolvers/IncompleteLU.h
[335.981s] -- Symlinking: /workspaces/isaac_ros-dev/src/isaac_ros_nvblox/install/nvblox_ros/include/eigen3/unsupported/Eigen/src/IterativeSolvers/IterationController.h
[335.991s] -- Symlinking: /workspaces/isaac_ros-dev/src/isaac_ros_nvblox/install/nvblox_ros/include/eigen3/unsupported/Eigen/src/IterativeSolvers/MINRES.h
[336.001s] -- Symlinking: /workspaces/isaac_ros-dev/src/isaac_ros_nvblox/install/nvblox_ros/include/eigen3/unsupported/Eigen/src/IterativeSolvers/Scaling.h
[336.011s] -- Symlinking: /workspaces/isaac_ros-dev/src/isaac_ros_nvblox/install/nvblox_ros/include/eigen3/unsupported/Eigen/src/KroneckerProduct/KroneckerTensorProduct.h
[336.021s] -- Symlinking: /workspaces/isaac_ros-dev/src/isaac_ros_nvblox/install/nvblox_ros/include/eigen3/unsupported/Eigen/src/LevenbergMarquardt/LMcovar.h
[336.031s] -- Symlinking: /workspaces/isaac_ros-dev/src/isaac_ros_nvblox/install/nvblox_ros/include/eigen3/unsupported/Eigen/src/LevenbergMarquardt/LMonestep.h
[336.041s] -- Symlinking: /workspaces/isaac_ros-dev/src/isaac_ros_nvblox/install/nvblox_ros/include/eigen3/unsupported/Eigen/src/LevenbergMarquardt/LMpar.h
[336.050s] -- Symlinking: /workspaces/isaac_ros-dev/src/isaac_ros_nvblox/install/nvblox_ros/include/eigen3/unsupported/Eigen/src/LevenbergMarquardt/LMqrsolv.h
[336.059s] -- Symlinking: /workspaces/isaac_ros-dev/src/isaac_ros_nvblox/install/nvblox_ros/include/eigen3/unsupported/Eigen/src/LevenbergMarquardt/LevenbergMarquardt.h
[336.069s] -- Symlinking: /workspaces/isaac_ros-dev/src/isaac_ros_nvblox/install/nvblox_ros/include/eigen3/unsupported/Eigen/src/MatrixFunctions/MatrixExponential.h
[336.078s] -- Symlinking: /workspaces/isaac_ros-dev/src/isaac_ros_nvblox/install/nvblox_ros/include/eigen3/unsupported/Eigen/src/MatrixFunctions/MatrixFunction.h
[336.088s] -- Symlinking: /workspaces/isaac_ros-dev/src/isaac_ros_nvblox/install/nvblox_ros/include/eigen3/unsupported/Eigen/src/MatrixFunctions/MatrixLogarithm.h
[336.097s] -- Symlinking: /workspaces/isaac_ros-dev/src/isaac_ros_nvblox/install/nvblox_ros/include/eigen3/unsupported/Eigen/src/MatrixFunctions/MatrixPower.h
[336.105s] -- Symlinking: /workspaces/isaac_ros-dev/src/isaac_ros_nvblox/install/nvblox_ros/include/eigen3/unsupported/Eigen/src/MatrixFunctions/MatrixSquareRoot.h
[336.114s] -- Symlinking: /workspaces/isaac_ros-dev/src/isaac_ros_nvblox/install/nvblox_ros/include/eigen3/unsupported/Eigen/src/MatrixFunctions/StemFunction.h
[336.123s] -- Symlinking: /workspaces/isaac_ros-dev/src/isaac_ros_nvblox/install/nvblox_ros/include/eigen3/unsupported/Eigen/src/MoreVectorization/MathFunctions.h
[336.132s] -- Symlinking: /workspaces/isaac_ros-dev/src/isaac_ros_nvblox/install/nvblox_ros/include/eigen3/unsupported/Eigen/src/NonLinearOptimization/HybridNonLinearSolver.h
[336.141s] -- Symlinking: /workspaces/isaac_ros-dev/src/isaac_ros_nvblox/install/nvblox_ros/include/eigen3/unsupported/Eigen/src/NonLinearOptimization/LevenbergMarquardt.h
[336.150s] -- Symlinking: /workspaces/isaac_ros-dev/src/isaac_ros_nvblox/install/nvblox_ros/include/eigen3/unsupported/Eigen/src/NonLinearOptimization/chkder.h
[336.160s] -- Symlinking: /workspaces/isaac_ros-dev/src/isaac_ros_nvblox/install/nvblox_ros/include/eigen3/unsupported/Eigen/src/NonLinearOptimization/covar.h
[336.170s] -- Symlinking: /workspaces/isaac_ros-dev/src/isaac_ros_nvblox/install/nvblox_ros/include/eigen3/unsupported/Eigen/src/NonLinearOptimization/dogleg.h
[336.179s] -- Symlinking: /workspaces/isaac_ros-dev/src/isaac_ros_nvblox/install/nvblox_ros/include/eigen3/unsupported/Eigen/src/NonLinearOptimization/fdjac1.h
[336.189s] -- Symlinking: /workspaces/isaac_ros-dev/src/isaac_ros_nvblox/install/nvblox_ros/include/eigen3/unsupported/Eigen/src/NonLinearOptimization/lmpar.h
[336.198s] -- Symlinking: /workspaces/isaac_ros-dev/src/isaac_ros_nvblox/install/nvblox_ros/include/eigen3/unsupported/Eigen/src/NonLinearOptimization/qrsolv.h
[336.208s] -- Symlinking: /workspaces/isaac_ros-dev/src/isaac_ros_nvblox/install/nvblox_ros/include/eigen3/unsupported/Eigen/src/NonLinearOptimization/r1mpyq.h
[336.216s] -- Symlinking: /workspaces/isaac_ros-dev/src/isaac_ros_nvblox/install/nvblox_ros/include/eigen3/unsupported/Eigen/src/NonLinearOptimization/r1updt.h
[336.227s] -- Symlinking: /workspaces/isaac_ros-dev/src/isaac_ros_nvblox/install/nvblox_ros/include/eigen3/unsupported/Eigen/src/NonLinearOptimization/rwupdt.h
[336.236s] -- Symlinking: /workspaces/isaac_ros-dev/src/isaac_ros_nvblox/install/nvblox_ros/include/eigen3/unsupported/Eigen/src/NumericalDiff/NumericalDiff.h
[336.247s] -- Symlinking: /workspaces/isaac_ros-dev/src/isaac_ros_nvblox/install/nvblox_ros/include/eigen3/unsupported/Eigen/src/Polynomials/Companion.h
[336.257s] -- Symlinking: /workspaces/isaac_ros-dev/src/isaac_ros_nvblox/install/nvblox_ros/include/eigen3/unsupported/Eigen/src/Polynomials/PolynomialSolver.h
[336.267s] -- Symlinking: /workspaces/isaac_ros-dev/src/isaac_ros_nvblox/install/nvblox_ros/include/eigen3/unsupported/Eigen/src/Polynomials/PolynomialUtils.h
[336.277s] -- Symlinking: /workspaces/isaac_ros-dev/src/isaac_ros_nvblox/install/nvblox_ros/include/eigen3/unsupported/Eigen/src/Skyline/SkylineInplaceLU.h
[336.286s] -- Symlinking: /workspaces/isaac_ros-dev/src/isaac_ros_nvblox/install/nvblox_ros/include/eigen3/unsupported/Eigen/src/Skyline/SkylineMatrix.h
[336.296s] -- Symlinking: /workspaces/isaac_ros-dev/src/isaac_ros_nvblox/install/nvblox_ros/include/eigen3/unsupported/Eigen/src/Skyline/SkylineMatrixBase.h
[336.305s] -- Symlinking: /workspaces/isaac_ros-dev/src/isaac_ros_nvblox/install/nvblox_ros/include/eigen3/unsupported/Eigen/src/Skyline/SkylineProduct.h
[336.314s] -- Symlinking: /workspaces/isaac_ros-dev/src/isaac_ros_nvblox/install/nvblox_ros/include/eigen3/unsupported/Eigen/src/Skyline/SkylineStorage.h
[336.324s] -- Symlinking: /workspaces/isaac_ros-dev/src/isaac_ros_nvblox/install/nvblox_ros/include/eigen3/unsupported/Eigen/src/Skyline/SkylineUtil.h
[336.333s] -- Symlinking: /workspaces/isaac_ros-dev/src/isaac_ros_nvblox/install/nvblox_ros/include/eigen3/unsupported/Eigen/src/SparseExtra/BlockOfDynamicSparseMatrix.h
[336.341s] -- Symlinking: /workspaces/isaac_ros-dev/src/isaac_ros_nvblox/install/nvblox_ros/include/eigen3/unsupported/Eigen/src/SparseExtra/BlockSparseMatrix.h
[336.350s] -- Symlinking: /workspaces/isaac_ros-dev/src/isaac_ros_nvblox/install/nvblox_ros/include/eigen3/unsupported/Eigen/src/SparseExtra/DynamicSparseMatrix.h
[336.359s] -- Symlinking: /workspaces/isaac_ros-dev/src/isaac_ros_nvblox/install/nvblox_ros/include/eigen3/unsupported/Eigen/src/SparseExtra/MarketIO.h
[336.367s] -- Symlinking: /workspaces/isaac_ros-dev/src/isaac_ros_nvblox/install/nvblox_ros/include/eigen3/unsupported/Eigen/src/SparseExtra/MatrixMarketIterator.h
[336.376s] -- Symlinking: /workspaces/isaac_ros-dev/src/isaac_ros_nvblox/install/nvblox_ros/include/eigen3/unsupported/Eigen/src/SparseExtra/RandomSetter.h
[336.385s] -- Symlinking: /workspaces/isaac_ros-dev/src/isaac_ros_nvblox/install/nvblox_ros/include/eigen3/unsupported/Eigen/src/SpecialFunctions/BesselFunctionsArrayAPI.h
[336.397s] -- Symlinking: /workspaces/isaac_ros-dev/src/isaac_ros_nvblox/install/nvblox_ros/include/eigen3/unsupported/Eigen/src/SpecialFunctions/BesselFunctionsBFloat16.h
[336.407s] -- Symlinking: /workspaces/isaac_ros-dev/src/isaac_ros_nvblox/install/nvblox_ros/include/eigen3/unsupported/Eigen/src/SpecialFunctions/BesselFunctionsFunctors.h
[336.416s] -- Symlinking: /workspaces/isaac_ros-dev/src/isaac_ros_nvblox/install/nvblox_ros/include/eigen3/unsupported/Eigen/src/SpecialFunctions/BesselFunctionsHalf.h
[336.426s] -- Symlinking: /workspaces/isaac_ros-dev/src/isaac_ros_nvblox/install/nvblox_ros/include/eigen3/unsupported/Eigen/src/SpecialFunctions/BesselFunctionsImpl.h
[336.435s] -- Symlinking: /workspaces/isaac_ros-dev/src/isaac_ros_nvblox/install/nvblox_ros/include/eigen3/unsupported/Eigen/src/SpecialFunctions/BesselFunctionsPacketMath.h
[336.444s] -- Symlinking: /workspaces/isaac_ros-dev/src/isaac_ros_nvblox/install/nvblox_ros/include/eigen3/unsupported/Eigen/src/SpecialFunctions/HipVectorCompatibility.h
[336.453s] -- Symlinking: /workspaces/isaac_ros-dev/src/isaac_ros_nvblox/install/nvblox_ros/include/eigen3/unsupported/Eigen/src/SpecialFunctions/SpecialFunctionsArrayAPI.h
[336.461s] -- Symlinking: /workspaces/isaac_ros-dev/src/isaac_ros_nvblox/install/nvblox_ros/include/eigen3/unsupported/Eigen/src/SpecialFunctions/SpecialFunctionsBFloat16.h
[336.471s] -- Symlinking: /workspaces/isaac_ros-dev/src/isaac_ros_nvblox/install/nvblox_ros/include/eigen3/unsupported/Eigen/src/SpecialFunctions/SpecialFunctionsFunctors.h
[336.481s] -- Symlinking: /workspaces/isaac_ros-dev/src/isaac_ros_nvblox/install/nvblox_ros/include/eigen3/unsupported/Eigen/src/SpecialFunctions/SpecialFunctionsHalf.h
[336.491s] -- Symlinking: /workspaces/isaac_ros-dev/src/isaac_ros_nvblox/install/nvblox_ros/include/eigen3/unsupported/Eigen/src/SpecialFunctions/SpecialFunctionsImpl.h
[336.501s] -- Symlinking: /workspaces/isaac_ros-dev/src/isaac_ros_nvblox/install/nvblox_ros/include/eigen3/unsupported/Eigen/src/SpecialFunctions/SpecialFunctionsPacketMath.h
[336.510s] -- Symlinking: /workspaces/isaac_ros-dev/src/isaac_ros_nvblox/install/nvblox_ros/include/eigen3/unsupported/Eigen/src/SpecialFunctions/arch/AVX/BesselFunctions.h
[336.520s] -- Symlinking: /workspaces/isaac_ros-dev/src/isaac_ros_nvblox/install/nvblox_ros/include/eigen3/unsupported/Eigen/src/SpecialFunctions/arch/AVX/SpecialFunctions.h
[336.529s] -- Symlinking: /workspaces/isaac_ros-dev/src/isaac_ros_nvblox/install/nvblox_ros/include/eigen3/unsupported/Eigen/src/SpecialFunctions/arch/AVX512/BesselFunctions.h
[336.537s] -- Symlinking: /workspaces/isaac_ros-dev/src/isaac_ros_nvblox/install/nvblox_ros/include/eigen3/unsupported/Eigen/src/SpecialFunctions/arch/AVX512/SpecialFunctions.h
[336.546s] -- Symlinking: /workspaces/isaac_ros-dev/src/isaac_ros_nvblox/install/nvblox_ros/include/eigen3/unsupported/Eigen/src/SpecialFunctions/arch/GPU/SpecialFunctions.h
[336.557s] -- Symlinking: /workspaces/isaac_ros-dev/src/isaac_ros_nvblox/install/nvblox_ros/include/eigen3/unsupported/Eigen/src/SpecialFunctions/arch/NEON/BesselFunctions.h
[336.567s] -- Symlinking: /workspaces/isaac_ros-dev/src/isaac_ros_nvblox/install/nvblox_ros/include/eigen3/unsupported/Eigen/src/SpecialFunctions/arch/NEON/SpecialFunctions.h
[336.587s] -- Symlinking: /workspaces/isaac_ros-dev/src/isaac_ros_nvblox/install/nvblox_ros/include/eigen3/unsupported/Eigen/src/Splines/Spline.h
[336.596s] -- Symlinking: /workspaces/isaac_ros-dev/src/isaac_ros_nvblox/install/nvblox_ros/include/eigen3/unsupported/Eigen/src/Splines/SplineFitting.h
[336.605s] -- Symlinking: /workspaces/isaac_ros-dev/src/isaac_ros_nvblox/install/nvblox_ros/include/eigen3/unsupported/Eigen/src/Splines/SplineFwd.h
[336.615s] -- Symlinking: /workspaces/isaac_ros-dev/src/isaac_ros_nvblox/install/nvblox_ros/share/nvblox/cmake/nvbloxConfig.cmake
[336.625s] -- Symlinking: /workspaces/isaac_ros-dev/src/isaac_ros_nvblox/install/nvblox_ros/share/nvblox/cmake/nvbloxConfigVersion.cmake
[336.635s] -- Symlinking: /workspaces/isaac_ros-dev/src/isaac_ros_nvblox/install/nvblox_ros/include/nvblox_ros/camera_cache.hpp
[336.644s] -- Symlinking: /workspaces/isaac_ros-dev/src/isaac_ros_nvblox/install/nvblox_ros/include/nvblox_ros/conversions/esdf_and_gradients_conversions.hpp
[336.655s] -- Symlinking: /workspaces/isaac_ros-dev/src/isaac_ros_nvblox/install/nvblox_ros/include/nvblox_ros/conversions/esdf_slice_conversions.hpp
[336.663s] -- Symlinking: /workspaces/isaac_ros-dev/src/isaac_ros_nvblox/install/nvblox_ros/include/nvblox_ros/conversions/image_conversions.hpp
[336.672s] -- Symlinking: /workspaces/isaac_ros-dev/src/isaac_ros_nvblox/install/nvblox_ros/include/nvblox_ros/conversions/image_conversions_thrust.hpp
[336.682s] -- Symlinking: /workspaces/isaac_ros-dev/src/isaac_ros_nvblox/install/nvblox_ros/include/nvblox_ros/conversions/layer_conversions.hpp
[336.694s] -- Symlinking: /workspaces/isaac_ros-dev/src/isaac_ros_nvblox/install/nvblox_ros/include/nvblox_ros/conversions/mesh_conversions.hpp
[336.704s] -- Symlinking: /workspaces/isaac_ros-dev/src/isaac_ros_nvblox/install/nvblox_ros/include/nvblox_ros/conversions/pointcloud_conversions.hpp
[336.714s] -- Symlinking: /workspaces/isaac_ros-dev/src/isaac_ros_nvblox/install/nvblox_ros/include/nvblox_ros/impl/mapper_initialization_impl.hpp
[336.725s] -- Symlinking: /workspaces/isaac_ros-dev/src/isaac_ros_nvblox/install/nvblox_ros/include/nvblox_ros/impl/nvblox_node_impl.hpp
[336.735s] -- Symlinking: /workspaces/isaac_ros-dev/src/isaac_ros_nvblox/install/nvblox_ros/include/nvblox_ros/mapper_initialization.hpp
[336.744s] -- Symlinking: /workspaces/isaac_ros-dev/src/isaac_ros_nvblox/install/nvblox_ros/include/nvblox_ros/nitros_types.hpp
[336.753s] -- Symlinking: /workspaces/isaac_ros-dev/src/isaac_ros_nvblox/install/nvblox_ros/include/nvblox_ros/nvblox_human_node.hpp
[336.763s] -- Symlinking: /workspaces/isaac_ros-dev/src/isaac_ros_nvblox/install/nvblox_ros/include/nvblox_ros/nvblox_node.hpp
[336.773s] -- Symlinking: /workspaces/isaac_ros-dev/src/isaac_ros_nvblox/install/nvblox_ros/include/nvblox_ros/nvblox_node_params.hpp
[336.783s] -- Symlinking: /workspaces/isaac_ros-dev/src/isaac_ros_nvblox/install/nvblox_ros/include/nvblox_ros/transformer.hpp
[336.793s] -- Symlinking: /workspaces/isaac_ros-dev/src/isaac_ros_nvblox/install/nvblox_ros/include/nvblox_ros/utils.hpp
[336.802s] -- Symlinking: /workspaces/isaac_ros-dev/src/isaac_ros_nvblox/install/nvblox_ros/include/nvblox_ros/visualization.hpp
[336.812s] -- Symlinking: /workspaces/isaac_ros-dev/src/isaac_ros_nvblox/install/nvblox_ros/lib/nvblox_ros/nvblox_node
[336.822s] -- Symlinking: /workspaces/isaac_ros-dev/src/isaac_ros_nvblox/install/nvblox_ros/lib/nvblox_ros/nvblox_human_node
[336.833s] -- Symlinking: /workspaces/isaac_ros-dev/src/isaac_ros_nvblox/install/nvblox_ros/share/nvblox_ros/test/integration_tests/CMakeLists.txt
[336.842s] -- Symlinking: /workspaces/isaac_ros-dev/src/isaac_ros_nvblox/install/nvblox_ros/share/nvblox_ros/test/integration_tests/isaac_ros_nvblox_pol.py
[336.851s] -- Symlinking: /workspaces/isaac_ros-dev/src/isaac_ros_nvblox/install/nvblox_ros/share/nvblox_ros/test/integration_tests/isaac_ros_nvblox_srv_save_and_load_map.py
[336.860s] -- Symlinking: /workspaces/isaac_ros-dev/src/isaac_ros_nvblox/install/nvblox_ros/share/nvblox_ros/test/integration_tests/isaac_ros_nvblox_srv_save_ply.py
[336.871s] -- Symlinking: /workspaces/isaac_ros-dev/src/isaac_ros_nvblox/install/nvblox_ros/share/nvblox_ros/test/integration_tests/isaac_ros_nvblox_srv_save_timings_and_rates.py
[336.881s] -- Symlinking: /workspaces/isaac_ros-dev/src/isaac_ros_nvblox/install/nvblox_ros/share/nvblox_ros/test/integration_tests/test_cases/rosbags/nvblox_pol/metadata.yaml
[336.891s] -- Symlinking: /workspaces/isaac_ros-dev/src/isaac_ros_nvblox/install/nvblox_ros/share/nvblox_ros/test/integration_tests/test_cases/rosbags/nvblox_pol/rosbag2_2024_05_07-11_54_22_0.db3
[336.901s] -- Symlinking: /workspaces/isaac_ros-dev/src/isaac_ros_nvblox/install/nvblox_ros/share/nvblox_ros/test/integration_tests/test_utils/__init__.py
[336.910s] -- Symlinking: /workspaces/isaac_ros-dev/src/isaac_ros_nvblox/install/nvblox_ros/share/nvblox_ros/test/unit_tests/CMakeLists.txt
[336.919s] -- Symlinking: /workspaces/isaac_ros-dev/src/isaac_ros_nvblox/install/nvblox_ros/share/nvblox_ros/test/unit_tests/test_esdf_and_gradient_conversions.cpp
[336.930s] -- Symlinking: /workspaces/isaac_ros-dev/src/isaac_ros_nvblox/install/nvblox_ros/share/nvblox_ros/test/unit_tests/test_nvblox_node_params.cpp
[336.940s] -- Symlinking: /workspaces/isaac_ros-dev/src/isaac_ros_nvblox/install/nvblox_ros/share/nvblox_ros/scripts//scripts/print_ros_params.sh
[336.950s] -- Symlinking: /workspaces/isaac_ros-dev/src/isaac_ros_nvblox/install/nvblox_ros/share/nvblox_ros/scripts//scripts/setup_peoplesemsegnet_model.sh
[336.960s] -- Symlinking: /workspaces/isaac_ros-dev/src/isaac_ros_nvblox/install/nvblox_ros/share/nvblox_ros/environment/library_path.sh
[336.970s] -- Symlinking: /workspaces/isaac_ros-dev/src/isaac_ros_nvblox/install/nvblox_ros/share/nvblox_ros/environment/library_path.dsv
[336.980s] -- Symlinking: /workspaces/isaac_ros-dev/src/isaac_ros_nvblox/install/nvblox_ros/share/ament_index/resource_index/package_run_dependencies/nvblox_ros
[336.989s] -- Symlinking: /workspaces/isaac_ros-dev/src/isaac_ros_nvblox/install/nvblox_ros/share/ament_index/resource_index/parent_prefix_path/nvblox_ros
[336.999s] -- Symlinking: /workspaces/isaac_ros-dev/src/isaac_ros_nvblox/install/nvblox_ros/share/nvblox_ros/environment/ament_prefix_path.sh
[337.008s] -- Symlinking: /workspaces/isaac_ros-dev/src/isaac_ros_nvblox/install/nvblox_ros/share/nvblox_ros/environment/ament_prefix_path.dsv
[337.017s] -- Symlinking: /workspaces/isaac_ros-dev/src/isaac_ros_nvblox/install/nvblox_ros/share/nvblox_ros/environment/path.sh
[337.026s] -- Symlinking: /workspaces/isaac_ros-dev/src/isaac_ros_nvblox/install/nvblox_ros/share/nvblox_ros/environment/path.dsv
[337.036s] -- Symlinking: /workspaces/isaac_ros-dev/src/isaac_ros_nvblox/install/nvblox_ros/share/nvblox_ros/local_setup.bash
[337.045s] -- Symlinking: /workspaces/isaac_ros-dev/src/isaac_ros_nvblox/install/nvblox_ros/share/nvblox_ros/local_setup.sh
[337.055s] -- Symlinking: /workspaces/isaac_ros-dev/src/isaac_ros_nvblox/install/nvblox_ros/share/nvblox_ros/local_setup.zsh
[337.064s] -- Symlinking: /workspaces/isaac_ros-dev/src/isaac_ros_nvblox/install/nvblox_ros/share/nvblox_ros/local_setup.dsv
[337.074s] -- Symlinking: /workspaces/isaac_ros-dev/src/isaac_ros_nvblox/install/nvblox_ros/share/nvblox_ros/package.dsv
[337.083s] -- Symlinking: /workspaces/isaac_ros-dev/src/isaac_ros_nvblox/install/nvblox_ros/share/ament_index/resource_index/packages/nvblox_ros
[337.093s] -- Symlinking: /workspaces/isaac_ros-dev/src/isaac_ros_nvblox/install/nvblox_ros/share/ament_index/resource_index/rclcpp_components/nvblox_ros
[337.103s] -- Symlinking: /workspaces/isaac_ros-dev/src/isaac_ros_nvblox/install/nvblox_ros/share/nvblox_ros/cmake/ament_cmake_export_include_directories-extras.cmake
[337.112s] -- Symlinking: /workspaces/isaac_ros-dev/src/isaac_ros_nvblox/install/nvblox_ros/share/nvblox_ros/cmake/ament_cmake_export_libraries-extras.cmake
[337.121s] -- Symlinking: /workspaces/isaac_ros-dev/src/isaac_ros_nvblox/install/nvblox_ros/share/nvblox_ros/cmake/ament_cmake_export_targets-extras.cmake
[337.130s] -- Symlinking: /workspaces/isaac_ros-dev/src/isaac_ros_nvblox/install/nvblox_ros/share/nvblox_ros/cmake/ament_cmake_export_dependencies-extras.cmake
[337.140s] -- Symlinking: /workspaces/isaac_ros-dev/src/isaac_ros_nvblox/install/nvblox_ros/share/nvblox_ros/cmake/nvblox_rosConfig.cmake
[337.150s] -- Symlinking: /workspaces/isaac_ros-dev/src/isaac_ros_nvblox/install/nvblox_ros/share/nvblox_ros/cmake/nvblox_rosConfig-version.cmake
[337.159s] -- Symlinking: /workspaces/isaac_ros-dev/src/isaac_ros_nvblox/install/nvblox_ros/share/nvblox_ros/package.xml
[337.168s] -- Installing: /workspaces/isaac_ros-dev/src/isaac_ros_nvblox/install/nvblox_ros/lib/libnvblox_ros_lib.so
[337.181s] -- Installing: /workspaces/isaac_ros-dev/src/isaac_ros_nvblox/install/nvblox_ros/lib/libnvblox_lib.so
[337.222s] -- Set runtime path of "/workspaces/isaac_ros-dev/src/isaac_ros_nvblox/install/nvblox_ros/lib/libnvblox_lib.so" to ""
[337.222s] -- Installing: /workspaces/isaac_ros-dev/src/isaac_ros_nvblox/install/nvblox_ros/lib/libnvblox_gpu_hash.a
[337.230s] -- Installing: /workspaces/isaac_ros-dev/src/isaac_ros_nvblox/install/nvblox_ros/lib/libstdgpu.a
[337.230s] -- Installing: /workspaces/isaac_ros-dev/src/isaac_ros_nvblox/install/nvblox_ros/share/nvblox_ros/cmake/nvblox_rosTargetsExport.cmake
[337.230s] -- Installing: /workspaces/isaac_ros-dev/src/isaac_ros_nvblox/install/nvblox_ros/share/nvblox_ros/cmake/nvblox_rosTargetsExport-release.cmake
[337.231s] -- Installing: /workspaces/isaac_ros-dev/src/isaac_ros_nvblox/install/nvblox_ros/lib/cmake/stdgpu/cuda/FindCUDAToolkit.cmake
[337.231s] -- Up-to-date: /workspaces/isaac_ros-dev/src/isaac_ros_nvblox/install/nvblox_ros/lib/libstdgpu.a
[337.231s] -- Up-to-date: /workspaces/isaac_ros-dev/src/isaac_ros_nvblox/install/nvblox_ros/include
[337.231s] -- Installing: /workspaces/isaac_ros-dev/src/isaac_ros_nvblox/install/nvblox_ros/include/stdgpu
[337.232s] -- Installing: /workspaces/isaac_ros-dev/src/isaac_ros_nvblox/install/nvblox_ros/include/stdgpu/deque_fwd
[337.232s] -- Installing: /workspaces/isaac_ros-dev/src/isaac_ros_nvblox/install/nvblox_ros/include/stdgpu/unordered_set.cuh
[337.232s] -- Installing: /workspaces/isaac_ros-dev/src/isaac_ros_nvblox/install/nvblox_ros/include/stdgpu/functional.h
[337.232s] -- Installing: /workspaces/isaac_ros-dev/src/isaac_ros_nvblox/install/nvblox_ros/include/stdgpu/queue.cuh
[337.232s] -- Installing: /workspaces/isaac_ros-dev/src/isaac_ros_nvblox/install/nvblox_ros/include/stdgpu/utility.h
[337.232s] -- Installing: /workspaces/isaac_ros-dev/src/isaac_ros_nvblox/install/nvblox_ros/include/stdgpu/algorithm.h
[337.232s] -- Installing: /workspaces/isaac_ros-dev/src/isaac_ros_nvblox/install/nvblox_ros/include/stdgpu/mutex.cuh
[337.232s] -- Installing: /workspaces/isaac_ros-dev/src/isaac_ros_nvblox/install/nvblox_ros/include/stdgpu/cmath.h
[337.232s] -- Installing: /workspaces/isaac_ros-dev/src/isaac_ros_nvblox/install/nvblox_ros/include/stdgpu/contract.h
[337.233s] -- Installing: /workspaces/isaac_ros-dev/src/isaac_ros_nvblox/install/nvblox_ros/include/stdgpu/platform.h
[337.233s] -- Installing: /workspaces/isaac_ros-dev/src/isaac_ros_nvblox/install/nvblox_ros/include/stdgpu/memory.h
[337.233s] -- Installing: /workspaces/isaac_ros-dev/src/isaac_ros_nvblox/install/nvblox_ros/include/stdgpu/bitset.cuh
[337.233s] -- Installing: /workspaces/isaac_ros-dev/src/isaac_ros_nvblox/install/nvblox_ros/include/stdgpu/ranges.h
[337.233s] -- Installing: /workspaces/isaac_ros-dev/src/isaac_ros_nvblox/install/nvblox_ros/include/stdgpu/unordered_set_fwd
[337.233s] -- Installing: /workspaces/isaac_ros-dev/src/isaac_ros_nvblox/install/nvblox_ros/include/stdgpu/atomic.cuh
[337.233s] -- Installing: /workspaces/isaac_ros-dev/src/isaac_ros_nvblox/install/nvblox_ros/include/stdgpu/bit.h
[337.234s] -- Installing: /workspaces/isaac_ros-dev/src/isaac_ros_nvblox/install/nvblox_ros/include/stdgpu/queue_fwd
[337.234s] -- Installing: /workspaces/isaac_ros-dev/src/isaac_ros_nvblox/install/nvblox_ros/include/stdgpu/unordered_map_fwd
[337.234s] -- Installing: /workspaces/isaac_ros-dev/src/isaac_ros_nvblox/install/nvblox_ros/include/stdgpu/unordered_map.cuh
[337.234s] -- Installing: /workspaces/isaac_ros-dev/src/isaac_ros_nvblox/install/nvblox_ros/include/stdgpu/mutex_fwd
[337.234s] -- Installing: /workspaces/isaac_ros-dev/src/isaac_ros_nvblox/install/nvblox_ros/include/stdgpu/vector.cuh
[337.234s] -- Installing: /workspaces/isaac_ros-dev/src/isaac_ros_nvblox/install/nvblox_ros/include/stdgpu/bitset_fwd
[337.234s] -- Installing: /workspaces/isaac_ros-dev/src/isaac_ros_nvblox/install/nvblox_ros/include/stdgpu/stack.cuh
[337.234s] -- Installing: /workspaces/isaac_ros-dev/src/isaac_ros_nvblox/install/nvblox_ros/include/stdgpu/stack_fwd
[337.235s] -- Installing: /workspaces/isaac_ros-dev/src/isaac_ros_nvblox/install/nvblox_ros/include/stdgpu/deque.cuh
[337.235s] -- Installing: /workspaces/isaac_ros-dev/src/isaac_ros_nvblox/install/nvblox_ros/include/stdgpu/limits.h
[337.235s] -- Installing: /workspaces/isaac_ros-dev/src/isaac_ros_nvblox/install/nvblox_ros/include/stdgpu/atomic_fwd
[337.235s] -- Installing: /workspaces/isaac_ros-dev/src/isaac_ros_nvblox/install/nvblox_ros/include/stdgpu/vector_fwd
[337.235s] -- Installing: /workspaces/isaac_ros-dev/src/isaac_ros_nvblox/install/nvblox_ros/include/stdgpu/compiler.h
[337.235s] -- Installing: /workspaces/isaac_ros-dev/src/isaac_ros_nvblox/install/nvblox_ros/include/stdgpu/attribute.h
[337.235s] -- Installing: /workspaces/isaac_ros-dev/src/isaac_ros_nvblox/install/nvblox_ros/include/stdgpu/impl
[337.236s] -- Installing: /workspaces/isaac_ros-dev/src/isaac_ros_nvblox/install/nvblox_ros/include/stdgpu/impl/type_traits.h
[337.236s] -- Installing: /workspaces/isaac_ros-dev/src/isaac_ros_nvblox/install/nvblox_ros/include/stdgpu/impl/unordered_base_detail.cuh
[337.236s] -- Installing: /workspaces/isaac_ros-dev/src/isaac_ros_nvblox/install/nvblox_ros/include/stdgpu/impl/platform_check.h
[337.236s] -- Installing: /workspaces/isaac_ros-dev/src/isaac_ros_nvblox/install/nvblox_ros/include/stdgpu/impl/unordered_set_detail.cuh
[337.236s] -- Installing: /workspaces/isaac_ros-dev/src/isaac_ros_nvblox/install/nvblox_ros/include/stdgpu/impl/queue_detail.cuh
[337.236s] -- Installing: /workspaces/isaac_ros-dev/src/isaac_ros_nvblox/install/nvblox_ros/include/stdgpu/impl/atomic_detail.cuh
[337.236s] -- Installing: /workspaces/isaac_ros-dev/src/isaac_ros_nvblox/install/nvblox_ros/include/stdgpu/impl/limits_detail.h
[337.237s] -- Installing: /workspaces/isaac_ros-dev/src/isaac_ros_nvblox/install/nvblox_ros/include/stdgpu/impl/mutex_detail.cuh
[337.237s] -- Installing: /workspaces/isaac_ros-dev/src/isaac_ros_nvblox/install/nvblox_ros/include/stdgpu/impl/functional_detail.h
[337.237s] -- Installing: /workspaces/isaac_ros-dev/src/isaac_ros_nvblox/install/nvblox_ros/include/stdgpu/impl/deque_detail.cuh
[337.237s] -- Installing: /workspaces/isaac_ros-dev/src/isaac_ros_nvblox/install/nvblox_ros/include/stdgpu/impl/unordered_base.cuh
[337.237s] -- Installing: /workspaces/isaac_ros-dev/src/isaac_ros_nvblox/install/nvblox_ros/include/stdgpu/impl/bit_detail.h
[337.237s] -- Installing: /workspaces/isaac_ros-dev/src/isaac_ros_nvblox/install/nvblox_ros/include/stdgpu/impl/iterator_detail.h
[337.237s] -- Installing: /workspaces/isaac_ros-dev/src/isaac_ros_nvblox/install/nvblox_ros/include/stdgpu/impl/stack_detail.cuh
[337.237s] -- Installing: /workspaces/isaac_ros-dev/src/isaac_ros_nvblox/install/nvblox_ros/include/stdgpu/impl/utility_detail.h
[337.238s] -- Installing: /workspaces/isaac_ros-dev/src/isaac_ros_nvblox/install/nvblox_ros/include/stdgpu/impl/algorithm_detail.h
[337.238s] -- Installing: /workspaces/isaac_ros-dev/src/isaac_ros_nvblox/install/nvblox_ros/include/stdgpu/impl/memory_detail.h
[337.238s] -- Installing: /workspaces/isaac_ros-dev/src/isaac_ros_nvblox/install/nvblox_ros/include/stdgpu/impl/unordered_map_detail.cuh
[337.238s] -- Installing: /workspaces/isaac_ros-dev/src/isaac_ros_nvblox/install/nvblox_ros/include/stdgpu/impl/ranges_detail.h
[337.238s] -- Installing: /workspaces/isaac_ros-dev/src/isaac_ros_nvblox/install/nvblox_ros/include/stdgpu/impl/bitset_detail.cuh
[337.238s] -- Installing: /workspaces/isaac_ros-dev/src/isaac_ros_nvblox/install/nvblox_ros/include/stdgpu/impl/cmath_detail.h
[337.238s] -- Installing: /workspaces/isaac_ros-dev/src/isaac_ros_nvblox/install/nvblox_ros/include/stdgpu/impl/vector_detail.cuh
[337.239s] -- Installing: /workspaces/isaac_ros-dev/src/isaac_ros_nvblox/install/nvblox_ros/include/stdgpu/iterator.h
[337.239s] -- Installing: /workspaces/isaac_ros-dev/src/isaac_ros_nvblox/install/nvblox_ros/include/stdgpu/cuda
[337.239s] -- Installing: /workspaces/isaac_ros-dev/src/isaac_ros_nvblox/install/nvblox_ros/include/stdgpu/cuda/platform_check.h
[337.239s] -- Installing: /workspaces/isaac_ros-dev/src/isaac_ros_nvblox/install/nvblox_ros/include/stdgpu/cuda/platform.h
[337.239s] -- Installing: /workspaces/isaac_ros-dev/src/isaac_ros_nvblox/install/nvblox_ros/include/stdgpu/cuda/memory.h
[337.239s] -- Installing: /workspaces/isaac_ros-dev/src/isaac_ros_nvblox/install/nvblox_ros/include/stdgpu/cuda/atomic.cuh
[337.239s] -- Installing: /workspaces/isaac_ros-dev/src/isaac_ros_nvblox/install/nvblox_ros/include/stdgpu/cuda/impl
[337.239s] -- Installing: /workspaces/isaac_ros-dev/src/isaac_ros_nvblox/install/nvblox_ros/include/stdgpu/cuda/impl/atomic_detail.cuh
[337.240s] -- Installing: /workspaces/isaac_ros-dev/src/isaac_ros_nvblox/install/nvblox_ros/include/stdgpu/hip
[337.240s] -- Installing: /workspaces/isaac_ros-dev/src/isaac_ros_nvblox/install/nvblox_ros/include/stdgpu/hip/platform_check.h
[337.240s] -- Installing: /workspaces/isaac_ros-dev/src/isaac_ros_nvblox/install/nvblox_ros/include/stdgpu/hip/platform.h
[337.240s] -- Installing: /workspaces/isaac_ros-dev/src/isaac_ros_nvblox/install/nvblox_ros/include/stdgpu/hip/memory.h
[337.240s] -- Installing: /workspaces/isaac_ros-dev/src/isaac_ros_nvblox/install/nvblox_ros/include/stdgpu/hip/atomic.h
[337.240s] -- Installing: /workspaces/isaac_ros-dev/src/isaac_ros_nvblox/install/nvblox_ros/include/stdgpu/hip/impl
[337.240s] -- Installing: /workspaces/isaac_ros-dev/src/isaac_ros_nvblox/install/nvblox_ros/include/stdgpu/hip/impl/atomic_detail.h
[337.240s] -- Installing: /workspaces/isaac_ros-dev/src/isaac_ros_nvblox/install/nvblox_ros/include/stdgpu/openmp
[337.240s] -- Installing: /workspaces/isaac_ros-dev/src/isaac_ros_nvblox/install/nvblox_ros/include/stdgpu/openmp/platform_check.h
[337.241s] -- Installing: /workspaces/isaac_ros-dev/src/isaac_ros_nvblox/install/nvblox_ros/include/stdgpu/openmp/platform.h
[337.241s] -- Installing: /workspaces/isaac_ros-dev/src/isaac_ros_nvblox/install/nvblox_ros/include/stdgpu/openmp/memory.h
[337.241s] -- Installing: /workspaces/isaac_ros-dev/src/isaac_ros_nvblox/install/nvblox_ros/include/stdgpu/openmp/atomic.h
[337.241s] -- Installing: /workspaces/isaac_ros-dev/src/isaac_ros_nvblox/install/nvblox_ros/include/stdgpu/openmp/impl
[337.241s] -- Installing: /workspaces/isaac_ros-dev/src/isaac_ros_nvblox/install/nvblox_ros/include/stdgpu/openmp/impl/atomic_detail.h
[337.241s] -- Installing: /workspaces/isaac_ros-dev/src/isaac_ros_nvblox/install/nvblox_ros/include/stdgpu/cstddef.h
[337.241s] -- Up-to-date: /workspaces/isaac_ros-dev/src/isaac_ros_nvblox/install/nvblox_ros/include
[337.241s] -- Up-to-date: /workspaces/isaac_ros-dev/src/isaac_ros_nvblox/install/nvblox_ros/include/stdgpu
[337.242s] -- Installing: /workspaces/isaac_ros-dev/src/isaac_ros_nvblox/install/nvblox_ros/include/stdgpu/config.h
[337.242s] -- Installing: /workspaces/isaac_ros-dev/src/isaac_ros_nvblox/install/nvblox_ros/lib/cmake/stdgpu/stdgpu-dependencies.cmake
[337.242s] -- Installing: /workspaces/isaac_ros-dev/src/isaac_ros_nvblox/install/nvblox_ros/lib/cmake/stdgpu/Findthrust.cmake
[337.242s] -- Installing: /workspaces/isaac_ros-dev/src/isaac_ros_nvblox/install/nvblox_ros/lib/cmake/stdgpu/stdgpu-targets.cmake
[337.242s] -- Installing: /workspaces/isaac_ros-dev/src/isaac_ros_nvblox/install/nvblox_ros/lib/cmake/stdgpu/stdgpu-targets-release.cmake
[337.242s] -- Installing: /workspaces/isaac_ros-dev/src/isaac_ros_nvblox/install/nvblox_ros/lib/cmake/stdgpu/stdgpu-config.cmake
[337.243s] -- Installing: /workspaces/isaac_ros-dev/src/isaac_ros_nvblox/install/nvblox_ros/lib/cmake/stdgpu/stdgpu-config-version.cmake
[337.243s] -- Up-to-date: /workspaces/isaac_ros-dev/src/isaac_ros_nvblox/install/nvblox_ros/lib/libnvblox_lib.so
[337.243s] -- Installing: /workspaces/isaac_ros-dev/src/isaac_ros_nvblox/install/nvblox_ros/lib/nvblox/libnvblox_gpu_hash.a
[337.251s] -- Installing: /workspaces/isaac_ros-dev/src/isaac_ros_nvblox/install/nvblox_ros/lib/libnvblox_datasets.so
[337.253s] -- Set runtime path of "/workspaces/isaac_ros-dev/src/isaac_ros_nvblox/install/nvblox_ros/lib/libnvblox_datasets.so" to ""
[337.253s] -- Installing: /workspaces/isaac_ros-dev/src/isaac_ros_nvblox/install/nvblox_ros/lib/nvblox/libstdgpu.a
[337.254s] -- Installing: /workspaces/isaac_ros-dev/src/isaac_ros_nvblox/install/nvblox_ros/bin/nvblox/fuse_3dmatch
[337.255s] -- Set runtime path of "/workspaces/isaac_ros-dev/src/isaac_ros_nvblox/install/nvblox_ros/bin/nvblox/fuse_3dmatch" to ""
[337.255s] -- Installing: /workspaces/isaac_ros-dev/src/isaac_ros_nvblox/install/nvblox_ros/bin/nvblox/fuse_replica
[337.257s] -- Set runtime path of "/workspaces/isaac_ros-dev/src/isaac_ros_nvblox/install/nvblox_ros/bin/nvblox/fuse_replica" to ""
[337.257s] -- Installing: /workspaces/isaac_ros-dev/src/isaac_ros_nvblox/install/nvblox_ros/share/nvblox/cmake/nvbloxTargets.cmake
[337.257s] -- Installing: /workspaces/isaac_ros-dev/src/isaac_ros_nvblox/install/nvblox_ros/share/nvblox/cmake/nvbloxTargets-release.cmake
[337.260s] Invoked command in '/workspaces/isaac_ros-dev/src/isaac_ros_nvblox/build/nvblox_ros' returned '0': AMENT_PREFIX_PATH=/workspaces/isaac_ros-dev/src/isaac_ros_nvblox/install/nvblox_rviz_plugin:/workspaces/isaac_ros-dev/src/isaac_ros_nvblox/install/nvblox_ros_python_utils:/workspaces/isaac_ros-dev/src/isaac_ros_nvblox/install/nvblox_ros_common:/workspaces/isaac_ros-dev/src/isaac_ros_nvblox/install/nvblox_msgs:${AMENT_PREFIX_PATH} CMAKE_PREFIX_PATH=/workspaces/isaac_ros-dev/src/isaac_ros_nvblox/install/nvblox_rviz_plugin:/workspaces/isaac_ros-dev/src/isaac_ros_nvblox/install/nvblox_ros_common:/workspaces/isaac_ros-dev/src/isaac_ros_nvblox/install/nvblox_msgs:/opt/ros/humble LD_LIBRARY_PATH=/workspaces/isaac_ros-dev/src/isaac_ros_nvblox/install/nvblox_rviz_plugin/lib:/workspaces/isaac_ros-dev/src/isaac_ros_nvblox/install/nvblox_ros_common/lib:/workspaces/isaac_ros-dev/src/isaac_ros_nvblox/install/nvblox_msgs/lib:${LD_LIBRARY_PATH} PYTHONPATH=/workspaces/isaac_ros-dev/src/isaac_ros_nvblox/build/nvblox_ros_python_utils:/workspaces/isaac_ros-dev/src/isaac_ros_nvblox/install/nvblox_ros_python_utils/lib/python3.10/site-packages:/workspaces/isaac_ros-dev/src/isaac_ros_nvblox/install/nvblox_msgs/local/lib/python3.10/dist-packages:${PYTHONPATH} _=/usr/bin/env /usr/bin/cmake --install /workspaces/isaac_ros-dev/src/isaac_ros_nvblox/build/nvblox_ros
