[0.078s] DEBUG:colcon:Command line arguments: ['/usr/bin/colcon', 'build', '--symlink-install']
[0.078s] DEBUG:colcon:Parsed command line arguments: Namespace(log_base=None, log_level=None, verb_name='build', build_base='build', install_base='install', merge_install=False, symlink_install=True, test_result_base=None, continue_on_error=False, executor='parallel', parallel_workers=48, event_handlers=None, ignore_user_meta=False, metas=['./colcon.meta'], base_paths=['.'], packages_ignore=None, packages_ignore_regex=None, paths=None, packages_up_to=None, packages_up_to_regex=None, packages_above=None, packages_above_and_dependencies=None, packages_above_depth=None, packages_select_by_dep=None, packages_skip_by_dep=None, packages_skip_up_to=None, packages_select_build_failed=False, packages_skip_build_finished=False, packages_select_test_failures=False, packages_skip_test_passed=False, packages_select=None, packages_skip=None, packages_select_regex=None, packages_skip_regex=None, packages_start=None, packages_end=None, allow_overriding=[], cmake_args=None, cmake_target=None, cmake_target_skip_unavailable=False, cmake_clean_cache=False, cmake_clean_first=False, cmake_force_configure=False, ament_cmake_args=None, catkin_cmake_args=None, catkin_skip_building_tests=False, verb_parser=<colcon_defaults.argument_parser.defaults.DefaultArgumentsDecorator object at 0x78103c459c00>, verb_extension=<colcon_core.verb.build.BuildVerb object at 0x78103c5469b0>, main=<bound method BuildVerb.main of <colcon_core.verb.build.BuildVerb object at 0x78103c5469b0>>)
[0.269s] Level 1:colcon.colcon_core.package_discovery:discover_packages(colcon_meta) check parameters
[0.269s] Level 1:colcon.colcon_core.package_discovery:discover_packages(recursive) check parameters
[0.269s] Level 1:colcon.colcon_core.package_discovery:discover_packages(ignore) check parameters
[0.269s] Level 1:colcon.colcon_core.package_discovery:discover_packages(path) check parameters
[0.269s] Level 1:colcon.colcon_core.package_discovery:discover_packages(colcon_meta) discover
[0.269s] Level 1:colcon.colcon_core.package_discovery:discover_packages(recursive) discover
[0.269s] INFO:colcon.colcon_core.package_discovery:Crawling recursively for packages in '/workspaces/isaac_ros-dev/src/isaac_ros_nvblox'
[0.269s] Level 1:colcon.colcon_core.package_identification:_identify(.) by extensions ['ignore', 'ignore_ament_install']
[0.269s] Level 1:colcon.colcon_core.package_identification:_identify(.) by extension 'ignore'
[0.269s] Level 1:colcon.colcon_core.package_identification:_identify(.) by extension 'ignore_ament_install'
[0.269s] Level 1:colcon.colcon_core.package_identification:_identify(.) by extensions ['colcon_pkg']
[0.269s] Level 1:colcon.colcon_core.package_identification:_identify(.) by extension 'colcon_pkg'
[0.269s] Level 1:colcon.colcon_core.package_identification:_identify(.) by extensions ['colcon_meta']
[0.269s] Level 1:colcon.colcon_core.package_identification:_identify(.) by extension 'colcon_meta'
[0.269s] Level 1:colcon.colcon_core.package_identification:_identify(.) by extensions ['ros']
[0.269s] Level 1:colcon.colcon_core.package_identification:_identify(.) by extension 'ros'
[0.279s] Level 1:colcon.colcon_core.package_identification:_identify(.) by extensions ['cmake', 'python']
[0.279s] Level 1:colcon.colcon_core.package_identification:_identify(.) by extension 'cmake'
[0.279s] Level 1:colcon.colcon_core.package_identification:_identify(.) by extension 'python'
[0.279s] Level 1:colcon.colcon_core.package_identification:_identify(.) by extensions ['python_setup_py']
[0.279s] Level 1:colcon.colcon_core.package_identification:_identify(.) by extension 'python_setup_py'
[0.279s] Level 1:colcon.colcon_core.package_identification:_identify(build) by extensions ['ignore', 'ignore_ament_install']
[0.279s] Level 1:colcon.colcon_core.package_identification:_identify(build) by extension 'ignore'
[0.279s] Level 1:colcon.colcon_core.package_identification:_identify(build) ignored
[0.279s] Level 1:colcon.colcon_core.package_identification:_identify(install) by extensions ['ignore', 'ignore_ament_install']
[0.279s] Level 1:colcon.colcon_core.package_identification:_identify(install) by extension 'ignore'
[0.279s] Level 1:colcon.colcon_core.package_identification:_identify(install) ignored
[0.279s] Level 1:colcon.colcon_core.package_identification:_identify(isaac_ros_nvblox) by extensions ['ignore', 'ignore_ament_install']
[0.280s] Level 1:colcon.colcon_core.package_identification:_identify(isaac_ros_nvblox) by extension 'ignore'
[0.280s] Level 1:colcon.colcon_core.package_identification:_identify(isaac_ros_nvblox) by extension 'ignore_ament_install'
[0.280s] Level 1:colcon.colcon_core.package_identification:_identify(isaac_ros_nvblox) by extensions ['colcon_pkg']
[0.280s] Level 1:colcon.colcon_core.package_identification:_identify(isaac_ros_nvblox) by extension 'colcon_pkg'
[0.280s] Level 1:colcon.colcon_core.package_identification:_identify(isaac_ros_nvblox) by extensions ['colcon_meta']
[0.280s] Level 1:colcon.colcon_core.package_identification:_identify(isaac_ros_nvblox) by extension 'colcon_meta'
[0.280s] Level 1:colcon.colcon_core.package_identification:_identify(isaac_ros_nvblox) by extensions ['ros']
[0.280s] Level 1:colcon.colcon_core.package_identification:_identify(isaac_ros_nvblox) by extension 'ros'
[0.281s] DEBUG:colcon.colcon_core.package_identification:Package 'isaac_ros_nvblox' with type 'ros.ament_cmake' and name 'isaac_ros_nvblox'
[0.282s] Level 1:colcon.colcon_core.package_identification:_identify(log) by extensions ['ignore', 'ignore_ament_install']
[0.282s] Level 1:colcon.colcon_core.package_identification:_identify(log) by extension 'ignore'
[0.282s] Level 1:colcon.colcon_core.package_identification:_identify(log) ignored
[0.282s] Level 1:colcon.colcon_core.package_identification:_identify(nvblox_examples) by extensions ['ignore', 'ignore_ament_install']
[0.282s] Level 1:colcon.colcon_core.package_identification:_identify(nvblox_examples) by extension 'ignore'
[0.282s] Level 1:colcon.colcon_core.package_identification:_identify(nvblox_examples) by extension 'ignore_ament_install'
[0.282s] Level 1:colcon.colcon_core.package_identification:_identify(nvblox_examples) by extensions ['colcon_pkg']
[0.282s] Level 1:colcon.colcon_core.package_identification:_identify(nvblox_examples) by extension 'colcon_pkg'
[0.282s] Level 1:colcon.colcon_core.package_identification:_identify(nvblox_examples) by extensions ['colcon_meta']
[0.282s] Level 1:colcon.colcon_core.package_identification:_identify(nvblox_examples) by extension 'colcon_meta'
[0.282s] Level 1:colcon.colcon_core.package_identification:_identify(nvblox_examples) by extensions ['ros']
[0.282s] Level 1:colcon.colcon_core.package_identification:_identify(nvblox_examples) by extension 'ros'
[0.282s] Level 1:colcon.colcon_core.package_identification:_identify(nvblox_examples) by extensions ['cmake', 'python']
[0.282s] Level 1:colcon.colcon_core.package_identification:_identify(nvblox_examples) by extension 'cmake'
[0.282s] Level 1:colcon.colcon_core.package_identification:_identify(nvblox_examples) by extension 'python'
[0.282s] Level 1:colcon.colcon_core.package_identification:_identify(nvblox_examples) by extensions ['python_setup_py']
[0.282s] Level 1:colcon.colcon_core.package_identification:_identify(nvblox_examples) by extension 'python_setup_py'
[0.282s] Level 1:colcon.colcon_core.package_identification:_identify(nvblox_examples/nvblox_examples_bringup) by extensions ['ignore', 'ignore_ament_install']
[0.282s] Level 1:colcon.colcon_core.package_identification:_identify(nvblox_examples/nvblox_examples_bringup) by extension 'ignore'
[0.282s] Level 1:colcon.colcon_core.package_identification:_identify(nvblox_examples/nvblox_examples_bringup) by extension 'ignore_ament_install'
[0.282s] Level 1:colcon.colcon_core.package_identification:_identify(nvblox_examples/nvblox_examples_bringup) by extensions ['colcon_pkg']
[0.282s] Level 1:colcon.colcon_core.package_identification:_identify(nvblox_examples/nvblox_examples_bringup) by extension 'colcon_pkg'
[0.282s] Level 1:colcon.colcon_core.package_identification:_identify(nvblox_examples/nvblox_examples_bringup) by extensions ['colcon_meta']
[0.282s] Level 1:colcon.colcon_core.package_identification:_identify(nvblox_examples/nvblox_examples_bringup) by extension 'colcon_meta'
[0.282s] Level 1:colcon.colcon_core.package_identification:_identify(nvblox_examples/nvblox_examples_bringup) by extensions ['ros']
[0.282s] Level 1:colcon.colcon_core.package_identification:_identify(nvblox_examples/nvblox_examples_bringup) by extension 'ros'
[0.283s] DEBUG:colcon.colcon_core.package_identification:Package 'nvblox_examples/nvblox_examples_bringup' with type 'ros.ament_cmake' and name 'nvblox_examples_bringup'
[0.283s] Level 1:colcon.colcon_core.package_identification:_identify(nvblox_examples/nvblox_image_padding) by extensions ['ignore', 'ignore_ament_install']
[0.283s] Level 1:colcon.colcon_core.package_identification:_identify(nvblox_examples/nvblox_image_padding) by extension 'ignore'
[0.283s] Level 1:colcon.colcon_core.package_identification:_identify(nvblox_examples/nvblox_image_padding) by extension 'ignore_ament_install'
[0.283s] Level 1:colcon.colcon_core.package_identification:_identify(nvblox_examples/nvblox_image_padding) by extensions ['colcon_pkg']
[0.283s] Level 1:colcon.colcon_core.package_identification:_identify(nvblox_examples/nvblox_image_padding) by extension 'colcon_pkg'
[0.283s] Level 1:colcon.colcon_core.package_identification:_identify(nvblox_examples/nvblox_image_padding) by extensions ['colcon_meta']
[0.283s] Level 1:colcon.colcon_core.package_identification:_identify(nvblox_examples/nvblox_image_padding) by extension 'colcon_meta'
[0.283s] Level 1:colcon.colcon_core.package_identification:_identify(nvblox_examples/nvblox_image_padding) by extensions ['ros']
[0.283s] Level 1:colcon.colcon_core.package_identification:_identify(nvblox_examples/nvblox_image_padding) by extension 'ros'
[0.285s] DEBUG:colcon.colcon_core.package_identification:Package 'nvblox_examples/nvblox_image_padding' with type 'ros.ament_cmake' and name 'nvblox_image_padding'
[0.285s] Level 1:colcon.colcon_core.package_identification:_identify(nvblox_examples/realsense_splitter) by extensions ['ignore', 'ignore_ament_install']
[0.285s] Level 1:colcon.colcon_core.package_identification:_identify(nvblox_examples/realsense_splitter) by extension 'ignore'
[0.285s] Level 1:colcon.colcon_core.package_identification:_identify(nvblox_examples/realsense_splitter) ignored
[0.285s] Level 1:colcon.colcon_core.package_identification:_identify(nvblox_examples/semantic_label_conversion) by extensions ['ignore', 'ignore_ament_install']
[0.285s] Level 1:colcon.colcon_core.package_identification:_identify(nvblox_examples/semantic_label_conversion) by extension 'ignore'
[0.285s] Level 1:colcon.colcon_core.package_identification:_identify(nvblox_examples/semantic_label_conversion) by extension 'ignore_ament_install'
[0.285s] Level 1:colcon.colcon_core.package_identification:_identify(nvblox_examples/semantic_label_conversion) by extensions ['colcon_pkg']
[0.285s] Level 1:colcon.colcon_core.package_identification:_identify(nvblox_examples/semantic_label_conversion) by extension 'colcon_pkg'
[0.285s] Level 1:colcon.colcon_core.package_identification:_identify(nvblox_examples/semantic_label_conversion) by extensions ['colcon_meta']
[0.285s] Level 1:colcon.colcon_core.package_identification:_identify(nvblox_examples/semantic_label_conversion) by extension 'colcon_meta'
[0.285s] Level 1:colcon.colcon_core.package_identification:_identify(nvblox_examples/semantic_label_conversion) by extensions ['ros']
[0.285s] Level 1:colcon.colcon_core.package_identification:_identify(nvblox_examples/semantic_label_conversion) by extension 'ros'
[0.285s] DEBUG:colcon.colcon_core.package_identification:Package 'nvblox_examples/semantic_label_conversion' with type 'ros.ament_cmake' and name 'semantic_label_conversion'
[0.285s] Level 1:colcon.colcon_core.package_identification:_identify(nvblox_foxglove) by extensions ['ignore', 'ignore_ament_install']
[0.286s] Level 1:colcon.colcon_core.package_identification:_identify(nvblox_foxglove) by extension 'ignore'
[0.286s] Level 1:colcon.colcon_core.package_identification:_identify(nvblox_foxglove) by extension 'ignore_ament_install'
[0.286s] Level 1:colcon.colcon_core.package_identification:_identify(nvblox_foxglove) by extensions ['colcon_pkg']
[0.286s] Level 1:colcon.colcon_core.package_identification:_identify(nvblox_foxglove) by extension 'colcon_pkg'
[0.286s] Level 1:colcon.colcon_core.package_identification:_identify(nvblox_foxglove) by extensions ['colcon_meta']
[0.286s] Level 1:colcon.colcon_core.package_identification:_identify(nvblox_foxglove) by extension 'colcon_meta'
[0.286s] Level 1:colcon.colcon_core.package_identification:_identify(nvblox_foxglove) by extensions ['ros']
[0.286s] Level 1:colcon.colcon_core.package_identification:_identify(nvblox_foxglove) by extension 'ros'
[0.286s] Level 1:colcon.colcon_core.package_identification:_identify(nvblox_foxglove) by extensions ['cmake', 'python']
[0.286s] Level 1:colcon.colcon_core.package_identification:_identify(nvblox_foxglove) by extension 'cmake'
[0.286s] Level 1:colcon.colcon_core.package_identification:_identify(nvblox_foxglove) by extension 'python'
[0.286s] Level 1:colcon.colcon_core.package_identification:_identify(nvblox_foxglove) by extensions ['python_setup_py']
[0.286s] Level 1:colcon.colcon_core.package_identification:_identify(nvblox_foxglove) by extension 'python_setup_py'
[0.286s] Level 1:colcon.colcon_core.package_identification:_identify(nvblox_foxglove/src) by extensions ['ignore', 'ignore_ament_install']
[0.286s] Level 1:colcon.colcon_core.package_identification:_identify(nvblox_foxglove/src) by extension 'ignore'
[0.286s] Level 1:colcon.colcon_core.package_identification:_identify(nvblox_foxglove/src) by extension 'ignore_ament_install'
[0.286s] Level 1:colcon.colcon_core.package_identification:_identify(nvblox_foxglove/src) by extensions ['colcon_pkg']
[0.286s] Level 1:colcon.colcon_core.package_identification:_identify(nvblox_foxglove/src) by extension 'colcon_pkg'
[0.286s] Level 1:colcon.colcon_core.package_identification:_identify(nvblox_foxglove/src) by extensions ['colcon_meta']
[0.286s] Level 1:colcon.colcon_core.package_identification:_identify(nvblox_foxglove/src) by extension 'colcon_meta'
[0.286s] Level 1:colcon.colcon_core.package_identification:_identify(nvblox_foxglove/src) by extensions ['ros']
[0.286s] Level 1:colcon.colcon_core.package_identification:_identify(nvblox_foxglove/src) by extension 'ros'
[0.286s] Level 1:colcon.colcon_core.package_identification:_identify(nvblox_foxglove/src) by extensions ['cmake', 'python']
[0.286s] Level 1:colcon.colcon_core.package_identification:_identify(nvblox_foxglove/src) by extension 'cmake'
[0.286s] Level 1:colcon.colcon_core.package_identification:_identify(nvblox_foxglove/src) by extension 'python'
[0.286s] Level 1:colcon.colcon_core.package_identification:_identify(nvblox_foxglove/src) by extensions ['python_setup_py']
[0.286s] Level 1:colcon.colcon_core.package_identification:_identify(nvblox_foxglove/src) by extension 'python_setup_py'
[0.286s] Level 1:colcon.colcon_core.package_identification:_identify(nvblox_msgs) by extensions ['ignore', 'ignore_ament_install']
[0.286s] Level 1:colcon.colcon_core.package_identification:_identify(nvblox_msgs) by extension 'ignore'
[0.286s] Level 1:colcon.colcon_core.package_identification:_identify(nvblox_msgs) by extension 'ignore_ament_install'
[0.286s] Level 1:colcon.colcon_core.package_identification:_identify(nvblox_msgs) by extensions ['colcon_pkg']
[0.286s] Level 1:colcon.colcon_core.package_identification:_identify(nvblox_msgs) by extension 'colcon_pkg'
[0.286s] Level 1:colcon.colcon_core.package_identification:_identify(nvblox_msgs) by extensions ['colcon_meta']
[0.286s] Level 1:colcon.colcon_core.package_identification:_identify(nvblox_msgs) by extension 'colcon_meta'
[0.286s] Level 1:colcon.colcon_core.package_identification:_identify(nvblox_msgs) by extensions ['ros']
[0.286s] Level 1:colcon.colcon_core.package_identification:_identify(nvblox_msgs) by extension 'ros'
[0.287s] DEBUG:colcon.colcon_core.package_identification:Package 'nvblox_msgs' with type 'ros.ament_cmake' and name 'nvblox_msgs'
[0.287s] Level 1:colcon.colcon_core.package_identification:_identify(nvblox_nav2) by extensions ['ignore', 'ignore_ament_install']
[0.287s] Level 1:colcon.colcon_core.package_identification:_identify(nvblox_nav2) by extension 'ignore'
[0.287s] Level 1:colcon.colcon_core.package_identification:_identify(nvblox_nav2) by extension 'ignore_ament_install'
[0.287s] Level 1:colcon.colcon_core.package_identification:_identify(nvblox_nav2) by extensions ['colcon_pkg']
[0.287s] Level 1:colcon.colcon_core.package_identification:_identify(nvblox_nav2) by extension 'colcon_pkg'
[0.287s] Level 1:colcon.colcon_core.package_identification:_identify(nvblox_nav2) by extensions ['colcon_meta']
[0.287s] Level 1:colcon.colcon_core.package_identification:_identify(nvblox_nav2) by extension 'colcon_meta'
[0.287s] Level 1:colcon.colcon_core.package_identification:_identify(nvblox_nav2) by extensions ['ros']
[0.287s] Level 1:colcon.colcon_core.package_identification:_identify(nvblox_nav2) by extension 'ros'
[0.288s] DEBUG:colcon.colcon_core.package_identification:Package 'nvblox_nav2' with type 'ros.ament_cmake' and name 'nvblox_nav2'
[0.288s] Level 1:colcon.colcon_core.package_identification:_identify(nvblox_ros) by extensions ['ignore', 'ignore_ament_install']
[0.288s] Level 1:colcon.colcon_core.package_identification:_identify(nvblox_ros) by extension 'ignore'
[0.288s] Level 1:colcon.colcon_core.package_identification:_identify(nvblox_ros) by extension 'ignore_ament_install'
[0.288s] Level 1:colcon.colcon_core.package_identification:_identify(nvblox_ros) by extensions ['colcon_pkg']
[0.288s] Level 1:colcon.colcon_core.package_identification:_identify(nvblox_ros) by extension 'colcon_pkg'
[0.288s] Level 1:colcon.colcon_core.package_identification:_identify(nvblox_ros) by extensions ['colcon_meta']
[0.288s] Level 1:colcon.colcon_core.package_identification:_identify(nvblox_ros) by extension 'colcon_meta'
[0.288s] Level 1:colcon.colcon_core.package_identification:_identify(nvblox_ros) by extensions ['ros']
[0.288s] Level 1:colcon.colcon_core.package_identification:_identify(nvblox_ros) by extension 'ros'
[0.290s] DEBUG:colcon.colcon_core.package_identification:Package 'nvblox_ros' with type 'ros.ament_cmake' and name 'nvblox_ros'
[0.290s] Level 1:colcon.colcon_core.package_identification:_identify(nvblox_ros_common) by extensions ['ignore', 'ignore_ament_install']
[0.290s] Level 1:colcon.colcon_core.package_identification:_identify(nvblox_ros_common) by extension 'ignore'
[0.290s] Level 1:colcon.colcon_core.package_identification:_identify(nvblox_ros_common) by extension 'ignore_ament_install'
[0.290s] Level 1:colcon.colcon_core.package_identification:_identify(nvblox_ros_common) by extensions ['colcon_pkg']
[0.290s] Level 1:colcon.colcon_core.package_identification:_identify(nvblox_ros_common) by extension 'colcon_pkg'
[0.290s] Level 1:colcon.colcon_core.package_identification:_identify(nvblox_ros_common) by extensions ['colcon_meta']
[0.290s] Level 1:colcon.colcon_core.package_identification:_identify(nvblox_ros_common) by extension 'colcon_meta'
[0.290s] Level 1:colcon.colcon_core.package_identification:_identify(nvblox_ros_common) by extensions ['ros']
[0.290s] Level 1:colcon.colcon_core.package_identification:_identify(nvblox_ros_common) by extension 'ros'
[0.290s] DEBUG:colcon.colcon_core.package_identification:Package 'nvblox_ros_common' with type 'ros.ament_cmake' and name 'nvblox_ros_common'
[0.290s] Level 1:colcon.colcon_core.package_identification:_identify(nvblox_ros_python_utils) by extensions ['ignore', 'ignore_ament_install']
[0.290s] Level 1:colcon.colcon_core.package_identification:_identify(nvblox_ros_python_utils) by extension 'ignore'
[0.290s] Level 1:colcon.colcon_core.package_identification:_identify(nvblox_ros_python_utils) by extension 'ignore_ament_install'
[0.290s] Level 1:colcon.colcon_core.package_identification:_identify(nvblox_ros_python_utils) by extensions ['colcon_pkg']
[0.290s] Level 1:colcon.colcon_core.package_identification:_identify(nvblox_ros_python_utils) by extension 'colcon_pkg'
[0.291s] Level 1:colcon.colcon_core.package_identification:_identify(nvblox_ros_python_utils) by extensions ['colcon_meta']
[0.291s] Level 1:colcon.colcon_core.package_identification:_identify(nvblox_ros_python_utils) by extension 'colcon_meta'
[0.291s] Level 1:colcon.colcon_core.package_identification:_identify(nvblox_ros_python_utils) by extensions ['ros']
[0.291s] Level 1:colcon.colcon_core.package_identification:_identify(nvblox_ros_python_utils) by extension 'ros'
[0.291s] DEBUG:colcon.colcon_core.package_identification:Package 'nvblox_ros_python_utils' with type 'ros.ament_python' and name 'nvblox_ros_python_utils'
[0.291s] Level 1:colcon.colcon_core.package_identification:_identify(nvblox_rviz_plugin) by extensions ['ignore', 'ignore_ament_install']
[0.291s] Level 1:colcon.colcon_core.package_identification:_identify(nvblox_rviz_plugin) by extension 'ignore'
[0.291s] Level 1:colcon.colcon_core.package_identification:_identify(nvblox_rviz_plugin) by extension 'ignore_ament_install'
[0.291s] Level 1:colcon.colcon_core.package_identification:_identify(nvblox_rviz_plugin) by extensions ['colcon_pkg']
[0.291s] Level 1:colcon.colcon_core.package_identification:_identify(nvblox_rviz_plugin) by extension 'colcon_pkg'
[0.291s] Level 1:colcon.colcon_core.package_identification:_identify(nvblox_rviz_plugin) by extensions ['colcon_meta']
[0.291s] Level 1:colcon.colcon_core.package_identification:_identify(nvblox_rviz_plugin) by extension 'colcon_meta'
[0.291s] Level 1:colcon.colcon_core.package_identification:_identify(nvblox_rviz_plugin) by extensions ['ros']
[0.291s] Level 1:colcon.colcon_core.package_identification:_identify(nvblox_rviz_plugin) by extension 'ros'
[0.292s] DEBUG:colcon.colcon_core.package_identification:Package 'nvblox_rviz_plugin' with type 'ros.ament_cmake' and name 'nvblox_rviz_plugin'
[0.292s] Level 1:colcon.colcon_core.package_identification:_identify(resources) by extensions ['ignore', 'ignore_ament_install']
[0.292s] Level 1:colcon.colcon_core.package_identification:_identify(resources) by extension 'ignore'
[0.292s] Level 1:colcon.colcon_core.package_identification:_identify(resources) by extension 'ignore_ament_install'
[0.292s] Level 1:colcon.colcon_core.package_identification:_identify(resources) by extensions ['colcon_pkg']
[0.292s] Level 1:colcon.colcon_core.package_identification:_identify(resources) by extension 'colcon_pkg'
[0.292s] Level 1:colcon.colcon_core.package_identification:_identify(resources) by extensions ['colcon_meta']
[0.292s] Level 1:colcon.colcon_core.package_identification:_identify(resources) by extension 'colcon_meta'
[0.292s] Level 1:colcon.colcon_core.package_identification:_identify(resources) by extensions ['ros']
[0.292s] Level 1:colcon.colcon_core.package_identification:_identify(resources) by extension 'ros'
[0.292s] Level 1:colcon.colcon_core.package_identification:_identify(resources) by extensions ['cmake', 'python']
[0.292s] Level 1:colcon.colcon_core.package_identification:_identify(resources) by extension 'cmake'
[0.292s] Level 1:colcon.colcon_core.package_identification:_identify(resources) by extension 'python'
[0.292s] Level 1:colcon.colcon_core.package_identification:_identify(resources) by extensions ['python_setup_py']
[0.292s] Level 1:colcon.colcon_core.package_identification:_identify(resources) by extension 'python_setup_py'
[0.292s] Level 1:colcon.colcon_core.package_discovery:discover_packages(recursive) using defaults
[0.292s] Level 1:colcon.colcon_core.package_discovery:discover_packages(ignore) discover
[0.292s] Level 1:colcon.colcon_core.package_discovery:discover_packages(ignore) using defaults
[0.292s] Level 1:colcon.colcon_core.package_discovery:discover_packages(path) discover
[0.292s] Level 1:colcon.colcon_core.package_discovery:discover_packages(path) using defaults
[0.307s] Level 1:colcon.colcon_core.package_discovery:discover_packages(prefix_path) check parameters
[0.307s] Level 1:colcon.colcon_core.package_discovery:discover_packages(prefix_path) discover
[0.310s] DEBUG:colcon.colcon_installed_package_information.package_discovery:Found 433 installed packages in /opt/ros/humble
[0.312s] Level 1:colcon.colcon_core.package_discovery:discover_packages(prefix_path) using defaults
[0.346s] WARNING:colcon.colcon_core.package_selection:Some selected packages are already built in one or more underlay workspaces:
	'nvblox_nav2' is in: /opt/ros/humble
If a package in a merged underlay workspace is overridden and it installs headers, then all packages in the overlay must sort their include directories by workspace order. Failure to do so may result in build failures or undefined behavior at run time.
If the overridden package is used by another package in any underlay, then the overriding package in the overlay must be API and ABI compatible or undefined behavior at run time may occur.

If you understand the risks and want to override a package anyways, add the following to the command line:
	--allow-overriding nvblox_nav2

This may be promoted to an error in a future release of colcon-override-check.
[0.346s] Level 5:colcon.colcon_core.verb:set package 'nvblox_msgs' build argument 'cmake_args' from command line to 'None'
[0.346s] Level 5:colcon.colcon_core.verb:set package 'nvblox_msgs' build argument 'cmake_target' from command line to 'None'
[0.346s] Level 5:colcon.colcon_core.verb:set package 'nvblox_msgs' build argument 'cmake_target_skip_unavailable' from command line to 'False'
[0.347s] Level 5:colcon.colcon_core.verb:set package 'nvblox_msgs' build argument 'cmake_clean_cache' from command line to 'False'
[0.347s] Level 5:colcon.colcon_core.verb:set package 'nvblox_msgs' build argument 'cmake_clean_first' from command line to 'False'
[0.347s] Level 5:colcon.colcon_core.verb:set package 'nvblox_msgs' build argument 'cmake_force_configure' from command line to 'False'
[0.347s] Level 5:colcon.colcon_core.verb:set package 'nvblox_msgs' build argument 'ament_cmake_args' from command line to 'None'
[0.347s] Level 5:colcon.colcon_core.verb:set package 'nvblox_msgs' build argument 'catkin_cmake_args' from command line to 'None'
[0.347s] Level 5:colcon.colcon_core.verb:set package 'nvblox_msgs' build argument 'catkin_skip_building_tests' from command line to 'False'
[0.347s] DEBUG:colcon.colcon_core.verb:Building package 'nvblox_msgs' with the following arguments: {'ament_cmake_args': None, 'build_base': '/workspaces/isaac_ros-dev/src/isaac_ros_nvblox/build/nvblox_msgs', 'catkin_cmake_args': None, 'catkin_skip_building_tests': False, 'cmake_args': None, 'cmake_clean_cache': False, 'cmake_clean_first': False, 'cmake_force_configure': False, 'cmake_target': None, 'cmake_target_skip_unavailable': False, 'install_base': '/workspaces/isaac_ros-dev/src/isaac_ros_nvblox/install/nvblox_msgs', 'merge_install': False, 'path': '/workspaces/isaac_ros-dev/src/isaac_ros_nvblox/nvblox_msgs', 'symlink_install': True, 'test_result_base': None}
[0.347s] Level 5:colcon.colcon_core.verb:set package 'nvblox_ros_common' build argument 'cmake_args' from command line to 'None'
[0.347s] Level 5:colcon.colcon_core.verb:set package 'nvblox_ros_common' build argument 'cmake_target' from command line to 'None'
[0.347s] Level 5:colcon.colcon_core.verb:set package 'nvblox_ros_common' build argument 'cmake_target_skip_unavailable' from command line to 'False'
[0.347s] Level 5:colcon.colcon_core.verb:set package 'nvblox_ros_common' build argument 'cmake_clean_cache' from command line to 'False'
[0.347s] Level 5:colcon.colcon_core.verb:set package 'nvblox_ros_common' build argument 'cmake_clean_first' from command line to 'False'
[0.347s] Level 5:colcon.colcon_core.verb:set package 'nvblox_ros_common' build argument 'cmake_force_configure' from command line to 'False'
[0.347s] Level 5:colcon.colcon_core.verb:set package 'nvblox_ros_common' build argument 'ament_cmake_args' from command line to 'None'
[0.347s] Level 5:colcon.colcon_core.verb:set package 'nvblox_ros_common' build argument 'catkin_cmake_args' from command line to 'None'
[0.347s] Level 5:colcon.colcon_core.verb:set package 'nvblox_ros_common' build argument 'catkin_skip_building_tests' from command line to 'False'
[0.347s] DEBUG:colcon.colcon_core.verb:Building package 'nvblox_ros_common' with the following arguments: {'ament_cmake_args': None, 'build_base': '/workspaces/isaac_ros-dev/src/isaac_ros_nvblox/build/nvblox_ros_common', 'catkin_cmake_args': None, 'catkin_skip_building_tests': False, 'cmake_args': None, 'cmake_clean_cache': False, 'cmake_clean_first': False, 'cmake_force_configure': False, 'cmake_target': None, 'cmake_target_skip_unavailable': False, 'install_base': '/workspaces/isaac_ros-dev/src/isaac_ros_nvblox/install/nvblox_ros_common', 'merge_install': False, 'path': '/workspaces/isaac_ros-dev/src/isaac_ros_nvblox/nvblox_ros_common', 'symlink_install': True, 'test_result_base': None}
[0.347s] Level 5:colcon.colcon_core.verb:set package 'nvblox_ros_python_utils' build argument 'cmake_args' from command line to 'None'
[0.347s] Level 5:colcon.colcon_core.verb:set package 'nvblox_ros_python_utils' build argument 'cmake_target' from command line to 'None'
[0.347s] Level 5:colcon.colcon_core.verb:set package 'nvblox_ros_python_utils' build argument 'cmake_target_skip_unavailable' from command line to 'False'
[0.347s] Level 5:colcon.colcon_core.verb:set package 'nvblox_ros_python_utils' build argument 'cmake_clean_cache' from command line to 'False'
[0.347s] Level 5:colcon.colcon_core.verb:set package 'nvblox_ros_python_utils' build argument 'cmake_clean_first' from command line to 'False'
[0.347s] Level 5:colcon.colcon_core.verb:set package 'nvblox_ros_python_utils' build argument 'cmake_force_configure' from command line to 'False'
[0.347s] Level 5:colcon.colcon_core.verb:set package 'nvblox_ros_python_utils' build argument 'ament_cmake_args' from command line to 'None'
[0.347s] Level 5:colcon.colcon_core.verb:set package 'nvblox_ros_python_utils' build argument 'catkin_cmake_args' from command line to 'None'
[0.347s] Level 5:colcon.colcon_core.verb:set package 'nvblox_ros_python_utils' build argument 'catkin_skip_building_tests' from command line to 'False'
[0.347s] DEBUG:colcon.colcon_core.verb:Building package 'nvblox_ros_python_utils' with the following arguments: {'ament_cmake_args': None, 'build_base': '/workspaces/isaac_ros-dev/src/isaac_ros_nvblox/build/nvblox_ros_python_utils', 'catkin_cmake_args': None, 'catkin_skip_building_tests': False, 'cmake_args': None, 'cmake_clean_cache': False, 'cmake_clean_first': False, 'cmake_force_configure': False, 'cmake_target': None, 'cmake_target_skip_unavailable': False, 'install_base': '/workspaces/isaac_ros-dev/src/isaac_ros_nvblox/install/nvblox_ros_python_utils', 'merge_install': False, 'path': '/workspaces/isaac_ros-dev/src/isaac_ros_nvblox/nvblox_ros_python_utils', 'symlink_install': True, 'test_result_base': None}
[0.348s] Level 5:colcon.colcon_core.verb:set package 'nvblox_image_padding' build argument 'cmake_args' from command line to 'None'
[0.348s] Level 5:colcon.colcon_core.verb:set package 'nvblox_image_padding' build argument 'cmake_target' from command line to 'None'
[0.348s] Level 5:colcon.colcon_core.verb:set package 'nvblox_image_padding' build argument 'cmake_target_skip_unavailable' from command line to 'False'
[0.348s] Level 5:colcon.colcon_core.verb:set package 'nvblox_image_padding' build argument 'cmake_clean_cache' from command line to 'False'
[0.348s] Level 5:colcon.colcon_core.verb:set package 'nvblox_image_padding' build argument 'cmake_clean_first' from command line to 'False'
[0.348s] Level 5:colcon.colcon_core.verb:set package 'nvblox_image_padding' build argument 'cmake_force_configure' from command line to 'False'
[0.348s] Level 5:colcon.colcon_core.verb:set package 'nvblox_image_padding' build argument 'ament_cmake_args' from command line to 'None'
[0.348s] Level 5:colcon.colcon_core.verb:set package 'nvblox_image_padding' build argument 'catkin_cmake_args' from command line to 'None'
[0.348s] Level 5:colcon.colcon_core.verb:set package 'nvblox_image_padding' build argument 'catkin_skip_building_tests' from command line to 'False'
[0.348s] DEBUG:colcon.colcon_core.verb:Building package 'nvblox_image_padding' with the following arguments: {'ament_cmake_args': None, 'build_base': '/workspaces/isaac_ros-dev/src/isaac_ros_nvblox/build/nvblox_image_padding', 'catkin_cmake_args': None, 'catkin_skip_building_tests': False, 'cmake_args': None, 'cmake_clean_cache': False, 'cmake_clean_first': False, 'cmake_force_configure': False, 'cmake_target': None, 'cmake_target_skip_unavailable': False, 'install_base': '/workspaces/isaac_ros-dev/src/isaac_ros_nvblox/install/nvblox_image_padding', 'merge_install': False, 'path': '/workspaces/isaac_ros-dev/src/isaac_ros_nvblox/nvblox_examples/nvblox_image_padding', 'symlink_install': True, 'test_result_base': None}
[0.348s] Level 5:colcon.colcon_core.verb:set package 'nvblox_nav2' build argument 'cmake_args' from command line to 'None'
[0.348s] Level 5:colcon.colcon_core.verb:set package 'nvblox_nav2' build argument 'cmake_target' from command line to 'None'
[0.348s] Level 5:colcon.colcon_core.verb:set package 'nvblox_nav2' build argument 'cmake_target_skip_unavailable' from command line to 'False'
[0.348s] Level 5:colcon.colcon_core.verb:set package 'nvblox_nav2' build argument 'cmake_clean_cache' from command line to 'False'
[0.348s] Level 5:colcon.colcon_core.verb:set package 'nvblox_nav2' build argument 'cmake_clean_first' from command line to 'False'
[0.348s] Level 5:colcon.colcon_core.verb:set package 'nvblox_nav2' build argument 'cmake_force_configure' from command line to 'False'
[0.348s] Level 5:colcon.colcon_core.verb:set package 'nvblox_nav2' build argument 'ament_cmake_args' from command line to 'None'
[0.348s] Level 5:colcon.colcon_core.verb:set package 'nvblox_nav2' build argument 'catkin_cmake_args' from command line to 'None'
[0.348s] Level 5:colcon.colcon_core.verb:set package 'nvblox_nav2' build argument 'catkin_skip_building_tests' from command line to 'False'
[0.348s] DEBUG:colcon.colcon_core.verb:Building package 'nvblox_nav2' with the following arguments: {'ament_cmake_args': None, 'build_base': '/workspaces/isaac_ros-dev/src/isaac_ros_nvblox/build/nvblox_nav2', 'catkin_cmake_args': None, 'catkin_skip_building_tests': False, 'cmake_args': None, 'cmake_clean_cache': False, 'cmake_clean_first': False, 'cmake_force_configure': False, 'cmake_target': None, 'cmake_target_skip_unavailable': False, 'install_base': '/workspaces/isaac_ros-dev/src/isaac_ros_nvblox/install/nvblox_nav2', 'merge_install': False, 'path': '/workspaces/isaac_ros-dev/src/isaac_ros_nvblox/nvblox_nav2', 'symlink_install': True, 'test_result_base': None}
[0.348s] Level 5:colcon.colcon_core.verb:set package 'nvblox_rviz_plugin' build argument 'cmake_args' from command line to 'None'
[0.348s] Level 5:colcon.colcon_core.verb:set package 'nvblox_rviz_plugin' build argument 'cmake_target' from command line to 'None'
[0.348s] Level 5:colcon.colcon_core.verb:set package 'nvblox_rviz_plugin' build argument 'cmake_target_skip_unavailable' from command line to 'False'
[0.348s] Level 5:colcon.colcon_core.verb:set package 'nvblox_rviz_plugin' build argument 'cmake_clean_cache' from command line to 'False'
[0.348s] Level 5:colcon.colcon_core.verb:set package 'nvblox_rviz_plugin' build argument 'cmake_clean_first' from command line to 'False'
[0.348s] Level 5:colcon.colcon_core.verb:set package 'nvblox_rviz_plugin' build argument 'cmake_force_configure' from command line to 'False'
[0.348s] Level 5:colcon.colcon_core.verb:set package 'nvblox_rviz_plugin' build argument 'ament_cmake_args' from command line to 'None'
[0.348s] Level 5:colcon.colcon_core.verb:set package 'nvblox_rviz_plugin' build argument 'catkin_cmake_args' from command line to 'None'
[0.348s] Level 5:colcon.colcon_core.verb:set package 'nvblox_rviz_plugin' build argument 'catkin_skip_building_tests' from command line to 'False'
[0.348s] DEBUG:colcon.colcon_core.verb:Building package 'nvblox_rviz_plugin' with the following arguments: {'ament_cmake_args': None, 'build_base': '/workspaces/isaac_ros-dev/src/isaac_ros_nvblox/build/nvblox_rviz_plugin', 'catkin_cmake_args': None, 'catkin_skip_building_tests': False, 'cmake_args': None, 'cmake_clean_cache': False, 'cmake_clean_first': False, 'cmake_force_configure': False, 'cmake_target': None, 'cmake_target_skip_unavailable': False, 'install_base': '/workspaces/isaac_ros-dev/src/isaac_ros_nvblox/install/nvblox_rviz_plugin', 'merge_install': False, 'path': '/workspaces/isaac_ros-dev/src/isaac_ros_nvblox/nvblox_rviz_plugin', 'symlink_install': True, 'test_result_base': None}
[0.349s] Level 5:colcon.colcon_core.verb:set package 'semantic_label_conversion' build argument 'cmake_args' from command line to 'None'
[0.349s] Level 5:colcon.colcon_core.verb:set package 'semantic_label_conversion' build argument 'cmake_target' from command line to 'None'
[0.349s] Level 5:colcon.colcon_core.verb:set package 'semantic_label_conversion' build argument 'cmake_target_skip_unavailable' from command line to 'False'
[0.349s] Level 5:colcon.colcon_core.verb:set package 'semantic_label_conversion' build argument 'cmake_clean_cache' from command line to 'False'
[0.349s] Level 5:colcon.colcon_core.verb:set package 'semantic_label_conversion' build argument 'cmake_clean_first' from command line to 'False'
[0.349s] Level 5:colcon.colcon_core.verb:set package 'semantic_label_conversion' build argument 'cmake_force_configure' from command line to 'False'
[0.349s] Level 5:colcon.colcon_core.verb:set package 'semantic_label_conversion' build argument 'ament_cmake_args' from command line to 'None'
[0.349s] Level 5:colcon.colcon_core.verb:set package 'semantic_label_conversion' build argument 'catkin_cmake_args' from command line to 'None'
[0.349s] Level 5:colcon.colcon_core.verb:set package 'semantic_label_conversion' build argument 'catkin_skip_building_tests' from command line to 'False'
[0.349s] DEBUG:colcon.colcon_core.verb:Building package 'semantic_label_conversion' with the following arguments: {'ament_cmake_args': None, 'build_base': '/workspaces/isaac_ros-dev/src/isaac_ros_nvblox/build/semantic_label_conversion', 'catkin_cmake_args': None, 'catkin_skip_building_tests': False, 'cmake_args': None, 'cmake_clean_cache': False, 'cmake_clean_first': False, 'cmake_force_configure': False, 'cmake_target': None, 'cmake_target_skip_unavailable': False, 'install_base': '/workspaces/isaac_ros-dev/src/isaac_ros_nvblox/install/semantic_label_conversion', 'merge_install': False, 'path': '/workspaces/isaac_ros-dev/src/isaac_ros_nvblox/nvblox_examples/semantic_label_conversion', 'symlink_install': True, 'test_result_base': None}
[0.349s] Level 5:colcon.colcon_core.verb:set package 'nvblox_ros' build argument 'cmake_args' from command line to 'None'
[0.349s] Level 5:colcon.colcon_core.verb:set package 'nvblox_ros' build argument 'cmake_target' from command line to 'None'
[0.349s] Level 5:colcon.colcon_core.verb:set package 'nvblox_ros' build argument 'cmake_target_skip_unavailable' from command line to 'False'
[0.349s] Level 5:colcon.colcon_core.verb:set package 'nvblox_ros' build argument 'cmake_clean_cache' from command line to 'False'
[0.349s] Level 5:colcon.colcon_core.verb:set package 'nvblox_ros' build argument 'cmake_clean_first' from command line to 'False'
[0.349s] Level 5:colcon.colcon_core.verb:set package 'nvblox_ros' build argument 'cmake_force_configure' from command line to 'False'
[0.349s] Level 5:colcon.colcon_core.verb:set package 'nvblox_ros' build argument 'ament_cmake_args' from command line to 'None'
[0.349s] Level 5:colcon.colcon_core.verb:set package 'nvblox_ros' build argument 'catkin_cmake_args' from command line to 'None'
[0.349s] Level 5:colcon.colcon_core.verb:set package 'nvblox_ros' build argument 'catkin_skip_building_tests' from command line to 'False'
[0.349s] DEBUG:colcon.colcon_core.verb:Building package 'nvblox_ros' with the following arguments: {'ament_cmake_args': None, 'build_base': '/workspaces/isaac_ros-dev/src/isaac_ros_nvblox/build/nvblox_ros', 'catkin_cmake_args': None, 'catkin_skip_building_tests': False, 'cmake_args': None, 'cmake_clean_cache': False, 'cmake_clean_first': False, 'cmake_force_configure': False, 'cmake_target': None, 'cmake_target_skip_unavailable': False, 'install_base': '/workspaces/isaac_ros-dev/src/isaac_ros_nvblox/install/nvblox_ros', 'merge_install': False, 'path': '/workspaces/isaac_ros-dev/src/isaac_ros_nvblox/nvblox_ros', 'symlink_install': True, 'test_result_base': None}
[0.349s] Level 5:colcon.colcon_core.verb:set package 'nvblox_examples_bringup' build argument 'cmake_args' from command line to 'None'
[0.349s] Level 5:colcon.colcon_core.verb:set package 'nvblox_examples_bringup' build argument 'cmake_target' from command line to 'None'
[0.349s] Level 5:colcon.colcon_core.verb:set package 'nvblox_examples_bringup' build argument 'cmake_target_skip_unavailable' from command line to 'False'
[0.349s] Level 5:colcon.colcon_core.verb:set package 'nvblox_examples_bringup' build argument 'cmake_clean_cache' from command line to 'False'
[0.349s] Level 5:colcon.colcon_core.verb:set package 'nvblox_examples_bringup' build argument 'cmake_clean_first' from command line to 'False'
[0.349s] Level 5:colcon.colcon_core.verb:set package 'nvblox_examples_bringup' build argument 'cmake_force_configure' from command line to 'False'
[0.349s] Level 5:colcon.colcon_core.verb:set package 'nvblox_examples_bringup' build argument 'ament_cmake_args' from command line to 'None'
[0.349s] Level 5:colcon.colcon_core.verb:set package 'nvblox_examples_bringup' build argument 'catkin_cmake_args' from command line to 'None'
[0.349s] Level 5:colcon.colcon_core.verb:set package 'nvblox_examples_bringup' build argument 'catkin_skip_building_tests' from command line to 'False'
[0.349s] DEBUG:colcon.colcon_core.verb:Building package 'nvblox_examples_bringup' with the following arguments: {'ament_cmake_args': None, 'build_base': '/workspaces/isaac_ros-dev/src/isaac_ros_nvblox/build/nvblox_examples_bringup', 'catkin_cmake_args': None, 'catkin_skip_building_tests': False, 'cmake_args': None, 'cmake_clean_cache': False, 'cmake_clean_first': False, 'cmake_force_configure': False, 'cmake_target': None, 'cmake_target_skip_unavailable': False, 'install_base': '/workspaces/isaac_ros-dev/src/isaac_ros_nvblox/install/nvblox_examples_bringup', 'merge_install': False, 'path': '/workspaces/isaac_ros-dev/src/isaac_ros_nvblox/nvblox_examples/nvblox_examples_bringup', 'symlink_install': True, 'test_result_base': None}
[0.350s] Level 5:colcon.colcon_core.verb:set package 'isaac_ros_nvblox' build argument 'cmake_args' from command line to 'None'
[0.350s] Level 5:colcon.colcon_core.verb:set package 'isaac_ros_nvblox' build argument 'cmake_target' from command line to 'None'
[0.350s] Level 5:colcon.colcon_core.verb:set package 'isaac_ros_nvblox' build argument 'cmake_target_skip_unavailable' from command line to 'False'
[0.350s] Level 5:colcon.colcon_core.verb:set package 'isaac_ros_nvblox' build argument 'cmake_clean_cache' from command line to 'False'
[0.350s] Level 5:colcon.colcon_core.verb:set package 'isaac_ros_nvblox' build argument 'cmake_clean_first' from command line to 'False'
[0.350s] Level 5:colcon.colcon_core.verb:set package 'isaac_ros_nvblox' build argument 'cmake_force_configure' from command line to 'False'
[0.350s] Level 5:colcon.colcon_core.verb:set package 'isaac_ros_nvblox' build argument 'ament_cmake_args' from command line to 'None'
[0.350s] Level 5:colcon.colcon_core.verb:set package 'isaac_ros_nvblox' build argument 'catkin_cmake_args' from command line to 'None'
[0.350s] Level 5:colcon.colcon_core.verb:set package 'isaac_ros_nvblox' build argument 'catkin_skip_building_tests' from command line to 'False'
[0.350s] DEBUG:colcon.colcon_core.verb:Building package 'isaac_ros_nvblox' with the following arguments: {'ament_cmake_args': None, 'build_base': '/workspaces/isaac_ros-dev/src/isaac_ros_nvblox/build/isaac_ros_nvblox', 'catkin_cmake_args': None, 'catkin_skip_building_tests': False, 'cmake_args': None, 'cmake_clean_cache': False, 'cmake_clean_first': False, 'cmake_force_configure': False, 'cmake_target': None, 'cmake_target_skip_unavailable': False, 'install_base': '/workspaces/isaac_ros-dev/src/isaac_ros_nvblox/install/isaac_ros_nvblox', 'merge_install': False, 'path': '/workspaces/isaac_ros-dev/src/isaac_ros_nvblox/isaac_ros_nvblox', 'symlink_install': True, 'test_result_base': None}
[0.350s] INFO:colcon.colcon_core.executor:Executing jobs using 'parallel' executor
[0.351s] DEBUG:colcon.colcon_parallel_executor.executor.parallel:run_until_complete
[0.351s] INFO:colcon.colcon_ros.task.ament_cmake.build:Building ROS package in '/workspaces/isaac_ros-dev/src/isaac_ros_nvblox/nvblox_msgs' with build type 'ament_cmake'
[0.352s] INFO:colcon.colcon_cmake.task.cmake.build:Building CMake package in '/workspaces/isaac_ros-dev/src/isaac_ros_nvblox/nvblox_msgs'
[0.353s] INFO:colcon.colcon_core.plugin_system:Skipping extension 'colcon_core.shell.bat': Not used on non-Windows systems
[0.353s] INFO:colcon.colcon_core.shell:Skip shell extension 'powershell' for command environment: Not usable outside of PowerShell
[0.353s] DEBUG:colcon.colcon_core.shell:Skip shell extension 'dsv' for command environment
[0.357s] INFO:colcon.colcon_ros.task.ament_cmake.build:Building ROS package in '/workspaces/isaac_ros-dev/src/isaac_ros_nvblox/nvblox_ros_common' with build type 'ament_cmake'
[0.357s] INFO:colcon.colcon_cmake.task.cmake.build:Building CMake package in '/workspaces/isaac_ros-dev/src/isaac_ros_nvblox/nvblox_ros_common'
[0.357s] INFO:colcon.colcon_core.shell:Skip shell extension 'powershell' for command environment: Not usable outside of PowerShell
[0.357s] DEBUG:colcon.colcon_core.shell:Skip shell extension 'dsv' for command environment
[0.360s] INFO:colcon.colcon_ros.task.ament_python.build:Building ROS package in '/workspaces/isaac_ros-dev/src/isaac_ros_nvblox/nvblox_ros_python_utils' with build type 'ament_python'
[0.361s] Level 1:colcon.colcon_core.shell:create_environment_hook('nvblox_ros_python_utils', 'ament_prefix_path')
[0.361s] INFO:colcon.colcon_core.shell:Creating environment hook '/workspaces/isaac_ros-dev/src/isaac_ros_nvblox/install/nvblox_ros_python_utils/share/nvblox_ros_python_utils/hook/ament_prefix_path.ps1'
[0.362s] INFO:colcon.colcon_core.shell:Creating environment descriptor '/workspaces/isaac_ros-dev/src/isaac_ros_nvblox/install/nvblox_ros_python_utils/share/nvblox_ros_python_utils/hook/ament_prefix_path.dsv'
[0.362s] INFO:colcon.colcon_core.shell:Creating environment hook '/workspaces/isaac_ros-dev/src/isaac_ros_nvblox/install/nvblox_ros_python_utils/share/nvblox_ros_python_utils/hook/ament_prefix_path.sh'
[0.362s] INFO:colcon.colcon_core.shell:Skip shell extension 'powershell' for command environment: Not usable outside of PowerShell
[0.363s] DEBUG:colcon.colcon_core.shell:Skip shell extension 'dsv' for command environment
[0.373s] DEBUG:colcon.colcon_core.event_handler.log_command:Invoking command in '/workspaces/isaac_ros-dev/src/isaac_ros_nvblox/build/nvblox_msgs': CMAKE_PREFIX_PATH=/opt/ros/humble _=/usr/bin/env /usr/bin/cmake --build /workspaces/isaac_ros-dev/src/isaac_ros_nvblox/build/nvblox_msgs -- -j48 -l48
[0.379s] DEBUG:colcon.colcon_core.event_handler.log_command:Invoking command in '/workspaces/isaac_ros-dev/src/isaac_ros_nvblox/build/nvblox_ros_common': CMAKE_PREFIX_PATH=/opt/ros/humble _=/usr/bin/env /usr/bin/cmake --build /workspaces/isaac_ros-dev/src/isaac_ros_nvblox/build/nvblox_ros_common -- -j48 -l48
[0.650s] INFO:colcon.colcon_core.task.python.build:Building Python package in '/workspaces/isaac_ros-dev/src/isaac_ros_nvblox/nvblox_ros_python_utils'
[0.651s] INFO:colcon.colcon_core.shell:Skip shell extension 'powershell' for command environment: Not usable outside of PowerShell
[0.651s] DEBUG:colcon.colcon_core.shell:Skip shell extension 'dsv' for command environment
[0.657s] DEBUG:colcon.colcon_core.event_handler.log_command:Invoked command in '/workspaces/isaac_ros-dev/src/isaac_ros_nvblox/build/nvblox_ros_common' returned '0': CMAKE_PREFIX_PATH=/opt/ros/humble _=/usr/bin/env /usr/bin/cmake --build /workspaces/isaac_ros-dev/src/isaac_ros_nvblox/build/nvblox_ros_common -- -j48 -l48
[0.834s] DEBUG:colcon.colcon_core.event_handler.log_command:Invoking command in '/workspaces/isaac_ros-dev/src/isaac_ros_nvblox/build/nvblox_ros_common': CMAKE_PREFIX_PATH=/opt/ros/humble _=/usr/bin/env /usr/bin/cmake --install /workspaces/isaac_ros-dev/src/isaac_ros_nvblox/build/nvblox_ros_common
[0.855s] Level 1:colcon.colcon_core.environment:create_environment_scripts_only(nvblox_ros_common)
[0.856s] DEBUG:colcon.colcon_core.event_handler.log_command:Invoked command in '/workspaces/isaac_ros-dev/src/isaac_ros_nvblox/build/nvblox_ros_common' returned '0': CMAKE_PREFIX_PATH=/opt/ros/humble _=/usr/bin/env /usr/bin/cmake --install /workspaces/isaac_ros-dev/src/isaac_ros_nvblox/build/nvblox_ros_common
[0.857s] Level 1:colcon.colcon_core.environment:checking '/workspaces/isaac_ros-dev/src/isaac_ros_nvblox/install/nvblox_ros_common' for CMake module files
[0.858s] Level 1:colcon.colcon_core.environment:checking '/workspaces/isaac_ros-dev/src/isaac_ros_nvblox/install/nvblox_ros_common' for CMake config files
[0.858s] Level 1:colcon.colcon_core.shell:create_environment_hook('nvblox_ros_common', 'cmake_prefix_path')
[0.858s] INFO:colcon.colcon_core.shell:Creating environment hook '/workspaces/isaac_ros-dev/src/isaac_ros_nvblox/install/nvblox_ros_common/share/nvblox_ros_common/hook/cmake_prefix_path.ps1'
[0.859s] INFO:colcon.colcon_core.shell:Creating environment descriptor '/workspaces/isaac_ros-dev/src/isaac_ros_nvblox/install/nvblox_ros_common/share/nvblox_ros_common/hook/cmake_prefix_path.dsv'
[0.859s] INFO:colcon.colcon_core.shell:Creating environment hook '/workspaces/isaac_ros-dev/src/isaac_ros_nvblox/install/nvblox_ros_common/share/nvblox_ros_common/hook/cmake_prefix_path.sh'
[0.859s] Level 1:colcon.colcon_core.environment:checking '/workspaces/isaac_ros-dev/src/isaac_ros_nvblox/install/nvblox_ros_common/lib'
[0.860s] Level 1:colcon.colcon_core.shell:create_environment_hook('nvblox_ros_common', 'ld_library_path_lib')
[0.860s] INFO:colcon.colcon_core.shell:Creating environment hook '/workspaces/isaac_ros-dev/src/isaac_ros_nvblox/install/nvblox_ros_common/share/nvblox_ros_common/hook/ld_library_path_lib.ps1'
[0.860s] INFO:colcon.colcon_core.shell:Creating environment descriptor '/workspaces/isaac_ros-dev/src/isaac_ros_nvblox/install/nvblox_ros_common/share/nvblox_ros_common/hook/ld_library_path_lib.dsv'
[0.860s] INFO:colcon.colcon_core.shell:Creating environment hook '/workspaces/isaac_ros-dev/src/isaac_ros_nvblox/install/nvblox_ros_common/share/nvblox_ros_common/hook/ld_library_path_lib.sh'
[0.860s] Level 1:colcon.colcon_core.environment:checking '/workspaces/isaac_ros-dev/src/isaac_ros_nvblox/install/nvblox_ros_common/bin'
[0.860s] Level 1:colcon.colcon_core.environment:checking '/workspaces/isaac_ros-dev/src/isaac_ros_nvblox/install/nvblox_ros_common/lib/pkgconfig/nvblox_ros_common.pc'
[0.861s] Level 1:colcon.colcon_core.environment:checking '/workspaces/isaac_ros-dev/src/isaac_ros_nvblox/install/nvblox_ros_common/lib/python3.10/site-packages'
[0.861s] Level 1:colcon.colcon_core.environment:checking '/workspaces/isaac_ros-dev/src/isaac_ros_nvblox/install/nvblox_ros_common/bin'
[0.861s] INFO:colcon.colcon_core.shell:Creating package script '/workspaces/isaac_ros-dev/src/isaac_ros_nvblox/install/nvblox_ros_common/share/nvblox_ros_common/package.ps1'
[0.862s] INFO:colcon.colcon_core.shell:Creating package descriptor '/workspaces/isaac_ros-dev/src/isaac_ros_nvblox/install/nvblox_ros_common/share/nvblox_ros_common/package.dsv'
[0.862s] INFO:colcon.colcon_core.shell:Creating package script '/workspaces/isaac_ros-dev/src/isaac_ros_nvblox/install/nvblox_ros_common/share/nvblox_ros_common/package.sh'
[0.863s] INFO:colcon.colcon_core.shell:Creating package script '/workspaces/isaac_ros-dev/src/isaac_ros_nvblox/install/nvblox_ros_common/share/nvblox_ros_common/package.bash'
[0.863s] INFO:colcon.colcon_core.shell:Creating package script '/workspaces/isaac_ros-dev/src/isaac_ros_nvblox/install/nvblox_ros_common/share/nvblox_ros_common/package.zsh'
[0.863s] Level 1:colcon.colcon_core.environment:create_file_with_runtime_dependencies(/workspaces/isaac_ros-dev/src/isaac_ros_nvblox/install/nvblox_ros_common/share/colcon-core/packages/nvblox_ros_common)
[1.032s] Level 1:colcon.colcon_core.environment:create_environment_scripts_only(nvblox_ros_common)
[1.033s] Level 1:colcon.colcon_core.environment:checking '/workspaces/isaac_ros-dev/src/isaac_ros_nvblox/install/nvblox_ros_common' for CMake module files
[1.033s] Level 1:colcon.colcon_core.environment:checking '/workspaces/isaac_ros-dev/src/isaac_ros_nvblox/install/nvblox_ros_common' for CMake config files
[1.034s] Level 1:colcon.colcon_core.shell:create_environment_hook('nvblox_ros_common', 'cmake_prefix_path')
[1.034s] INFO:colcon.colcon_core.shell:Creating environment hook '/workspaces/isaac_ros-dev/src/isaac_ros_nvblox/install/nvblox_ros_common/share/nvblox_ros_common/hook/cmake_prefix_path.ps1'
[1.034s] INFO:colcon.colcon_core.shell:Creating environment descriptor '/workspaces/isaac_ros-dev/src/isaac_ros_nvblox/install/nvblox_ros_common/share/nvblox_ros_common/hook/cmake_prefix_path.dsv'
[1.034s] INFO:colcon.colcon_core.shell:Creating environment hook '/workspaces/isaac_ros-dev/src/isaac_ros_nvblox/install/nvblox_ros_common/share/nvblox_ros_common/hook/cmake_prefix_path.sh'
[1.035s] Level 1:colcon.colcon_core.environment:checking '/workspaces/isaac_ros-dev/src/isaac_ros_nvblox/install/nvblox_ros_common/lib'
[1.035s] Level 1:colcon.colcon_core.shell:create_environment_hook('nvblox_ros_common', 'ld_library_path_lib')
[1.035s] INFO:colcon.colcon_core.shell:Creating environment hook '/workspaces/isaac_ros-dev/src/isaac_ros_nvblox/install/nvblox_ros_common/share/nvblox_ros_common/hook/ld_library_path_lib.ps1'
[1.035s] INFO:colcon.colcon_core.shell:Creating environment descriptor '/workspaces/isaac_ros-dev/src/isaac_ros_nvblox/install/nvblox_ros_common/share/nvblox_ros_common/hook/ld_library_path_lib.dsv'
[1.036s] INFO:colcon.colcon_core.shell:Creating environment hook '/workspaces/isaac_ros-dev/src/isaac_ros_nvblox/install/nvblox_ros_common/share/nvblox_ros_common/hook/ld_library_path_lib.sh'
[1.036s] Level 1:colcon.colcon_core.environment:checking '/workspaces/isaac_ros-dev/src/isaac_ros_nvblox/install/nvblox_ros_common/bin'
[1.036s] Level 1:colcon.colcon_core.environment:checking '/workspaces/isaac_ros-dev/src/isaac_ros_nvblox/install/nvblox_ros_common/lib/pkgconfig/nvblox_ros_common.pc'
[1.036s] Level 1:colcon.colcon_core.environment:checking '/workspaces/isaac_ros-dev/src/isaac_ros_nvblox/install/nvblox_ros_common/lib/python3.10/site-packages'
[1.036s] Level 1:colcon.colcon_core.environment:checking '/workspaces/isaac_ros-dev/src/isaac_ros_nvblox/install/nvblox_ros_common/bin'
[1.036s] INFO:colcon.colcon_core.shell:Creating package script '/workspaces/isaac_ros-dev/src/isaac_ros_nvblox/install/nvblox_ros_common/share/nvblox_ros_common/package.ps1'
[1.037s] INFO:colcon.colcon_core.shell:Creating package descriptor '/workspaces/isaac_ros-dev/src/isaac_ros_nvblox/install/nvblox_ros_common/share/nvblox_ros_common/package.dsv'
[1.037s] INFO:colcon.colcon_core.shell:Creating package script '/workspaces/isaac_ros-dev/src/isaac_ros_nvblox/install/nvblox_ros_common/share/nvblox_ros_common/package.sh'
[1.038s] INFO:colcon.colcon_core.shell:Creating package script '/workspaces/isaac_ros-dev/src/isaac_ros_nvblox/install/nvblox_ros_common/share/nvblox_ros_common/package.bash'
[1.038s] INFO:colcon.colcon_core.shell:Creating package script '/workspaces/isaac_ros-dev/src/isaac_ros_nvblox/install/nvblox_ros_common/share/nvblox_ros_common/package.zsh'
[1.038s] Level 1:colcon.colcon_core.environment:create_file_with_runtime_dependencies(/workspaces/isaac_ros-dev/src/isaac_ros_nvblox/install/nvblox_ros_common/share/colcon-core/packages/nvblox_ros_common)
[1.038s] INFO:colcon.colcon_ros.task.ament_cmake.build:Building ROS package in '/workspaces/isaac_ros-dev/src/isaac_ros_nvblox/nvblox_examples/nvblox_image_padding' with build type 'ament_cmake'
[1.039s] INFO:colcon.colcon_cmake.task.cmake.build:Building CMake package in '/workspaces/isaac_ros-dev/src/isaac_ros_nvblox/nvblox_examples/nvblox_image_padding'
[1.039s] INFO:colcon.colcon_core.shell:Skip shell extension 'powershell' for command environment: Not usable outside of PowerShell
[1.039s] DEBUG:colcon.colcon_core.shell:Skip shell extension 'dsv' for command environment
[1.061s] DEBUG:colcon.colcon_core.event_handler.log_command:Invoking command in '/workspaces/isaac_ros-dev/src/isaac_ros_nvblox/build/nvblox_image_padding': AMENT_PREFIX_PATH=/workspaces/isaac_ros-dev/src/isaac_ros_nvblox/install/nvblox_ros_common:${AMENT_PREFIX_PATH} CMAKE_PREFIX_PATH=/workspaces/isaac_ros-dev/src/isaac_ros_nvblox/install/nvblox_ros_common:/opt/ros/humble LD_LIBRARY_PATH=/workspaces/isaac_ros-dev/src/isaac_ros_nvblox/install/nvblox_ros_common/lib:${LD_LIBRARY_PATH} _=/usr/bin/env /usr/bin/cmake --build /workspaces/isaac_ros-dev/src/isaac_ros_nvblox/build/nvblox_image_padding -- -j48 -l48
[1.174s] DEBUG:colcon.colcon_core.event_handler.log_command:Invoking command in '/workspaces/isaac_ros-dev/src/isaac_ros_nvblox/build/nvblox_ros_python_utils': PYTHONPATH=/workspaces/isaac_ros-dev/src/isaac_ros_nvblox/build/nvblox_ros_python_utils/prefix_override:/usr/lib/python3/dist-packages/colcon_core/task/python/colcon_distutils_commands:/workspaces/isaac_ros-dev/src/isaac_ros_nvblox/install/nvblox_ros_python_utils/lib/python3.10/site-packages:${PYTHONPATH} _=/usr/bin/env /usr/bin/python3 -W ignore:setup.py install is deprecated setup.py develop --editable --build-directory /workspaces/isaac_ros-dev/src/isaac_ros_nvblox/build/nvblox_ros_python_utils/build --no-deps symlink_data
[1.195s] DEBUG:colcon.colcon_core.event_handler.log_command:Invoked command in '/workspaces/isaac_ros-dev/src/isaac_ros_nvblox/build/nvblox_image_padding' returned '0': AMENT_PREFIX_PATH=/workspaces/isaac_ros-dev/src/isaac_ros_nvblox/install/nvblox_ros_common:${AMENT_PREFIX_PATH} CMAKE_PREFIX_PATH=/workspaces/isaac_ros-dev/src/isaac_ros_nvblox/install/nvblox_ros_common:/opt/ros/humble LD_LIBRARY_PATH=/workspaces/isaac_ros-dev/src/isaac_ros_nvblox/install/nvblox_ros_common/lib:${LD_LIBRARY_PATH} _=/usr/bin/env /usr/bin/cmake --build /workspaces/isaac_ros-dev/src/isaac_ros_nvblox/build/nvblox_image_padding -- -j48 -l48
[1.401s] DEBUG:colcon.colcon_core.event_handler.log_command:Invoking command in '/workspaces/isaac_ros-dev/src/isaac_ros_nvblox/build/nvblox_image_padding': AMENT_PREFIX_PATH=/workspaces/isaac_ros-dev/src/isaac_ros_nvblox/install/nvblox_ros_common:${AMENT_PREFIX_PATH} CMAKE_PREFIX_PATH=/workspaces/isaac_ros-dev/src/isaac_ros_nvblox/install/nvblox_ros_common:/opt/ros/humble LD_LIBRARY_PATH=/workspaces/isaac_ros-dev/src/isaac_ros_nvblox/install/nvblox_ros_common/lib:${LD_LIBRARY_PATH} _=/usr/bin/env /usr/bin/cmake --install /workspaces/isaac_ros-dev/src/isaac_ros_nvblox/build/nvblox_image_padding
[1.425s] Level 1:colcon.colcon_core.environment:create_environment_scripts_only(nvblox_image_padding)
[1.425s] DEBUG:colcon.colcon_core.event_handler.log_command:Invoked command in '/workspaces/isaac_ros-dev/src/isaac_ros_nvblox/build/nvblox_image_padding' returned '0': AMENT_PREFIX_PATH=/workspaces/isaac_ros-dev/src/isaac_ros_nvblox/install/nvblox_ros_common:${AMENT_PREFIX_PATH} CMAKE_PREFIX_PATH=/workspaces/isaac_ros-dev/src/isaac_ros_nvblox/install/nvblox_ros_common:/opt/ros/humble LD_LIBRARY_PATH=/workspaces/isaac_ros-dev/src/isaac_ros_nvblox/install/nvblox_ros_common/lib:${LD_LIBRARY_PATH} _=/usr/bin/env /usr/bin/cmake --install /workspaces/isaac_ros-dev/src/isaac_ros_nvblox/build/nvblox_image_padding
[1.426s] Level 1:colcon.colcon_core.environment:checking '/workspaces/isaac_ros-dev/src/isaac_ros_nvblox/install/nvblox_image_padding' for CMake module files
[1.427s] Level 1:colcon.colcon_core.environment:checking '/workspaces/isaac_ros-dev/src/isaac_ros_nvblox/install/nvblox_image_padding' for CMake config files
[1.427s] Level 1:colcon.colcon_core.shell:create_environment_hook('nvblox_image_padding', 'cmake_prefix_path')
[1.428s] INFO:colcon.colcon_core.shell:Creating environment hook '/workspaces/isaac_ros-dev/src/isaac_ros_nvblox/install/nvblox_image_padding/share/nvblox_image_padding/hook/cmake_prefix_path.ps1'
[1.429s] INFO:colcon.colcon_core.shell:Creating environment descriptor '/workspaces/isaac_ros-dev/src/isaac_ros_nvblox/install/nvblox_image_padding/share/nvblox_image_padding/hook/cmake_prefix_path.dsv'
[1.429s] INFO:colcon.colcon_core.shell:Creating environment hook '/workspaces/isaac_ros-dev/src/isaac_ros_nvblox/install/nvblox_image_padding/share/nvblox_image_padding/hook/cmake_prefix_path.sh'
[1.430s] Level 1:colcon.colcon_core.environment:checking '/workspaces/isaac_ros-dev/src/isaac_ros_nvblox/install/nvblox_image_padding/lib'
[1.430s] Level 1:colcon.colcon_core.shell:create_environment_hook('nvblox_image_padding', 'ld_library_path_lib')
[1.431s] INFO:colcon.colcon_core.shell:Creating environment hook '/workspaces/isaac_ros-dev/src/isaac_ros_nvblox/install/nvblox_image_padding/share/nvblox_image_padding/hook/ld_library_path_lib.ps1'
[1.431s] INFO:colcon.colcon_core.shell:Creating environment descriptor '/workspaces/isaac_ros-dev/src/isaac_ros_nvblox/install/nvblox_image_padding/share/nvblox_image_padding/hook/ld_library_path_lib.dsv'
[1.432s] INFO:colcon.colcon_core.shell:Creating environment hook '/workspaces/isaac_ros-dev/src/isaac_ros_nvblox/install/nvblox_image_padding/share/nvblox_image_padding/hook/ld_library_path_lib.sh'
[1.433s] Level 1:colcon.colcon_core.environment:checking '/workspaces/isaac_ros-dev/src/isaac_ros_nvblox/install/nvblox_image_padding/bin'
[1.433s] Level 1:colcon.colcon_core.environment:checking '/workspaces/isaac_ros-dev/src/isaac_ros_nvblox/install/nvblox_image_padding/lib/pkgconfig/nvblox_image_padding.pc'
[1.433s] Level 1:colcon.colcon_core.environment:checking '/workspaces/isaac_ros-dev/src/isaac_ros_nvblox/install/nvblox_image_padding/lib/python3.10/site-packages'
[1.433s] Level 1:colcon.colcon_core.environment:checking '/workspaces/isaac_ros-dev/src/isaac_ros_nvblox/install/nvblox_image_padding/bin'
[1.434s] INFO:colcon.colcon_core.shell:Creating package script '/workspaces/isaac_ros-dev/src/isaac_ros_nvblox/install/nvblox_image_padding/share/nvblox_image_padding/package.ps1'
[1.435s] INFO:colcon.colcon_core.shell:Creating package descriptor '/workspaces/isaac_ros-dev/src/isaac_ros_nvblox/install/nvblox_image_padding/share/nvblox_image_padding/package.dsv'
[1.436s] INFO:colcon.colcon_core.shell:Creating package script '/workspaces/isaac_ros-dev/src/isaac_ros_nvblox/install/nvblox_image_padding/share/nvblox_image_padding/package.sh'
[1.436s] INFO:colcon.colcon_core.shell:Creating package script '/workspaces/isaac_ros-dev/src/isaac_ros_nvblox/install/nvblox_image_padding/share/nvblox_image_padding/package.bash'
[1.437s] INFO:colcon.colcon_core.shell:Creating package script '/workspaces/isaac_ros-dev/src/isaac_ros_nvblox/install/nvblox_image_padding/share/nvblox_image_padding/package.zsh'
[1.438s] Level 1:colcon.colcon_core.environment:create_file_with_runtime_dependencies(/workspaces/isaac_ros-dev/src/isaac_ros_nvblox/install/nvblox_image_padding/share/colcon-core/packages/nvblox_image_padding)
[1.649s] Level 1:colcon.colcon_core.environment:create_environment_scripts_only(nvblox_image_padding)
[1.649s] Level 1:colcon.colcon_core.environment:checking '/workspaces/isaac_ros-dev/src/isaac_ros_nvblox/install/nvblox_image_padding' for CMake module files
[1.650s] Level 1:colcon.colcon_core.environment:checking '/workspaces/isaac_ros-dev/src/isaac_ros_nvblox/install/nvblox_image_padding' for CMake config files
[1.651s] Level 1:colcon.colcon_core.shell:create_environment_hook('nvblox_image_padding', 'cmake_prefix_path')
[1.651s] INFO:colcon.colcon_core.shell:Creating environment hook '/workspaces/isaac_ros-dev/src/isaac_ros_nvblox/install/nvblox_image_padding/share/nvblox_image_padding/hook/cmake_prefix_path.ps1'
[1.652s] INFO:colcon.colcon_core.shell:Creating environment descriptor '/workspaces/isaac_ros-dev/src/isaac_ros_nvblox/install/nvblox_image_padding/share/nvblox_image_padding/hook/cmake_prefix_path.dsv'
[1.653s] INFO:colcon.colcon_core.shell:Creating environment hook '/workspaces/isaac_ros-dev/src/isaac_ros_nvblox/install/nvblox_image_padding/share/nvblox_image_padding/hook/cmake_prefix_path.sh'
[1.654s] Level 1:colcon.colcon_core.environment:checking '/workspaces/isaac_ros-dev/src/isaac_ros_nvblox/install/nvblox_image_padding/lib'
[1.654s] Level 1:colcon.colcon_core.shell:create_environment_hook('nvblox_image_padding', 'ld_library_path_lib')
[1.654s] INFO:colcon.colcon_core.shell:Creating environment hook '/workspaces/isaac_ros-dev/src/isaac_ros_nvblox/install/nvblox_image_padding/share/nvblox_image_padding/hook/ld_library_path_lib.ps1'
[1.655s] INFO:colcon.colcon_core.shell:Creating environment descriptor '/workspaces/isaac_ros-dev/src/isaac_ros_nvblox/install/nvblox_image_padding/share/nvblox_image_padding/hook/ld_library_path_lib.dsv'
[1.656s] INFO:colcon.colcon_core.shell:Creating environment hook '/workspaces/isaac_ros-dev/src/isaac_ros_nvblox/install/nvblox_image_padding/share/nvblox_image_padding/hook/ld_library_path_lib.sh'
[1.656s] Level 1:colcon.colcon_core.environment:checking '/workspaces/isaac_ros-dev/src/isaac_ros_nvblox/install/nvblox_image_padding/bin'
[1.656s] Level 1:colcon.colcon_core.environment:checking '/workspaces/isaac_ros-dev/src/isaac_ros_nvblox/install/nvblox_image_padding/lib/pkgconfig/nvblox_image_padding.pc'
[1.657s] Level 1:colcon.colcon_core.environment:checking '/workspaces/isaac_ros-dev/src/isaac_ros_nvblox/install/nvblox_image_padding/lib/python3.10/site-packages'
[1.657s] Level 1:colcon.colcon_core.environment:checking '/workspaces/isaac_ros-dev/src/isaac_ros_nvblox/install/nvblox_image_padding/bin'
[1.658s] INFO:colcon.colcon_core.shell:Creating package script '/workspaces/isaac_ros-dev/src/isaac_ros_nvblox/install/nvblox_image_padding/share/nvblox_image_padding/package.ps1'
[1.658s] INFO:colcon.colcon_core.shell:Creating package descriptor '/workspaces/isaac_ros-dev/src/isaac_ros_nvblox/install/nvblox_image_padding/share/nvblox_image_padding/package.dsv'
[1.659s] INFO:colcon.colcon_core.shell:Creating package script '/workspaces/isaac_ros-dev/src/isaac_ros_nvblox/install/nvblox_image_padding/share/nvblox_image_padding/package.sh'
[1.660s] INFO:colcon.colcon_core.shell:Creating package script '/workspaces/isaac_ros-dev/src/isaac_ros_nvblox/install/nvblox_image_padding/share/nvblox_image_padding/package.bash'
[1.661s] INFO:colcon.colcon_core.shell:Creating package script '/workspaces/isaac_ros-dev/src/isaac_ros_nvblox/install/nvblox_image_padding/share/nvblox_image_padding/package.zsh'
[1.661s] Level 1:colcon.colcon_core.environment:create_file_with_runtime_dependencies(/workspaces/isaac_ros-dev/src/isaac_ros_nvblox/install/nvblox_image_padding/share/colcon-core/packages/nvblox_image_padding)
[1.724s] DEBUG:colcon.colcon_core.event_handler.log_command:Invoked command in '/workspaces/isaac_ros-dev/src/isaac_ros_nvblox/build/nvblox_msgs' returned '0': CMAKE_PREFIX_PATH=/opt/ros/humble _=/usr/bin/env /usr/bin/cmake --build /workspaces/isaac_ros-dev/src/isaac_ros_nvblox/build/nvblox_msgs -- -j48 -l48
[2.019s] Level 1:colcon.colcon_core.shell:create_environment_hook('nvblox_ros_python_utils', 'pythonpath_develop')
[2.020s] INFO:colcon.colcon_core.shell:Creating environment hook '/workspaces/isaac_ros-dev/src/isaac_ros_nvblox/build/nvblox_ros_python_utils/share/nvblox_ros_python_utils/hook/pythonpath_develop.ps1'
[2.020s] DEBUG:colcon.colcon_core.event_handler.log_command:Invoked command in '/workspaces/isaac_ros-dev/src/isaac_ros_nvblox/build/nvblox_ros_python_utils' returned '0': PYTHONPATH=/workspaces/isaac_ros-dev/src/isaac_ros_nvblox/build/nvblox_ros_python_utils/prefix_override:/usr/lib/python3/dist-packages/colcon_core/task/python/colcon_distutils_commands:/workspaces/isaac_ros-dev/src/isaac_ros_nvblox/install/nvblox_ros_python_utils/lib/python3.10/site-packages:${PYTHONPATH} _=/usr/bin/env /usr/bin/python3 -W ignore:setup.py install is deprecated setup.py develop --editable --build-directory /workspaces/isaac_ros-dev/src/isaac_ros_nvblox/build/nvblox_ros_python_utils/build --no-deps symlink_data
[2.020s] INFO:colcon.colcon_core.shell:Creating environment descriptor '/workspaces/isaac_ros-dev/src/isaac_ros_nvblox/build/nvblox_ros_python_utils/share/nvblox_ros_python_utils/hook/pythonpath_develop.dsv'
[2.021s] INFO:colcon.colcon_core.shell:Creating environment hook '/workspaces/isaac_ros-dev/src/isaac_ros_nvblox/build/nvblox_ros_python_utils/share/nvblox_ros_python_utils/hook/pythonpath_develop.sh'
[2.021s] Level 1:colcon.colcon_core.environment:checking '/workspaces/isaac_ros-dev/src/isaac_ros_nvblox/install/nvblox_ros_python_utils' for CMake module files
[2.021s] Level 1:colcon.colcon_core.environment:checking '/workspaces/isaac_ros-dev/src/isaac_ros_nvblox/install/nvblox_ros_python_utils' for CMake config files
[2.022s] Level 1:colcon.colcon_core.environment:checking '/workspaces/isaac_ros-dev/src/isaac_ros_nvblox/install/nvblox_ros_python_utils/lib'
[2.022s] Level 1:colcon.colcon_core.environment:checking '/workspaces/isaac_ros-dev/src/isaac_ros_nvblox/install/nvblox_ros_python_utils/bin'
[2.022s] Level 1:colcon.colcon_core.environment:checking '/workspaces/isaac_ros-dev/src/isaac_ros_nvblox/install/nvblox_ros_python_utils/lib/pkgconfig/nvblox_ros_python_utils.pc'
[2.022s] Level 1:colcon.colcon_core.environment:checking '/workspaces/isaac_ros-dev/src/isaac_ros_nvblox/install/nvblox_ros_python_utils/lib/python3.10/site-packages'
[2.022s] Level 1:colcon.colcon_core.shell:create_environment_hook('nvblox_ros_python_utils', 'pythonpath')
[2.022s] INFO:colcon.colcon_core.shell:Creating environment hook '/workspaces/isaac_ros-dev/src/isaac_ros_nvblox/install/nvblox_ros_python_utils/share/nvblox_ros_python_utils/hook/pythonpath.ps1'
[2.023s] INFO:colcon.colcon_core.shell:Creating environment descriptor '/workspaces/isaac_ros-dev/src/isaac_ros_nvblox/install/nvblox_ros_python_utils/share/nvblox_ros_python_utils/hook/pythonpath.dsv'
[2.023s] INFO:colcon.colcon_core.shell:Creating environment hook '/workspaces/isaac_ros-dev/src/isaac_ros_nvblox/install/nvblox_ros_python_utils/share/nvblox_ros_python_utils/hook/pythonpath.sh'
[2.023s] Level 1:colcon.colcon_core.environment:checking '/workspaces/isaac_ros-dev/src/isaac_ros_nvblox/install/nvblox_ros_python_utils/bin'
[2.023s] Level 1:colcon.colcon_core.environment:create_environment_scripts_only(nvblox_ros_python_utils)
[2.024s] INFO:colcon.colcon_core.shell:Creating package script '/workspaces/isaac_ros-dev/src/isaac_ros_nvblox/install/nvblox_ros_python_utils/share/nvblox_ros_python_utils/package.ps1'
[2.024s] INFO:colcon.colcon_core.shell:Creating package descriptor '/workspaces/isaac_ros-dev/src/isaac_ros_nvblox/install/nvblox_ros_python_utils/share/nvblox_ros_python_utils/package.dsv'
[2.024s] INFO:colcon.colcon_core.shell:Creating package script '/workspaces/isaac_ros-dev/src/isaac_ros_nvblox/install/nvblox_ros_python_utils/share/nvblox_ros_python_utils/package.sh'
[2.025s] INFO:colcon.colcon_core.shell:Creating package script '/workspaces/isaac_ros-dev/src/isaac_ros_nvblox/install/nvblox_ros_python_utils/share/nvblox_ros_python_utils/package.bash'
[2.025s] INFO:colcon.colcon_core.shell:Creating package script '/workspaces/isaac_ros-dev/src/isaac_ros_nvblox/install/nvblox_ros_python_utils/share/nvblox_ros_python_utils/package.zsh'
[2.025s] Level 1:colcon.colcon_core.environment:create_file_with_runtime_dependencies(/workspaces/isaac_ros-dev/src/isaac_ros_nvblox/install/nvblox_ros_python_utils/share/colcon-core/packages/nvblox_ros_python_utils)
[3.601s] DEBUG:colcon.colcon_core.event_handler.log_command:Invoking command in '/workspaces/isaac_ros-dev/src/isaac_ros_nvblox/build/nvblox_msgs': CMAKE_PREFIX_PATH=/opt/ros/humble _=/usr/bin/env /usr/bin/cmake --install /workspaces/isaac_ros-dev/src/isaac_ros_nvblox/build/nvblox_msgs
[3.674s] Level 1:colcon.colcon_core.environment:create_environment_scripts_only(nvblox_msgs)
[3.675s] Level 1:colcon.colcon_core.environment:checking '/workspaces/isaac_ros-dev/src/isaac_ros_nvblox/install/nvblox_msgs' for CMake module files
[3.676s] DEBUG:colcon.colcon_core.event_handler.log_command:Invoked command in '/workspaces/isaac_ros-dev/src/isaac_ros_nvblox/build/nvblox_msgs' returned '0': CMAKE_PREFIX_PATH=/opt/ros/humble _=/usr/bin/env /usr/bin/cmake --install /workspaces/isaac_ros-dev/src/isaac_ros_nvblox/build/nvblox_msgs
[3.677s] Level 1:colcon.colcon_core.environment:checking '/workspaces/isaac_ros-dev/src/isaac_ros_nvblox/install/nvblox_msgs' for CMake config files
[3.677s] Level 1:colcon.colcon_core.shell:create_environment_hook('nvblox_msgs', 'cmake_prefix_path')
[3.678s] INFO:colcon.colcon_core.shell:Creating environment hook '/workspaces/isaac_ros-dev/src/isaac_ros_nvblox/install/nvblox_msgs/share/nvblox_msgs/hook/cmake_prefix_path.ps1'
[3.679s] INFO:colcon.colcon_core.shell:Creating environment descriptor '/workspaces/isaac_ros-dev/src/isaac_ros_nvblox/install/nvblox_msgs/share/nvblox_msgs/hook/cmake_prefix_path.dsv'
[3.679s] INFO:colcon.colcon_core.shell:Creating environment hook '/workspaces/isaac_ros-dev/src/isaac_ros_nvblox/install/nvblox_msgs/share/nvblox_msgs/hook/cmake_prefix_path.sh'
[3.680s] Level 1:colcon.colcon_core.environment:checking '/workspaces/isaac_ros-dev/src/isaac_ros_nvblox/install/nvblox_msgs/lib'
[3.680s] Level 1:colcon.colcon_core.shell:create_environment_hook('nvblox_msgs', 'ld_library_path_lib')
[3.681s] INFO:colcon.colcon_core.shell:Creating environment hook '/workspaces/isaac_ros-dev/src/isaac_ros_nvblox/install/nvblox_msgs/share/nvblox_msgs/hook/ld_library_path_lib.ps1'
[3.682s] INFO:colcon.colcon_core.shell:Creating environment descriptor '/workspaces/isaac_ros-dev/src/isaac_ros_nvblox/install/nvblox_msgs/share/nvblox_msgs/hook/ld_library_path_lib.dsv'
[3.682s] INFO:colcon.colcon_core.shell:Creating environment hook '/workspaces/isaac_ros-dev/src/isaac_ros_nvblox/install/nvblox_msgs/share/nvblox_msgs/hook/ld_library_path_lib.sh'
[3.683s] Level 1:colcon.colcon_core.environment:checking '/workspaces/isaac_ros-dev/src/isaac_ros_nvblox/install/nvblox_msgs/bin'
[3.683s] Level 1:colcon.colcon_core.environment:checking '/workspaces/isaac_ros-dev/src/isaac_ros_nvblox/install/nvblox_msgs/lib/pkgconfig/nvblox_msgs.pc'
[3.683s] Level 1:colcon.colcon_core.environment:checking '/workspaces/isaac_ros-dev/src/isaac_ros_nvblox/install/nvblox_msgs/lib/python3.10/site-packages'
[3.684s] Level 1:colcon.colcon_core.environment:checking '/workspaces/isaac_ros-dev/src/isaac_ros_nvblox/install/nvblox_msgs/bin'
[3.684s] INFO:colcon.colcon_core.shell:Creating package script '/workspaces/isaac_ros-dev/src/isaac_ros_nvblox/install/nvblox_msgs/share/nvblox_msgs/package.ps1'
[3.685s] INFO:colcon.colcon_core.shell:Creating package descriptor '/workspaces/isaac_ros-dev/src/isaac_ros_nvblox/install/nvblox_msgs/share/nvblox_msgs/package.dsv'
[3.686s] INFO:colcon.colcon_core.shell:Creating package script '/workspaces/isaac_ros-dev/src/isaac_ros_nvblox/install/nvblox_msgs/share/nvblox_msgs/package.sh'
[3.686s] INFO:colcon.colcon_core.shell:Creating package script '/workspaces/isaac_ros-dev/src/isaac_ros_nvblox/install/nvblox_msgs/share/nvblox_msgs/package.bash'
[3.687s] INFO:colcon.colcon_core.shell:Creating package script '/workspaces/isaac_ros-dev/src/isaac_ros_nvblox/install/nvblox_msgs/share/nvblox_msgs/package.zsh'
[3.688s] Level 1:colcon.colcon_core.environment:create_file_with_runtime_dependencies(/workspaces/isaac_ros-dev/src/isaac_ros_nvblox/install/nvblox_msgs/share/colcon-core/packages/nvblox_msgs)
[5.595s] Level 1:colcon.colcon_core.environment:create_environment_scripts_only(nvblox_msgs)
[5.595s] Level 1:colcon.colcon_core.environment:checking '/workspaces/isaac_ros-dev/src/isaac_ros_nvblox/install/nvblox_msgs' for CMake module files
[5.596s] Level 1:colcon.colcon_core.environment:checking '/workspaces/isaac_ros-dev/src/isaac_ros_nvblox/install/nvblox_msgs' for CMake config files
[5.596s] Level 1:colcon.colcon_core.shell:create_environment_hook('nvblox_msgs', 'cmake_prefix_path')
[5.597s] INFO:colcon.colcon_core.shell:Creating environment hook '/workspaces/isaac_ros-dev/src/isaac_ros_nvblox/install/nvblox_msgs/share/nvblox_msgs/hook/cmake_prefix_path.ps1'
[5.597s] INFO:colcon.colcon_core.shell:Creating environment descriptor '/workspaces/isaac_ros-dev/src/isaac_ros_nvblox/install/nvblox_msgs/share/nvblox_msgs/hook/cmake_prefix_path.dsv'
[5.598s] INFO:colcon.colcon_core.shell:Creating environment hook '/workspaces/isaac_ros-dev/src/isaac_ros_nvblox/install/nvblox_msgs/share/nvblox_msgs/hook/cmake_prefix_path.sh'
[5.598s] Level 1:colcon.colcon_core.environment:checking '/workspaces/isaac_ros-dev/src/isaac_ros_nvblox/install/nvblox_msgs/lib'
[5.598s] Level 1:colcon.colcon_core.shell:create_environment_hook('nvblox_msgs', 'ld_library_path_lib')
[5.598s] INFO:colcon.colcon_core.shell:Creating environment hook '/workspaces/isaac_ros-dev/src/isaac_ros_nvblox/install/nvblox_msgs/share/nvblox_msgs/hook/ld_library_path_lib.ps1'
[5.599s] INFO:colcon.colcon_core.shell:Creating environment descriptor '/workspaces/isaac_ros-dev/src/isaac_ros_nvblox/install/nvblox_msgs/share/nvblox_msgs/hook/ld_library_path_lib.dsv'
[5.599s] INFO:colcon.colcon_core.shell:Creating environment hook '/workspaces/isaac_ros-dev/src/isaac_ros_nvblox/install/nvblox_msgs/share/nvblox_msgs/hook/ld_library_path_lib.sh'
[5.599s] Level 1:colcon.colcon_core.environment:checking '/workspaces/isaac_ros-dev/src/isaac_ros_nvblox/install/nvblox_msgs/bin'
[5.599s] Level 1:colcon.colcon_core.environment:checking '/workspaces/isaac_ros-dev/src/isaac_ros_nvblox/install/nvblox_msgs/lib/pkgconfig/nvblox_msgs.pc'
[5.599s] Level 1:colcon.colcon_core.environment:checking '/workspaces/isaac_ros-dev/src/isaac_ros_nvblox/install/nvblox_msgs/lib/python3.10/site-packages'
[5.600s] Level 1:colcon.colcon_core.environment:checking '/workspaces/isaac_ros-dev/src/isaac_ros_nvblox/install/nvblox_msgs/bin'
[5.600s] INFO:colcon.colcon_core.shell:Creating package script '/workspaces/isaac_ros-dev/src/isaac_ros_nvblox/install/nvblox_msgs/share/nvblox_msgs/package.ps1'
[5.600s] INFO:colcon.colcon_core.shell:Creating package descriptor '/workspaces/isaac_ros-dev/src/isaac_ros_nvblox/install/nvblox_msgs/share/nvblox_msgs/package.dsv'
[5.601s] INFO:colcon.colcon_core.shell:Creating package script '/workspaces/isaac_ros-dev/src/isaac_ros_nvblox/install/nvblox_msgs/share/nvblox_msgs/package.sh'
[5.601s] INFO:colcon.colcon_core.shell:Creating package script '/workspaces/isaac_ros-dev/src/isaac_ros_nvblox/install/nvblox_msgs/share/nvblox_msgs/package.bash'
[5.601s] INFO:colcon.colcon_core.shell:Creating package script '/workspaces/isaac_ros-dev/src/isaac_ros_nvblox/install/nvblox_msgs/share/nvblox_msgs/package.zsh'
[5.601s] Level 1:colcon.colcon_core.environment:create_file_with_runtime_dependencies(/workspaces/isaac_ros-dev/src/isaac_ros_nvblox/install/nvblox_msgs/share/colcon-core/packages/nvblox_msgs)
[5.602s] INFO:colcon.colcon_ros.task.ament_cmake.build:Building ROS package in '/workspaces/isaac_ros-dev/src/isaac_ros_nvblox/nvblox_rviz_plugin' with build type 'ament_cmake'
[5.602s] INFO:colcon.colcon_cmake.task.cmake.build:Building CMake package in '/workspaces/isaac_ros-dev/src/isaac_ros_nvblox/nvblox_rviz_plugin'
[5.602s] INFO:colcon.colcon_core.shell:Skip shell extension 'powershell' for command environment: Not usable outside of PowerShell
[5.602s] DEBUG:colcon.colcon_core.shell:Skip shell extension 'dsv' for command environment
[5.606s] INFO:colcon.colcon_ros.task.ament_cmake.build:Building ROS package in '/workspaces/isaac_ros-dev/src/isaac_ros_nvblox/nvblox_examples/semantic_label_conversion' with build type 'ament_cmake'
[5.606s] INFO:colcon.colcon_cmake.task.cmake.build:Building CMake package in '/workspaces/isaac_ros-dev/src/isaac_ros_nvblox/nvblox_examples/semantic_label_conversion'
[5.606s] INFO:colcon.colcon_core.shell:Skip shell extension 'powershell' for command environment: Not usable outside of PowerShell
[5.606s] DEBUG:colcon.colcon_core.shell:Skip shell extension 'dsv' for command environment
[5.609s] INFO:colcon.colcon_ros.task.ament_cmake.build:Building ROS package in '/workspaces/isaac_ros-dev/src/isaac_ros_nvblox/nvblox_nav2' with build type 'ament_cmake'
[5.610s] INFO:colcon.colcon_cmake.task.cmake.build:Building CMake package in '/workspaces/isaac_ros-dev/src/isaac_ros_nvblox/nvblox_nav2'
[5.610s] INFO:colcon.colcon_core.shell:Skip shell extension 'powershell' for command environment: Not usable outside of PowerShell
[5.610s] DEBUG:colcon.colcon_core.shell:Skip shell extension 'dsv' for command environment
[5.623s] DEBUG:colcon.colcon_core.event_handler.log_command:Invoking command in '/workspaces/isaac_ros-dev/src/isaac_ros_nvblox/build/nvblox_rviz_plugin': AMENT_PREFIX_PATH=/workspaces/isaac_ros-dev/src/isaac_ros_nvblox/install/nvblox_msgs:${AMENT_PREFIX_PATH} CMAKE_PREFIX_PATH=/workspaces/isaac_ros-dev/src/isaac_ros_nvblox/install/nvblox_msgs:/opt/ros/humble LD_LIBRARY_PATH=/workspaces/isaac_ros-dev/src/isaac_ros_nvblox/install/nvblox_msgs/lib:${LD_LIBRARY_PATH} PYTHONPATH=/workspaces/isaac_ros-dev/src/isaac_ros_nvblox/install/nvblox_msgs/local/lib/python3.10/dist-packages:${PYTHONPATH} _=/usr/bin/env /usr/bin/cmake --build /workspaces/isaac_ros-dev/src/isaac_ros_nvblox/build/nvblox_rviz_plugin -- -j48 -l48
[5.627s] DEBUG:colcon.colcon_core.event_handler.log_command:Invoking command in '/workspaces/isaac_ros-dev/src/isaac_ros_nvblox/build/semantic_label_conversion': AMENT_PREFIX_PATH=/workspaces/isaac_ros-dev/src/isaac_ros_nvblox/install/nvblox_msgs:${AMENT_PREFIX_PATH} CMAKE_PREFIX_PATH=/workspaces/isaac_ros-dev/src/isaac_ros_nvblox/install/nvblox_msgs:/opt/ros/humble LD_LIBRARY_PATH=/workspaces/isaac_ros-dev/src/isaac_ros_nvblox/install/nvblox_msgs/lib:${LD_LIBRARY_PATH} PYTHONPATH=/workspaces/isaac_ros-dev/src/isaac_ros_nvblox/install/nvblox_msgs/local/lib/python3.10/dist-packages:${PYTHONPATH} _=/usr/bin/env /usr/bin/cmake --build /workspaces/isaac_ros-dev/src/isaac_ros_nvblox/build/semantic_label_conversion -- -j48 -l48
[5.630s] DEBUG:colcon.colcon_core.event_handler.log_command:Invoking command in '/workspaces/isaac_ros-dev/src/isaac_ros_nvblox/build/nvblox_nav2': AMENT_PREFIX_PATH=/workspaces/isaac_ros-dev/src/isaac_ros_nvblox/install/nvblox_msgs:${AMENT_PREFIX_PATH} CMAKE_PREFIX_PATH=/workspaces/isaac_ros-dev/src/isaac_ros_nvblox/install/nvblox_msgs:/opt/ros/humble LD_LIBRARY_PATH=/workspaces/isaac_ros-dev/src/isaac_ros_nvblox/install/nvblox_msgs/lib:${LD_LIBRARY_PATH} PYTHONPATH=/workspaces/isaac_ros-dev/src/isaac_ros_nvblox/install/nvblox_msgs/local/lib/python3.10/dist-packages:${PYTHONPATH} _=/usr/bin/env /usr/bin/cmake --build /workspaces/isaac_ros-dev/src/isaac_ros_nvblox/build/nvblox_nav2 -- -j48 -l48
[5.669s] DEBUG:colcon.colcon_core.event_handler.log_command:Invoked command in '/workspaces/isaac_ros-dev/src/isaac_ros_nvblox/build/semantic_label_conversion' returned '0': AMENT_PREFIX_PATH=/workspaces/isaac_ros-dev/src/isaac_ros_nvblox/install/nvblox_msgs:${AMENT_PREFIX_PATH} CMAKE_PREFIX_PATH=/workspaces/isaac_ros-dev/src/isaac_ros_nvblox/install/nvblox_msgs:/opt/ros/humble LD_LIBRARY_PATH=/workspaces/isaac_ros-dev/src/isaac_ros_nvblox/install/nvblox_msgs/lib:${LD_LIBRARY_PATH} PYTHONPATH=/workspaces/isaac_ros-dev/src/isaac_ros_nvblox/install/nvblox_msgs/local/lib/python3.10/dist-packages:${PYTHONPATH} _=/usr/bin/env /usr/bin/cmake --build /workspaces/isaac_ros-dev/src/isaac_ros_nvblox/build/semantic_label_conversion -- -j48 -l48
[5.733s] DEBUG:colcon.colcon_core.event_handler.log_command:Invoked command in '/workspaces/isaac_ros-dev/src/isaac_ros_nvblox/build/nvblox_nav2' returned '0': AMENT_PREFIX_PATH=/workspaces/isaac_ros-dev/src/isaac_ros_nvblox/install/nvblox_msgs:${AMENT_PREFIX_PATH} CMAKE_PREFIX_PATH=/workspaces/isaac_ros-dev/src/isaac_ros_nvblox/install/nvblox_msgs:/opt/ros/humble LD_LIBRARY_PATH=/workspaces/isaac_ros-dev/src/isaac_ros_nvblox/install/nvblox_msgs/lib:${LD_LIBRARY_PATH} PYTHONPATH=/workspaces/isaac_ros-dev/src/isaac_ros_nvblox/install/nvblox_msgs/local/lib/python3.10/dist-packages:${PYTHONPATH} _=/usr/bin/env /usr/bin/cmake --build /workspaces/isaac_ros-dev/src/isaac_ros_nvblox/build/nvblox_nav2 -- -j48 -l48
[5.807s] DEBUG:colcon.colcon_core.event_handler.log_command:Invoking command in '/workspaces/isaac_ros-dev/src/isaac_ros_nvblox/build/semantic_label_conversion': AMENT_PREFIX_PATH=/workspaces/isaac_ros-dev/src/isaac_ros_nvblox/install/nvblox_msgs:${AMENT_PREFIX_PATH} CMAKE_PREFIX_PATH=/workspaces/isaac_ros-dev/src/isaac_ros_nvblox/install/nvblox_msgs:/opt/ros/humble LD_LIBRARY_PATH=/workspaces/isaac_ros-dev/src/isaac_ros_nvblox/install/nvblox_msgs/lib:${LD_LIBRARY_PATH} PYTHONPATH=/workspaces/isaac_ros-dev/src/isaac_ros_nvblox/install/nvblox_msgs/local/lib/python3.10/dist-packages:${PYTHONPATH} _=/usr/bin/env /usr/bin/cmake --install /workspaces/isaac_ros-dev/src/isaac_ros_nvblox/build/semantic_label_conversion
[5.809s] DEBUG:colcon.colcon_core.event_handler.log_command:Invoked command in '/workspaces/isaac_ros-dev/src/isaac_ros_nvblox/build/nvblox_rviz_plugin' returned '0': AMENT_PREFIX_PATH=/workspaces/isaac_ros-dev/src/isaac_ros_nvblox/install/nvblox_msgs:${AMENT_PREFIX_PATH} CMAKE_PREFIX_PATH=/workspaces/isaac_ros-dev/src/isaac_ros_nvblox/install/nvblox_msgs:/opt/ros/humble LD_LIBRARY_PATH=/workspaces/isaac_ros-dev/src/isaac_ros_nvblox/install/nvblox_msgs/lib:${LD_LIBRARY_PATH} PYTHONPATH=/workspaces/isaac_ros-dev/src/isaac_ros_nvblox/install/nvblox_msgs/local/lib/python3.10/dist-packages:${PYTHONPATH} _=/usr/bin/env /usr/bin/cmake --build /workspaces/isaac_ros-dev/src/isaac_ros_nvblox/build/nvblox_rviz_plugin -- -j48 -l48
[5.828s] Level 1:colcon.colcon_core.environment:create_environment_scripts_only(semantic_label_conversion)
[5.829s] Level 1:colcon.colcon_core.environment:checking '/workspaces/isaac_ros-dev/src/isaac_ros_nvblox/install/semantic_label_conversion' for CMake module files
[5.829s] DEBUG:colcon.colcon_core.event_handler.log_command:Invoked command in '/workspaces/isaac_ros-dev/src/isaac_ros_nvblox/build/semantic_label_conversion' returned '0': AMENT_PREFIX_PATH=/workspaces/isaac_ros-dev/src/isaac_ros_nvblox/install/nvblox_msgs:${AMENT_PREFIX_PATH} CMAKE_PREFIX_PATH=/workspaces/isaac_ros-dev/src/isaac_ros_nvblox/install/nvblox_msgs:/opt/ros/humble LD_LIBRARY_PATH=/workspaces/isaac_ros-dev/src/isaac_ros_nvblox/install/nvblox_msgs/lib:${LD_LIBRARY_PATH} PYTHONPATH=/workspaces/isaac_ros-dev/src/isaac_ros_nvblox/install/nvblox_msgs/local/lib/python3.10/dist-packages:${PYTHONPATH} _=/usr/bin/env /usr/bin/cmake --install /workspaces/isaac_ros-dev/src/isaac_ros_nvblox/build/semantic_label_conversion
[5.830s] Level 1:colcon.colcon_core.environment:checking '/workspaces/isaac_ros-dev/src/isaac_ros_nvblox/install/semantic_label_conversion' for CMake config files
[5.830s] Level 1:colcon.colcon_core.shell:create_environment_hook('semantic_label_conversion', 'cmake_prefix_path')
[5.830s] INFO:colcon.colcon_core.shell:Creating environment hook '/workspaces/isaac_ros-dev/src/isaac_ros_nvblox/install/semantic_label_conversion/share/semantic_label_conversion/hook/cmake_prefix_path.ps1'
[5.831s] INFO:colcon.colcon_core.shell:Creating environment descriptor '/workspaces/isaac_ros-dev/src/isaac_ros_nvblox/install/semantic_label_conversion/share/semantic_label_conversion/hook/cmake_prefix_path.dsv'
[5.831s] INFO:colcon.colcon_core.shell:Creating environment hook '/workspaces/isaac_ros-dev/src/isaac_ros_nvblox/install/semantic_label_conversion/share/semantic_label_conversion/hook/cmake_prefix_path.sh'
[5.831s] Level 1:colcon.colcon_core.environment:checking '/workspaces/isaac_ros-dev/src/isaac_ros_nvblox/install/semantic_label_conversion/lib'
[5.831s] Level 1:colcon.colcon_core.environment:checking '/workspaces/isaac_ros-dev/src/isaac_ros_nvblox/install/semantic_label_conversion/bin'
[5.831s] Level 1:colcon.colcon_core.environment:checking '/workspaces/isaac_ros-dev/src/isaac_ros_nvblox/install/semantic_label_conversion/lib/pkgconfig/semantic_label_conversion.pc'
[5.832s] Level 1:colcon.colcon_core.environment:checking '/workspaces/isaac_ros-dev/src/isaac_ros_nvblox/install/semantic_label_conversion/lib/python3.10/site-packages'
[5.832s] Level 1:colcon.colcon_core.environment:checking '/workspaces/isaac_ros-dev/src/isaac_ros_nvblox/install/semantic_label_conversion/bin'
[5.832s] INFO:colcon.colcon_core.shell:Creating package script '/workspaces/isaac_ros-dev/src/isaac_ros_nvblox/install/semantic_label_conversion/share/semantic_label_conversion/package.ps1'
[5.832s] INFO:colcon.colcon_core.shell:Creating package descriptor '/workspaces/isaac_ros-dev/src/isaac_ros_nvblox/install/semantic_label_conversion/share/semantic_label_conversion/package.dsv'
[5.833s] INFO:colcon.colcon_core.shell:Creating package script '/workspaces/isaac_ros-dev/src/isaac_ros_nvblox/install/semantic_label_conversion/share/semantic_label_conversion/package.sh'
[5.833s] INFO:colcon.colcon_core.shell:Creating package script '/workspaces/isaac_ros-dev/src/isaac_ros_nvblox/install/semantic_label_conversion/share/semantic_label_conversion/package.bash'
[5.833s] INFO:colcon.colcon_core.shell:Creating package script '/workspaces/isaac_ros-dev/src/isaac_ros_nvblox/install/semantic_label_conversion/share/semantic_label_conversion/package.zsh'
[5.833s] Level 1:colcon.colcon_core.environment:create_file_with_runtime_dependencies(/workspaces/isaac_ros-dev/src/isaac_ros_nvblox/install/semantic_label_conversion/share/colcon-core/packages/semantic_label_conversion)
[5.909s] DEBUG:colcon.colcon_core.event_handler.log_command:Invoking command in '/workspaces/isaac_ros-dev/src/isaac_ros_nvblox/build/nvblox_nav2': AMENT_PREFIX_PATH=/workspaces/isaac_ros-dev/src/isaac_ros_nvblox/install/nvblox_msgs:${AMENT_PREFIX_PATH} CMAKE_PREFIX_PATH=/workspaces/isaac_ros-dev/src/isaac_ros_nvblox/install/nvblox_msgs:/opt/ros/humble LD_LIBRARY_PATH=/workspaces/isaac_ros-dev/src/isaac_ros_nvblox/install/nvblox_msgs/lib:${LD_LIBRARY_PATH} PYTHONPATH=/workspaces/isaac_ros-dev/src/isaac_ros_nvblox/install/nvblox_msgs/local/lib/python3.10/dist-packages:${PYTHONPATH} _=/usr/bin/env /usr/bin/cmake --install /workspaces/isaac_ros-dev/src/isaac_ros_nvblox/build/nvblox_nav2
[5.930s] Level 1:colcon.colcon_core.environment:create_environment_scripts_only(nvblox_nav2)
[5.930s] Level 1:colcon.colcon_core.environment:checking '/workspaces/isaac_ros-dev/src/isaac_ros_nvblox/install/nvblox_nav2' for CMake module files
[5.931s] DEBUG:colcon.colcon_core.event_handler.log_command:Invoked command in '/workspaces/isaac_ros-dev/src/isaac_ros_nvblox/build/nvblox_nav2' returned '0': AMENT_PREFIX_PATH=/workspaces/isaac_ros-dev/src/isaac_ros_nvblox/install/nvblox_msgs:${AMENT_PREFIX_PATH} CMAKE_PREFIX_PATH=/workspaces/isaac_ros-dev/src/isaac_ros_nvblox/install/nvblox_msgs:/opt/ros/humble LD_LIBRARY_PATH=/workspaces/isaac_ros-dev/src/isaac_ros_nvblox/install/nvblox_msgs/lib:${LD_LIBRARY_PATH} PYTHONPATH=/workspaces/isaac_ros-dev/src/isaac_ros_nvblox/install/nvblox_msgs/local/lib/python3.10/dist-packages:${PYTHONPATH} _=/usr/bin/env /usr/bin/cmake --install /workspaces/isaac_ros-dev/src/isaac_ros_nvblox/build/nvblox_nav2
[5.931s] Level 1:colcon.colcon_core.environment:checking '/workspaces/isaac_ros-dev/src/isaac_ros_nvblox/install/nvblox_nav2' for CMake config files
[5.931s] Level 1:colcon.colcon_core.shell:create_environment_hook('nvblox_nav2', 'cmake_prefix_path')
[5.932s] INFO:colcon.colcon_core.shell:Creating environment hook '/workspaces/isaac_ros-dev/src/isaac_ros_nvblox/install/nvblox_nav2/share/nvblox_nav2/hook/cmake_prefix_path.ps1'
[5.932s] INFO:colcon.colcon_core.shell:Creating environment descriptor '/workspaces/isaac_ros-dev/src/isaac_ros_nvblox/install/nvblox_nav2/share/nvblox_nav2/hook/cmake_prefix_path.dsv'
[5.932s] INFO:colcon.colcon_core.shell:Creating environment hook '/workspaces/isaac_ros-dev/src/isaac_ros_nvblox/install/nvblox_nav2/share/nvblox_nav2/hook/cmake_prefix_path.sh'
[5.933s] Level 1:colcon.colcon_core.environment:checking '/workspaces/isaac_ros-dev/src/isaac_ros_nvblox/install/nvblox_nav2/lib'
[5.933s] Level 1:colcon.colcon_core.shell:create_environment_hook('nvblox_nav2', 'ld_library_path_lib')
[5.933s] INFO:colcon.colcon_core.shell:Creating environment hook '/workspaces/isaac_ros-dev/src/isaac_ros_nvblox/install/nvblox_nav2/share/nvblox_nav2/hook/ld_library_path_lib.ps1'
[5.933s] INFO:colcon.colcon_core.shell:Creating environment descriptor '/workspaces/isaac_ros-dev/src/isaac_ros_nvblox/install/nvblox_nav2/share/nvblox_nav2/hook/ld_library_path_lib.dsv'
[5.934s] INFO:colcon.colcon_core.shell:Creating environment hook '/workspaces/isaac_ros-dev/src/isaac_ros_nvblox/install/nvblox_nav2/share/nvblox_nav2/hook/ld_library_path_lib.sh'
[5.934s] Level 1:colcon.colcon_core.environment:checking '/workspaces/isaac_ros-dev/src/isaac_ros_nvblox/install/nvblox_nav2/bin'
[5.934s] Level 1:colcon.colcon_core.environment:checking '/workspaces/isaac_ros-dev/src/isaac_ros_nvblox/install/nvblox_nav2/lib/pkgconfig/nvblox_nav2.pc'
[5.934s] Level 1:colcon.colcon_core.environment:checking '/workspaces/isaac_ros-dev/src/isaac_ros_nvblox/install/nvblox_nav2/lib/python3.10/site-packages'
[5.934s] Level 1:colcon.colcon_core.environment:checking '/workspaces/isaac_ros-dev/src/isaac_ros_nvblox/install/nvblox_nav2/bin'
[5.934s] INFO:colcon.colcon_core.shell:Creating package script '/workspaces/isaac_ros-dev/src/isaac_ros_nvblox/install/nvblox_nav2/share/nvblox_nav2/package.ps1'
[5.935s] INFO:colcon.colcon_core.shell:Creating package descriptor '/workspaces/isaac_ros-dev/src/isaac_ros_nvblox/install/nvblox_nav2/share/nvblox_nav2/package.dsv'
[5.935s] INFO:colcon.colcon_core.shell:Creating package script '/workspaces/isaac_ros-dev/src/isaac_ros_nvblox/install/nvblox_nav2/share/nvblox_nav2/package.sh'
[5.935s] INFO:colcon.colcon_core.shell:Creating package script '/workspaces/isaac_ros-dev/src/isaac_ros_nvblox/install/nvblox_nav2/share/nvblox_nav2/package.bash'
[5.936s] INFO:colcon.colcon_core.shell:Creating package script '/workspaces/isaac_ros-dev/src/isaac_ros_nvblox/install/nvblox_nav2/share/nvblox_nav2/package.zsh'
[5.936s] Level 1:colcon.colcon_core.environment:create_file_with_runtime_dependencies(/workspaces/isaac_ros-dev/src/isaac_ros_nvblox/install/nvblox_nav2/share/colcon-core/packages/nvblox_nav2)
[5.968s] Level 1:colcon.colcon_core.environment:create_environment_scripts_only(semantic_label_conversion)
[5.968s] Level 1:colcon.colcon_core.environment:checking '/workspaces/isaac_ros-dev/src/isaac_ros_nvblox/install/semantic_label_conversion' for CMake module files
[5.968s] Level 1:colcon.colcon_core.environment:checking '/workspaces/isaac_ros-dev/src/isaac_ros_nvblox/install/semantic_label_conversion' for CMake config files
[5.969s] Level 1:colcon.colcon_core.shell:create_environment_hook('semantic_label_conversion', 'cmake_prefix_path')
[5.969s] INFO:colcon.colcon_core.shell:Creating environment hook '/workspaces/isaac_ros-dev/src/isaac_ros_nvblox/install/semantic_label_conversion/share/semantic_label_conversion/hook/cmake_prefix_path.ps1'
[5.969s] INFO:colcon.colcon_core.shell:Creating environment descriptor '/workspaces/isaac_ros-dev/src/isaac_ros_nvblox/install/semantic_label_conversion/share/semantic_label_conversion/hook/cmake_prefix_path.dsv'
[5.969s] INFO:colcon.colcon_core.shell:Creating environment hook '/workspaces/isaac_ros-dev/src/isaac_ros_nvblox/install/semantic_label_conversion/share/semantic_label_conversion/hook/cmake_prefix_path.sh'
[5.970s] Level 1:colcon.colcon_core.environment:checking '/workspaces/isaac_ros-dev/src/isaac_ros_nvblox/install/semantic_label_conversion/lib'
[5.970s] Level 1:colcon.colcon_core.environment:checking '/workspaces/isaac_ros-dev/src/isaac_ros_nvblox/install/semantic_label_conversion/bin'
[5.970s] Level 1:colcon.colcon_core.environment:checking '/workspaces/isaac_ros-dev/src/isaac_ros_nvblox/install/semantic_label_conversion/lib/pkgconfig/semantic_label_conversion.pc'
[5.970s] Level 1:colcon.colcon_core.environment:checking '/workspaces/isaac_ros-dev/src/isaac_ros_nvblox/install/semantic_label_conversion/lib/python3.10/site-packages'
[5.970s] Level 1:colcon.colcon_core.environment:checking '/workspaces/isaac_ros-dev/src/isaac_ros_nvblox/install/semantic_label_conversion/bin'
[5.970s] INFO:colcon.colcon_core.shell:Creating package script '/workspaces/isaac_ros-dev/src/isaac_ros_nvblox/install/semantic_label_conversion/share/semantic_label_conversion/package.ps1'
[5.971s] INFO:colcon.colcon_core.shell:Creating package descriptor '/workspaces/isaac_ros-dev/src/isaac_ros_nvblox/install/semantic_label_conversion/share/semantic_label_conversion/package.dsv'
[5.971s] INFO:colcon.colcon_core.shell:Creating package script '/workspaces/isaac_ros-dev/src/isaac_ros_nvblox/install/semantic_label_conversion/share/semantic_label_conversion/package.sh'
[5.972s] INFO:colcon.colcon_core.shell:Creating package script '/workspaces/isaac_ros-dev/src/isaac_ros_nvblox/install/semantic_label_conversion/share/semantic_label_conversion/package.bash'
[5.973s] INFO:colcon.colcon_core.shell:Creating package script '/workspaces/isaac_ros-dev/src/isaac_ros_nvblox/install/semantic_label_conversion/share/semantic_label_conversion/package.zsh'
[5.973s] Level 1:colcon.colcon_core.environment:create_file_with_runtime_dependencies(/workspaces/isaac_ros-dev/src/isaac_ros_nvblox/install/semantic_label_conversion/share/colcon-core/packages/semantic_label_conversion)
[6.046s] DEBUG:colcon.colcon_core.event_handler.log_command:Invoking command in '/workspaces/isaac_ros-dev/src/isaac_ros_nvblox/build/nvblox_rviz_plugin': AMENT_PREFIX_PATH=/workspaces/isaac_ros-dev/src/isaac_ros_nvblox/install/nvblox_msgs:${AMENT_PREFIX_PATH} CMAKE_PREFIX_PATH=/workspaces/isaac_ros-dev/src/isaac_ros_nvblox/install/nvblox_msgs:/opt/ros/humble LD_LIBRARY_PATH=/workspaces/isaac_ros-dev/src/isaac_ros_nvblox/install/nvblox_msgs/lib:${LD_LIBRARY_PATH} PYTHONPATH=/workspaces/isaac_ros-dev/src/isaac_ros_nvblox/install/nvblox_msgs/local/lib/python3.10/dist-packages:${PYTHONPATH} _=/usr/bin/env /usr/bin/cmake --install /workspaces/isaac_ros-dev/src/isaac_ros_nvblox/build/nvblox_rviz_plugin
[6.070s] Level 1:colcon.colcon_core.environment:create_environment_scripts_only(nvblox_rviz_plugin)
[6.070s] Level 1:colcon.colcon_core.environment:checking '/workspaces/isaac_ros-dev/src/isaac_ros_nvblox/install/nvblox_rviz_plugin' for CMake module files
[6.070s] DEBUG:colcon.colcon_core.event_handler.log_command:Invoked command in '/workspaces/isaac_ros-dev/src/isaac_ros_nvblox/build/nvblox_rviz_plugin' returned '0': AMENT_PREFIX_PATH=/workspaces/isaac_ros-dev/src/isaac_ros_nvblox/install/nvblox_msgs:${AMENT_PREFIX_PATH} CMAKE_PREFIX_PATH=/workspaces/isaac_ros-dev/src/isaac_ros_nvblox/install/nvblox_msgs:/opt/ros/humble LD_LIBRARY_PATH=/workspaces/isaac_ros-dev/src/isaac_ros_nvblox/install/nvblox_msgs/lib:${LD_LIBRARY_PATH} PYTHONPATH=/workspaces/isaac_ros-dev/src/isaac_ros_nvblox/install/nvblox_msgs/local/lib/python3.10/dist-packages:${PYTHONPATH} _=/usr/bin/env /usr/bin/cmake --install /workspaces/isaac_ros-dev/src/isaac_ros_nvblox/build/nvblox_rviz_plugin
[6.071s] Level 1:colcon.colcon_core.environment:checking '/workspaces/isaac_ros-dev/src/isaac_ros_nvblox/install/nvblox_rviz_plugin' for CMake config files
[6.071s] Level 1:colcon.colcon_core.shell:create_environment_hook('nvblox_rviz_plugin', 'cmake_prefix_path')
[6.071s] INFO:colcon.colcon_core.shell:Creating environment hook '/workspaces/isaac_ros-dev/src/isaac_ros_nvblox/install/nvblox_rviz_plugin/share/nvblox_rviz_plugin/hook/cmake_prefix_path.ps1'
[6.072s] INFO:colcon.colcon_core.shell:Creating environment descriptor '/workspaces/isaac_ros-dev/src/isaac_ros_nvblox/install/nvblox_rviz_plugin/share/nvblox_rviz_plugin/hook/cmake_prefix_path.dsv'
[6.072s] INFO:colcon.colcon_core.shell:Creating environment hook '/workspaces/isaac_ros-dev/src/isaac_ros_nvblox/install/nvblox_rviz_plugin/share/nvblox_rviz_plugin/hook/cmake_prefix_path.sh'
[6.072s] Level 1:colcon.colcon_core.environment:checking '/workspaces/isaac_ros-dev/src/isaac_ros_nvblox/install/nvblox_rviz_plugin/lib'
[6.072s] Level 1:colcon.colcon_core.shell:create_environment_hook('nvblox_rviz_plugin', 'ld_library_path_lib')
[6.073s] INFO:colcon.colcon_core.shell:Creating environment hook '/workspaces/isaac_ros-dev/src/isaac_ros_nvblox/install/nvblox_rviz_plugin/share/nvblox_rviz_plugin/hook/ld_library_path_lib.ps1'
[6.073s] INFO:colcon.colcon_core.shell:Creating environment descriptor '/workspaces/isaac_ros-dev/src/isaac_ros_nvblox/install/nvblox_rviz_plugin/share/nvblox_rviz_plugin/hook/ld_library_path_lib.dsv'
[6.073s] INFO:colcon.colcon_core.shell:Creating environment hook '/workspaces/isaac_ros-dev/src/isaac_ros_nvblox/install/nvblox_rviz_plugin/share/nvblox_rviz_plugin/hook/ld_library_path_lib.sh'
[6.073s] Level 1:colcon.colcon_core.environment:checking '/workspaces/isaac_ros-dev/src/isaac_ros_nvblox/install/nvblox_rviz_plugin/bin'
[6.073s] Level 1:colcon.colcon_core.environment:checking '/workspaces/isaac_ros-dev/src/isaac_ros_nvblox/install/nvblox_rviz_plugin/lib/pkgconfig/nvblox_rviz_plugin.pc'
[6.074s] Level 1:colcon.colcon_core.environment:checking '/workspaces/isaac_ros-dev/src/isaac_ros_nvblox/install/nvblox_rviz_plugin/lib/python3.10/site-packages'
[6.074s] Level 1:colcon.colcon_core.environment:checking '/workspaces/isaac_ros-dev/src/isaac_ros_nvblox/install/nvblox_rviz_plugin/bin'
[6.074s] INFO:colcon.colcon_core.shell:Creating package script '/workspaces/isaac_ros-dev/src/isaac_ros_nvblox/install/nvblox_rviz_plugin/share/nvblox_rviz_plugin/package.ps1'
[6.074s] INFO:colcon.colcon_core.shell:Creating package descriptor '/workspaces/isaac_ros-dev/src/isaac_ros_nvblox/install/nvblox_rviz_plugin/share/nvblox_rviz_plugin/package.dsv'
[6.075s] INFO:colcon.colcon_core.shell:Creating package script '/workspaces/isaac_ros-dev/src/isaac_ros_nvblox/install/nvblox_rviz_plugin/share/nvblox_rviz_plugin/package.sh'
[6.075s] INFO:colcon.colcon_core.shell:Creating package script '/workspaces/isaac_ros-dev/src/isaac_ros_nvblox/install/nvblox_rviz_plugin/share/nvblox_rviz_plugin/package.bash'
[6.075s] INFO:colcon.colcon_core.shell:Creating package script '/workspaces/isaac_ros-dev/src/isaac_ros_nvblox/install/nvblox_rviz_plugin/share/nvblox_rviz_plugin/package.zsh'
[6.075s] Level 1:colcon.colcon_core.environment:create_file_with_runtime_dependencies(/workspaces/isaac_ros-dev/src/isaac_ros_nvblox/install/nvblox_rviz_plugin/share/colcon-core/packages/nvblox_rviz_plugin)
[6.108s] Level 1:colcon.colcon_core.environment:create_environment_scripts_only(nvblox_nav2)
[6.108s] Level 1:colcon.colcon_core.environment:checking '/workspaces/isaac_ros-dev/src/isaac_ros_nvblox/install/nvblox_nav2' for CMake module files
[6.109s] Level 1:colcon.colcon_core.environment:checking '/workspaces/isaac_ros-dev/src/isaac_ros_nvblox/install/nvblox_nav2' for CMake config files
[6.109s] Level 1:colcon.colcon_core.shell:create_environment_hook('nvblox_nav2', 'cmake_prefix_path')
[6.109s] INFO:colcon.colcon_core.shell:Creating environment hook '/workspaces/isaac_ros-dev/src/isaac_ros_nvblox/install/nvblox_nav2/share/nvblox_nav2/hook/cmake_prefix_path.ps1'
[6.110s] INFO:colcon.colcon_core.shell:Creating environment descriptor '/workspaces/isaac_ros-dev/src/isaac_ros_nvblox/install/nvblox_nav2/share/nvblox_nav2/hook/cmake_prefix_path.dsv'
[6.110s] INFO:colcon.colcon_core.shell:Creating environment hook '/workspaces/isaac_ros-dev/src/isaac_ros_nvblox/install/nvblox_nav2/share/nvblox_nav2/hook/cmake_prefix_path.sh'
[6.110s] Level 1:colcon.colcon_core.environment:checking '/workspaces/isaac_ros-dev/src/isaac_ros_nvblox/install/nvblox_nav2/lib'
[6.110s] Level 1:colcon.colcon_core.shell:create_environment_hook('nvblox_nav2', 'ld_library_path_lib')
[6.111s] INFO:colcon.colcon_core.shell:Creating environment hook '/workspaces/isaac_ros-dev/src/isaac_ros_nvblox/install/nvblox_nav2/share/nvblox_nav2/hook/ld_library_path_lib.ps1'
[6.111s] INFO:colcon.colcon_core.shell:Creating environment descriptor '/workspaces/isaac_ros-dev/src/isaac_ros_nvblox/install/nvblox_nav2/share/nvblox_nav2/hook/ld_library_path_lib.dsv'
[6.111s] INFO:colcon.colcon_core.shell:Creating environment hook '/workspaces/isaac_ros-dev/src/isaac_ros_nvblox/install/nvblox_nav2/share/nvblox_nav2/hook/ld_library_path_lib.sh'
[6.112s] Level 1:colcon.colcon_core.environment:checking '/workspaces/isaac_ros-dev/src/isaac_ros_nvblox/install/nvblox_nav2/bin'
[6.112s] Level 1:colcon.colcon_core.environment:checking '/workspaces/isaac_ros-dev/src/isaac_ros_nvblox/install/nvblox_nav2/lib/pkgconfig/nvblox_nav2.pc'
[6.112s] Level 1:colcon.colcon_core.environment:checking '/workspaces/isaac_ros-dev/src/isaac_ros_nvblox/install/nvblox_nav2/lib/python3.10/site-packages'
[6.112s] Level 1:colcon.colcon_core.environment:checking '/workspaces/isaac_ros-dev/src/isaac_ros_nvblox/install/nvblox_nav2/bin'
[6.112s] INFO:colcon.colcon_core.shell:Creating package script '/workspaces/isaac_ros-dev/src/isaac_ros_nvblox/install/nvblox_nav2/share/nvblox_nav2/package.ps1'
[6.113s] INFO:colcon.colcon_core.shell:Creating package descriptor '/workspaces/isaac_ros-dev/src/isaac_ros_nvblox/install/nvblox_nav2/share/nvblox_nav2/package.dsv'
[6.113s] INFO:colcon.colcon_core.shell:Creating package script '/workspaces/isaac_ros-dev/src/isaac_ros_nvblox/install/nvblox_nav2/share/nvblox_nav2/package.sh'
[6.113s] INFO:colcon.colcon_core.shell:Creating package script '/workspaces/isaac_ros-dev/src/isaac_ros_nvblox/install/nvblox_nav2/share/nvblox_nav2/package.bash'
[6.114s] INFO:colcon.colcon_core.shell:Creating package script '/workspaces/isaac_ros-dev/src/isaac_ros_nvblox/install/nvblox_nav2/share/nvblox_nav2/package.zsh'
[6.114s] Level 1:colcon.colcon_core.environment:create_file_with_runtime_dependencies(/workspaces/isaac_ros-dev/src/isaac_ros_nvblox/install/nvblox_nav2/share/colcon-core/packages/nvblox_nav2)
[6.308s] Level 1:colcon.colcon_core.environment:create_environment_scripts_only(nvblox_rviz_plugin)
[6.308s] Level 1:colcon.colcon_core.environment:checking '/workspaces/isaac_ros-dev/src/isaac_ros_nvblox/install/nvblox_rviz_plugin' for CMake module files
[6.309s] Level 1:colcon.colcon_core.environment:checking '/workspaces/isaac_ros-dev/src/isaac_ros_nvblox/install/nvblox_rviz_plugin' for CMake config files
[6.309s] Level 1:colcon.colcon_core.shell:create_environment_hook('nvblox_rviz_plugin', 'cmake_prefix_path')
[6.309s] INFO:colcon.colcon_core.shell:Creating environment hook '/workspaces/isaac_ros-dev/src/isaac_ros_nvblox/install/nvblox_rviz_plugin/share/nvblox_rviz_plugin/hook/cmake_prefix_path.ps1'
[6.310s] INFO:colcon.colcon_core.shell:Creating environment descriptor '/workspaces/isaac_ros-dev/src/isaac_ros_nvblox/install/nvblox_rviz_plugin/share/nvblox_rviz_plugin/hook/cmake_prefix_path.dsv'
[6.310s] INFO:colcon.colcon_core.shell:Creating environment hook '/workspaces/isaac_ros-dev/src/isaac_ros_nvblox/install/nvblox_rviz_plugin/share/nvblox_rviz_plugin/hook/cmake_prefix_path.sh'
[6.310s] Level 1:colcon.colcon_core.environment:checking '/workspaces/isaac_ros-dev/src/isaac_ros_nvblox/install/nvblox_rviz_plugin/lib'
[6.310s] Level 1:colcon.colcon_core.shell:create_environment_hook('nvblox_rviz_plugin', 'ld_library_path_lib')
[6.310s] INFO:colcon.colcon_core.shell:Creating environment hook '/workspaces/isaac_ros-dev/src/isaac_ros_nvblox/install/nvblox_rviz_plugin/share/nvblox_rviz_plugin/hook/ld_library_path_lib.ps1'
[6.311s] INFO:colcon.colcon_core.shell:Creating environment descriptor '/workspaces/isaac_ros-dev/src/isaac_ros_nvblox/install/nvblox_rviz_plugin/share/nvblox_rviz_plugin/hook/ld_library_path_lib.dsv'
[6.311s] INFO:colcon.colcon_core.shell:Creating environment hook '/workspaces/isaac_ros-dev/src/isaac_ros_nvblox/install/nvblox_rviz_plugin/share/nvblox_rviz_plugin/hook/ld_library_path_lib.sh'
[6.311s] Level 1:colcon.colcon_core.environment:checking '/workspaces/isaac_ros-dev/src/isaac_ros_nvblox/install/nvblox_rviz_plugin/bin'
[6.311s] Level 1:colcon.colcon_core.environment:checking '/workspaces/isaac_ros-dev/src/isaac_ros_nvblox/install/nvblox_rviz_plugin/lib/pkgconfig/nvblox_rviz_plugin.pc'
[6.311s] Level 1:colcon.colcon_core.environment:checking '/workspaces/isaac_ros-dev/src/isaac_ros_nvblox/install/nvblox_rviz_plugin/lib/python3.10/site-packages'
[6.312s] Level 1:colcon.colcon_core.environment:checking '/workspaces/isaac_ros-dev/src/isaac_ros_nvblox/install/nvblox_rviz_plugin/bin'
[6.312s] INFO:colcon.colcon_core.shell:Creating package script '/workspaces/isaac_ros-dev/src/isaac_ros_nvblox/install/nvblox_rviz_plugin/share/nvblox_rviz_plugin/package.ps1'
[6.312s] INFO:colcon.colcon_core.shell:Creating package descriptor '/workspaces/isaac_ros-dev/src/isaac_ros_nvblox/install/nvblox_rviz_plugin/share/nvblox_rviz_plugin/package.dsv'
[6.312s] INFO:colcon.colcon_core.shell:Creating package script '/workspaces/isaac_ros-dev/src/isaac_ros_nvblox/install/nvblox_rviz_plugin/share/nvblox_rviz_plugin/package.sh'
[6.313s] INFO:colcon.colcon_core.shell:Creating package script '/workspaces/isaac_ros-dev/src/isaac_ros_nvblox/install/nvblox_rviz_plugin/share/nvblox_rviz_plugin/package.bash'
[6.313s] INFO:colcon.colcon_core.shell:Creating package script '/workspaces/isaac_ros-dev/src/isaac_ros_nvblox/install/nvblox_rviz_plugin/share/nvblox_rviz_plugin/package.zsh'
[6.313s] Level 1:colcon.colcon_core.environment:create_file_with_runtime_dependencies(/workspaces/isaac_ros-dev/src/isaac_ros_nvblox/install/nvblox_rviz_plugin/share/colcon-core/packages/nvblox_rviz_plugin)
[6.314s] INFO:colcon.colcon_ros.task.ament_cmake.build:Building ROS package in '/workspaces/isaac_ros-dev/src/isaac_ros_nvblox/nvblox_ros' with build type 'ament_cmake'
[6.314s] INFO:colcon.colcon_cmake.task.cmake.build:Building CMake package in '/workspaces/isaac_ros-dev/src/isaac_ros_nvblox/nvblox_ros'
[6.314s] INFO:colcon.colcon_core.shell:Skip shell extension 'powershell' for command environment: Not usable outside of PowerShell
[6.314s] DEBUG:colcon.colcon_core.shell:Skip shell extension 'dsv' for command environment
[6.345s] DEBUG:colcon.colcon_core.event_handler.log_command:Invoking command in '/workspaces/isaac_ros-dev/src/isaac_ros_nvblox/build/nvblox_ros': AMENT_PREFIX_PATH=/workspaces/isaac_ros-dev/src/isaac_ros_nvblox/install/nvblox_rviz_plugin:/workspaces/isaac_ros-dev/src/isaac_ros_nvblox/install/nvblox_ros_python_utils:/workspaces/isaac_ros-dev/src/isaac_ros_nvblox/install/nvblox_ros_common:/workspaces/isaac_ros-dev/src/isaac_ros_nvblox/install/nvblox_msgs:${AMENT_PREFIX_PATH} CMAKE_PREFIX_PATH=/workspaces/isaac_ros-dev/src/isaac_ros_nvblox/install/nvblox_rviz_plugin:/workspaces/isaac_ros-dev/src/isaac_ros_nvblox/install/nvblox_ros_common:/workspaces/isaac_ros-dev/src/isaac_ros_nvblox/install/nvblox_msgs:/opt/ros/humble LD_LIBRARY_PATH=/workspaces/isaac_ros-dev/src/isaac_ros_nvblox/install/nvblox_rviz_plugin/lib:/workspaces/isaac_ros-dev/src/isaac_ros_nvblox/install/nvblox_ros_common/lib:/workspaces/isaac_ros-dev/src/isaac_ros_nvblox/install/nvblox_msgs/lib:${LD_LIBRARY_PATH} PYTHONPATH=/workspaces/isaac_ros-dev/src/isaac_ros_nvblox/build/nvblox_ros_python_utils:/workspaces/isaac_ros-dev/src/isaac_ros_nvblox/install/nvblox_ros_python_utils/lib/python3.10/site-packages:/workspaces/isaac_ros-dev/src/isaac_ros_nvblox/install/nvblox_msgs/local/lib/python3.10/dist-packages:${PYTHONPATH} _=/usr/bin/env /usr/bin/cmake --build /workspaces/isaac_ros-dev/src/isaac_ros_nvblox/build/nvblox_ros -- -j48 -l48
[10.732s] DEBUG:colcon.colcon_core.event_handler.log_command:Invoked command in '/workspaces/isaac_ros-dev/src/isaac_ros_nvblox/build/nvblox_ros' returned '0': AMENT_PREFIX_PATH=/workspaces/isaac_ros-dev/src/isaac_ros_nvblox/install/nvblox_rviz_plugin:/workspaces/isaac_ros-dev/src/isaac_ros_nvblox/install/nvblox_ros_python_utils:/workspaces/isaac_ros-dev/src/isaac_ros_nvblox/install/nvblox_ros_common:/workspaces/isaac_ros-dev/src/isaac_ros_nvblox/install/nvblox_msgs:${AMENT_PREFIX_PATH} CMAKE_PREFIX_PATH=/workspaces/isaac_ros-dev/src/isaac_ros_nvblox/install/nvblox_rviz_plugin:/workspaces/isaac_ros-dev/src/isaac_ros_nvblox/install/nvblox_ros_common:/workspaces/isaac_ros-dev/src/isaac_ros_nvblox/install/nvblox_msgs:/opt/ros/humble LD_LIBRARY_PATH=/workspaces/isaac_ros-dev/src/isaac_ros_nvblox/install/nvblox_rviz_plugin/lib:/workspaces/isaac_ros-dev/src/isaac_ros_nvblox/install/nvblox_ros_common/lib:/workspaces/isaac_ros-dev/src/isaac_ros_nvblox/install/nvblox_msgs/lib:${LD_LIBRARY_PATH} PYTHONPATH=/workspaces/isaac_ros-dev/src/isaac_ros_nvblox/build/nvblox_ros_python_utils:/workspaces/isaac_ros-dev/src/isaac_ros_nvblox/install/nvblox_ros_python_utils/lib/python3.10/site-packages:/workspaces/isaac_ros-dev/src/isaac_ros_nvblox/install/nvblox_msgs/local/lib/python3.10/dist-packages:${PYTHONPATH} _=/usr/bin/env /usr/bin/cmake --build /workspaces/isaac_ros-dev/src/isaac_ros_nvblox/build/nvblox_ros -- -j48 -l48
[12.310s] DEBUG:colcon.colcon_core.event_handler.log_command:Invoking command in '/workspaces/isaac_ros-dev/src/isaac_ros_nvblox/build/nvblox_ros': AMENT_PREFIX_PATH=/workspaces/isaac_ros-dev/src/isaac_ros_nvblox/install/nvblox_rviz_plugin:/workspaces/isaac_ros-dev/src/isaac_ros_nvblox/install/nvblox_ros_python_utils:/workspaces/isaac_ros-dev/src/isaac_ros_nvblox/install/nvblox_ros_common:/workspaces/isaac_ros-dev/src/isaac_ros_nvblox/install/nvblox_msgs:${AMENT_PREFIX_PATH} CMAKE_PREFIX_PATH=/workspaces/isaac_ros-dev/src/isaac_ros_nvblox/install/nvblox_rviz_plugin:/workspaces/isaac_ros-dev/src/isaac_ros_nvblox/install/nvblox_ros_common:/workspaces/isaac_ros-dev/src/isaac_ros_nvblox/install/nvblox_msgs:/opt/ros/humble LD_LIBRARY_PATH=/workspaces/isaac_ros-dev/src/isaac_ros_nvblox/install/nvblox_rviz_plugin/lib:/workspaces/isaac_ros-dev/src/isaac_ros_nvblox/install/nvblox_ros_common/lib:/workspaces/isaac_ros-dev/src/isaac_ros_nvblox/install/nvblox_msgs/lib:${LD_LIBRARY_PATH} PYTHONPATH=/workspaces/isaac_ros-dev/src/isaac_ros_nvblox/build/nvblox_ros_python_utils:/workspaces/isaac_ros-dev/src/isaac_ros_nvblox/install/nvblox_ros_python_utils/lib/python3.10/site-packages:/workspaces/isaac_ros-dev/src/isaac_ros_nvblox/install/nvblox_msgs/local/lib/python3.10/dist-packages:${PYTHONPATH} _=/usr/bin/env /usr/bin/cmake --install /workspaces/isaac_ros-dev/src/isaac_ros_nvblox/build/nvblox_ros
[12.446s] Level 1:colcon.colcon_core.environment:create_environment_scripts_only(nvblox_ros)
[12.446s] Level 1:colcon.colcon_core.environment:checking '/workspaces/isaac_ros-dev/src/isaac_ros_nvblox/install/nvblox_ros' for CMake module files
[12.447s] DEBUG:colcon.colcon_core.event_handler.log_command:Invoked command in '/workspaces/isaac_ros-dev/src/isaac_ros_nvblox/build/nvblox_ros' returned '0': AMENT_PREFIX_PATH=/workspaces/isaac_ros-dev/src/isaac_ros_nvblox/install/nvblox_rviz_plugin:/workspaces/isaac_ros-dev/src/isaac_ros_nvblox/install/nvblox_ros_python_utils:/workspaces/isaac_ros-dev/src/isaac_ros_nvblox/install/nvblox_ros_common:/workspaces/isaac_ros-dev/src/isaac_ros_nvblox/install/nvblox_msgs:${AMENT_PREFIX_PATH} CMAKE_PREFIX_PATH=/workspaces/isaac_ros-dev/src/isaac_ros_nvblox/install/nvblox_rviz_plugin:/workspaces/isaac_ros-dev/src/isaac_ros_nvblox/install/nvblox_ros_common:/workspaces/isaac_ros-dev/src/isaac_ros_nvblox/install/nvblox_msgs:/opt/ros/humble LD_LIBRARY_PATH=/workspaces/isaac_ros-dev/src/isaac_ros_nvblox/install/nvblox_rviz_plugin/lib:/workspaces/isaac_ros-dev/src/isaac_ros_nvblox/install/nvblox_ros_common/lib:/workspaces/isaac_ros-dev/src/isaac_ros_nvblox/install/nvblox_msgs/lib:${LD_LIBRARY_PATH} PYTHONPATH=/workspaces/isaac_ros-dev/src/isaac_ros_nvblox/build/nvblox_ros_python_utils:/workspaces/isaac_ros-dev/src/isaac_ros_nvblox/install/nvblox_ros_python_utils/lib/python3.10/site-packages:/workspaces/isaac_ros-dev/src/isaac_ros_nvblox/install/nvblox_msgs/local/lib/python3.10/dist-packages:${PYTHONPATH} _=/usr/bin/env /usr/bin/cmake --install /workspaces/isaac_ros-dev/src/isaac_ros_nvblox/build/nvblox_ros
[12.448s] Level 1:colcon.colcon_core.environment:checking '/workspaces/isaac_ros-dev/src/isaac_ros_nvblox/install/nvblox_ros' for CMake config files
[12.448s] Level 1:colcon.colcon_core.shell:create_environment_hook('nvblox_ros', 'cmake_prefix_path')
[12.448s] INFO:colcon.colcon_core.shell:Creating environment hook '/workspaces/isaac_ros-dev/src/isaac_ros_nvblox/install/nvblox_ros/share/nvblox_ros/hook/cmake_prefix_path.ps1'
[12.449s] INFO:colcon.colcon_core.shell:Creating environment descriptor '/workspaces/isaac_ros-dev/src/isaac_ros_nvblox/install/nvblox_ros/share/nvblox_ros/hook/cmake_prefix_path.dsv'
[12.450s] INFO:colcon.colcon_core.shell:Creating environment hook '/workspaces/isaac_ros-dev/src/isaac_ros_nvblox/install/nvblox_ros/share/nvblox_ros/hook/cmake_prefix_path.sh'
[12.452s] Level 1:colcon.colcon_core.environment:checking '/workspaces/isaac_ros-dev/src/isaac_ros_nvblox/install/nvblox_ros/lib'
[12.452s] Level 1:colcon.colcon_core.shell:create_environment_hook('nvblox_ros', 'ld_library_path_lib')
[12.452s] INFO:colcon.colcon_core.shell:Creating environment hook '/workspaces/isaac_ros-dev/src/isaac_ros_nvblox/install/nvblox_ros/share/nvblox_ros/hook/ld_library_path_lib.ps1'
[12.453s] INFO:colcon.colcon_core.shell:Creating environment descriptor '/workspaces/isaac_ros-dev/src/isaac_ros_nvblox/install/nvblox_ros/share/nvblox_ros/hook/ld_library_path_lib.dsv'
[12.454s] INFO:colcon.colcon_core.shell:Creating environment hook '/workspaces/isaac_ros-dev/src/isaac_ros_nvblox/install/nvblox_ros/share/nvblox_ros/hook/ld_library_path_lib.sh'
[12.454s] Level 1:colcon.colcon_core.environment:checking '/workspaces/isaac_ros-dev/src/isaac_ros_nvblox/install/nvblox_ros/bin'
[12.454s] Level 1:colcon.colcon_core.environment:checking '/workspaces/isaac_ros-dev/src/isaac_ros_nvblox/install/nvblox_ros/lib/pkgconfig/nvblox_ros.pc'
[12.455s] Level 1:colcon.colcon_core.environment:checking '/workspaces/isaac_ros-dev/src/isaac_ros_nvblox/install/nvblox_ros/lib/python3.10/site-packages'
[12.455s] Level 1:colcon.colcon_core.environment:checking '/workspaces/isaac_ros-dev/src/isaac_ros_nvblox/install/nvblox_ros/bin'
[12.456s] INFO:colcon.colcon_core.shell:Creating package script '/workspaces/isaac_ros-dev/src/isaac_ros_nvblox/install/nvblox_ros/share/nvblox_ros/package.ps1'
[12.456s] INFO:colcon.colcon_core.shell:Creating package descriptor '/workspaces/isaac_ros-dev/src/isaac_ros_nvblox/install/nvblox_ros/share/nvblox_ros/package.dsv'
[12.457s] INFO:colcon.colcon_core.shell:Creating package script '/workspaces/isaac_ros-dev/src/isaac_ros_nvblox/install/nvblox_ros/share/nvblox_ros/package.sh'
[12.458s] INFO:colcon.colcon_core.shell:Creating package script '/workspaces/isaac_ros-dev/src/isaac_ros_nvblox/install/nvblox_ros/share/nvblox_ros/package.bash'
[12.459s] INFO:colcon.colcon_core.shell:Creating package script '/workspaces/isaac_ros-dev/src/isaac_ros_nvblox/install/nvblox_ros/share/nvblox_ros/package.zsh'
[12.460s] Level 1:colcon.colcon_core.environment:create_file_with_runtime_dependencies(/workspaces/isaac_ros-dev/src/isaac_ros_nvblox/install/nvblox_ros/share/colcon-core/packages/nvblox_ros)
[14.028s] Level 1:colcon.colcon_core.environment:create_environment_scripts_only(nvblox_ros)
[14.028s] Level 1:colcon.colcon_core.environment:checking '/workspaces/isaac_ros-dev/src/isaac_ros_nvblox/install/nvblox_ros' for CMake module files
[14.028s] Level 1:colcon.colcon_core.environment:checking '/workspaces/isaac_ros-dev/src/isaac_ros_nvblox/install/nvblox_ros' for CMake config files
[14.028s] Level 1:colcon.colcon_core.shell:create_environment_hook('nvblox_ros', 'cmake_prefix_path')
[14.029s] INFO:colcon.colcon_core.shell:Creating environment hook '/workspaces/isaac_ros-dev/src/isaac_ros_nvblox/install/nvblox_ros/share/nvblox_ros/hook/cmake_prefix_path.ps1'
[14.029s] INFO:colcon.colcon_core.shell:Creating environment descriptor '/workspaces/isaac_ros-dev/src/isaac_ros_nvblox/install/nvblox_ros/share/nvblox_ros/hook/cmake_prefix_path.dsv'
[14.029s] INFO:colcon.colcon_core.shell:Creating environment hook '/workspaces/isaac_ros-dev/src/isaac_ros_nvblox/install/nvblox_ros/share/nvblox_ros/hook/cmake_prefix_path.sh'
[14.030s] Level 1:colcon.colcon_core.environment:checking '/workspaces/isaac_ros-dev/src/isaac_ros_nvblox/install/nvblox_ros/lib'
[14.030s] Level 1:colcon.colcon_core.shell:create_environment_hook('nvblox_ros', 'ld_library_path_lib')
[14.030s] INFO:colcon.colcon_core.shell:Creating environment hook '/workspaces/isaac_ros-dev/src/isaac_ros_nvblox/install/nvblox_ros/share/nvblox_ros/hook/ld_library_path_lib.ps1'
[14.030s] INFO:colcon.colcon_core.shell:Creating environment descriptor '/workspaces/isaac_ros-dev/src/isaac_ros_nvblox/install/nvblox_ros/share/nvblox_ros/hook/ld_library_path_lib.dsv'
[14.030s] INFO:colcon.colcon_core.shell:Creating environment hook '/workspaces/isaac_ros-dev/src/isaac_ros_nvblox/install/nvblox_ros/share/nvblox_ros/hook/ld_library_path_lib.sh'
[14.031s] Level 1:colcon.colcon_core.environment:checking '/workspaces/isaac_ros-dev/src/isaac_ros_nvblox/install/nvblox_ros/bin'
[14.031s] Level 1:colcon.colcon_core.environment:checking '/workspaces/isaac_ros-dev/src/isaac_ros_nvblox/install/nvblox_ros/lib/pkgconfig/nvblox_ros.pc'
[14.031s] Level 1:colcon.colcon_core.environment:checking '/workspaces/isaac_ros-dev/src/isaac_ros_nvblox/install/nvblox_ros/lib/python3.10/site-packages'
[14.031s] Level 1:colcon.colcon_core.environment:checking '/workspaces/isaac_ros-dev/src/isaac_ros_nvblox/install/nvblox_ros/bin'
[14.031s] INFO:colcon.colcon_core.shell:Creating package script '/workspaces/isaac_ros-dev/src/isaac_ros_nvblox/install/nvblox_ros/share/nvblox_ros/package.ps1'
[14.032s] INFO:colcon.colcon_core.shell:Creating package descriptor '/workspaces/isaac_ros-dev/src/isaac_ros_nvblox/install/nvblox_ros/share/nvblox_ros/package.dsv'
[14.032s] INFO:colcon.colcon_core.shell:Creating package script '/workspaces/isaac_ros-dev/src/isaac_ros_nvblox/install/nvblox_ros/share/nvblox_ros/package.sh'
[14.032s] INFO:colcon.colcon_core.shell:Creating package script '/workspaces/isaac_ros-dev/src/isaac_ros_nvblox/install/nvblox_ros/share/nvblox_ros/package.bash'
[14.033s] INFO:colcon.colcon_core.shell:Creating package script '/workspaces/isaac_ros-dev/src/isaac_ros_nvblox/install/nvblox_ros/share/nvblox_ros/package.zsh'
[14.033s] Level 1:colcon.colcon_core.environment:create_file_with_runtime_dependencies(/workspaces/isaac_ros-dev/src/isaac_ros_nvblox/install/nvblox_ros/share/colcon-core/packages/nvblox_ros)
[14.033s] INFO:colcon.colcon_ros.task.ament_cmake.build:Building ROS package in '/workspaces/isaac_ros-dev/src/isaac_ros_nvblox/nvblox_examples/nvblox_examples_bringup' with build type 'ament_cmake'
[14.033s] INFO:colcon.colcon_cmake.task.cmake.build:Building CMake package in '/workspaces/isaac_ros-dev/src/isaac_ros_nvblox/nvblox_examples/nvblox_examples_bringup'
[14.034s] INFO:colcon.colcon_core.shell:Skip shell extension 'powershell' for command environment: Not usable outside of PowerShell
[14.034s] DEBUG:colcon.colcon_core.shell:Skip shell extension 'dsv' for command environment
[14.082s] DEBUG:colcon.colcon_core.event_handler.log_command:Invoking command in '/workspaces/isaac_ros-dev/src/isaac_ros_nvblox/build/nvblox_examples_bringup': AMENT_PREFIX_PATH=/workspaces/isaac_ros-dev/src/isaac_ros_nvblox/install/nvblox_ros:/workspaces/isaac_ros-dev/src/isaac_ros_nvblox/install/semantic_label_conversion:/workspaces/isaac_ros-dev/src/isaac_ros_nvblox/install/nvblox_rviz_plugin:/workspaces/isaac_ros-dev/src/isaac_ros_nvblox/install/nvblox_image_padding:/workspaces/isaac_ros-dev/src/isaac_ros_nvblox/install/nvblox_ros_python_utils:/workspaces/isaac_ros-dev/src/isaac_ros_nvblox/install/nvblox_ros_common:/workspaces/isaac_ros-dev/src/isaac_ros_nvblox/install/nvblox_msgs:${AMENT_PREFIX_PATH} CMAKE_PREFIX_PATH=/workspaces/isaac_ros-dev/src/isaac_ros_nvblox/install/nvblox_ros:/workspaces/isaac_ros-dev/src/isaac_ros_nvblox/install/semantic_label_conversion:/workspaces/isaac_ros-dev/src/isaac_ros_nvblox/install/nvblox_rviz_plugin:/workspaces/isaac_ros-dev/src/isaac_ros_nvblox/install/nvblox_image_padding:/workspaces/isaac_ros-dev/src/isaac_ros_nvblox/install/nvblox_ros_common:/workspaces/isaac_ros-dev/src/isaac_ros_nvblox/install/nvblox_msgs:/opt/ros/humble LD_LIBRARY_PATH=/workspaces/isaac_ros-dev/src/isaac_ros_nvblox/install/nvblox_ros/lib:/workspaces/isaac_ros-dev/src/isaac_ros_nvblox/install/nvblox_rviz_plugin/lib:/workspaces/isaac_ros-dev/src/isaac_ros_nvblox/install/nvblox_image_padding/lib:/workspaces/isaac_ros-dev/src/isaac_ros_nvblox/install/nvblox_ros_common/lib:/workspaces/isaac_ros-dev/src/isaac_ros_nvblox/install/nvblox_msgs/lib:${LD_LIBRARY_PATH} PATH=/workspaces/isaac_ros-dev/src/isaac_ros_nvblox/install/nvblox_ros/bin:${PATH} PYTHONPATH=/workspaces/isaac_ros-dev/src/isaac_ros_nvblox/build/nvblox_ros_python_utils:/workspaces/isaac_ros-dev/src/isaac_ros_nvblox/install/nvblox_ros_python_utils/lib/python3.10/site-packages:/workspaces/isaac_ros-dev/src/isaac_ros_nvblox/install/nvblox_msgs/local/lib/python3.10/dist-packages:${PYTHONPATH} _=/usr/bin/env /usr/bin/cmake --build /workspaces/isaac_ros-dev/src/isaac_ros_nvblox/build/nvblox_examples_bringup -- -j48 -l48
[14.123s] DEBUG:colcon.colcon_core.event_handler.log_command:Invoked command in '/workspaces/isaac_ros-dev/src/isaac_ros_nvblox/build/nvblox_examples_bringup' returned '0': AMENT_PREFIX_PATH=/workspaces/isaac_ros-dev/src/isaac_ros_nvblox/install/nvblox_ros:/workspaces/isaac_ros-dev/src/isaac_ros_nvblox/install/semantic_label_conversion:/workspaces/isaac_ros-dev/src/isaac_ros_nvblox/install/nvblox_rviz_plugin:/workspaces/isaac_ros-dev/src/isaac_ros_nvblox/install/nvblox_image_padding:/workspaces/isaac_ros-dev/src/isaac_ros_nvblox/install/nvblox_ros_python_utils:/workspaces/isaac_ros-dev/src/isaac_ros_nvblox/install/nvblox_ros_common:/workspaces/isaac_ros-dev/src/isaac_ros_nvblox/install/nvblox_msgs:${AMENT_PREFIX_PATH} CMAKE_PREFIX_PATH=/workspaces/isaac_ros-dev/src/isaac_ros_nvblox/install/nvblox_ros:/workspaces/isaac_ros-dev/src/isaac_ros_nvblox/install/semantic_label_conversion:/workspaces/isaac_ros-dev/src/isaac_ros_nvblox/install/nvblox_rviz_plugin:/workspaces/isaac_ros-dev/src/isaac_ros_nvblox/install/nvblox_image_padding:/workspaces/isaac_ros-dev/src/isaac_ros_nvblox/install/nvblox_ros_common:/workspaces/isaac_ros-dev/src/isaac_ros_nvblox/install/nvblox_msgs:/opt/ros/humble LD_LIBRARY_PATH=/workspaces/isaac_ros-dev/src/isaac_ros_nvblox/install/nvblox_ros/lib:/workspaces/isaac_ros-dev/src/isaac_ros_nvblox/install/nvblox_rviz_plugin/lib:/workspaces/isaac_ros-dev/src/isaac_ros_nvblox/install/nvblox_image_padding/lib:/workspaces/isaac_ros-dev/src/isaac_ros_nvblox/install/nvblox_ros_common/lib:/workspaces/isaac_ros-dev/src/isaac_ros_nvblox/install/nvblox_msgs/lib:${LD_LIBRARY_PATH} PATH=/workspaces/isaac_ros-dev/src/isaac_ros_nvblox/install/nvblox_ros/bin:${PATH} PYTHONPATH=/workspaces/isaac_ros-dev/src/isaac_ros_nvblox/build/nvblox_ros_python_utils:/workspaces/isaac_ros-dev/src/isaac_ros_nvblox/install/nvblox_ros_python_utils/lib/python3.10/site-packages:/workspaces/isaac_ros-dev/src/isaac_ros_nvblox/install/nvblox_msgs/local/lib/python3.10/dist-packages:${PYTHONPATH} _=/usr/bin/env /usr/bin/cmake --build /workspaces/isaac_ros-dev/src/isaac_ros_nvblox/build/nvblox_examples_bringup -- -j48 -l48
[14.261s] DEBUG:colcon.colcon_core.event_handler.log_command:Invoking command in '/workspaces/isaac_ros-dev/src/isaac_ros_nvblox/build/nvblox_examples_bringup': AMENT_PREFIX_PATH=/workspaces/isaac_ros-dev/src/isaac_ros_nvblox/install/nvblox_ros:/workspaces/isaac_ros-dev/src/isaac_ros_nvblox/install/semantic_label_conversion:/workspaces/isaac_ros-dev/src/isaac_ros_nvblox/install/nvblox_rviz_plugin:/workspaces/isaac_ros-dev/src/isaac_ros_nvblox/install/nvblox_image_padding:/workspaces/isaac_ros-dev/src/isaac_ros_nvblox/install/nvblox_ros_python_utils:/workspaces/isaac_ros-dev/src/isaac_ros_nvblox/install/nvblox_ros_common:/workspaces/isaac_ros-dev/src/isaac_ros_nvblox/install/nvblox_msgs:${AMENT_PREFIX_PATH} CMAKE_PREFIX_PATH=/workspaces/isaac_ros-dev/src/isaac_ros_nvblox/install/nvblox_ros:/workspaces/isaac_ros-dev/src/isaac_ros_nvblox/install/semantic_label_conversion:/workspaces/isaac_ros-dev/src/isaac_ros_nvblox/install/nvblox_rviz_plugin:/workspaces/isaac_ros-dev/src/isaac_ros_nvblox/install/nvblox_image_padding:/workspaces/isaac_ros-dev/src/isaac_ros_nvblox/install/nvblox_ros_common:/workspaces/isaac_ros-dev/src/isaac_ros_nvblox/install/nvblox_msgs:/opt/ros/humble LD_LIBRARY_PATH=/workspaces/isaac_ros-dev/src/isaac_ros_nvblox/install/nvblox_ros/lib:/workspaces/isaac_ros-dev/src/isaac_ros_nvblox/install/nvblox_rviz_plugin/lib:/workspaces/isaac_ros-dev/src/isaac_ros_nvblox/install/nvblox_image_padding/lib:/workspaces/isaac_ros-dev/src/isaac_ros_nvblox/install/nvblox_ros_common/lib:/workspaces/isaac_ros-dev/src/isaac_ros_nvblox/install/nvblox_msgs/lib:${LD_LIBRARY_PATH} PATH=/workspaces/isaac_ros-dev/src/isaac_ros_nvblox/install/nvblox_ros/bin:${PATH} PYTHONPATH=/workspaces/isaac_ros-dev/src/isaac_ros_nvblox/build/nvblox_ros_python_utils:/workspaces/isaac_ros-dev/src/isaac_ros_nvblox/install/nvblox_ros_python_utils/lib/python3.10/site-packages:/workspaces/isaac_ros-dev/src/isaac_ros_nvblox/install/nvblox_msgs/local/lib/python3.10/dist-packages:${PYTHONPATH} _=/usr/bin/env /usr/bin/cmake --install /workspaces/isaac_ros-dev/src/isaac_ros_nvblox/build/nvblox_examples_bringup
[14.288s] Level 1:colcon.colcon_core.environment:create_environment_scripts_only(nvblox_examples_bringup)
[14.288s] Level 1:colcon.colcon_core.environment:checking '/workspaces/isaac_ros-dev/src/isaac_ros_nvblox/install/nvblox_examples_bringup' for CMake module files
[14.288s] DEBUG:colcon.colcon_core.event_handler.log_command:Invoked command in '/workspaces/isaac_ros-dev/src/isaac_ros_nvblox/build/nvblox_examples_bringup' returned '0': AMENT_PREFIX_PATH=/workspaces/isaac_ros-dev/src/isaac_ros_nvblox/install/nvblox_ros:/workspaces/isaac_ros-dev/src/isaac_ros_nvblox/install/semantic_label_conversion:/workspaces/isaac_ros-dev/src/isaac_ros_nvblox/install/nvblox_rviz_plugin:/workspaces/isaac_ros-dev/src/isaac_ros_nvblox/install/nvblox_image_padding:/workspaces/isaac_ros-dev/src/isaac_ros_nvblox/install/nvblox_ros_python_utils:/workspaces/isaac_ros-dev/src/isaac_ros_nvblox/install/nvblox_ros_common:/workspaces/isaac_ros-dev/src/isaac_ros_nvblox/install/nvblox_msgs:${AMENT_PREFIX_PATH} CMAKE_PREFIX_PATH=/workspaces/isaac_ros-dev/src/isaac_ros_nvblox/install/nvblox_ros:/workspaces/isaac_ros-dev/src/isaac_ros_nvblox/install/semantic_label_conversion:/workspaces/isaac_ros-dev/src/isaac_ros_nvblox/install/nvblox_rviz_plugin:/workspaces/isaac_ros-dev/src/isaac_ros_nvblox/install/nvblox_image_padding:/workspaces/isaac_ros-dev/src/isaac_ros_nvblox/install/nvblox_ros_common:/workspaces/isaac_ros-dev/src/isaac_ros_nvblox/install/nvblox_msgs:/opt/ros/humble LD_LIBRARY_PATH=/workspaces/isaac_ros-dev/src/isaac_ros_nvblox/install/nvblox_ros/lib:/workspaces/isaac_ros-dev/src/isaac_ros_nvblox/install/nvblox_rviz_plugin/lib:/workspaces/isaac_ros-dev/src/isaac_ros_nvblox/install/nvblox_image_padding/lib:/workspaces/isaac_ros-dev/src/isaac_ros_nvblox/install/nvblox_ros_common/lib:/workspaces/isaac_ros-dev/src/isaac_ros_nvblox/install/nvblox_msgs/lib:${LD_LIBRARY_PATH} PATH=/workspaces/isaac_ros-dev/src/isaac_ros_nvblox/install/nvblox_ros/bin:${PATH} PYTHONPATH=/workspaces/isaac_ros-dev/src/isaac_ros_nvblox/build/nvblox_ros_python_utils:/workspaces/isaac_ros-dev/src/isaac_ros_nvblox/install/nvblox_ros_python_utils/lib/python3.10/site-packages:/workspaces/isaac_ros-dev/src/isaac_ros_nvblox/install/nvblox_msgs/local/lib/python3.10/dist-packages:${PYTHONPATH} _=/usr/bin/env /usr/bin/cmake --install /workspaces/isaac_ros-dev/src/isaac_ros_nvblox/build/nvblox_examples_bringup
[14.289s] Level 1:colcon.colcon_core.environment:checking '/workspaces/isaac_ros-dev/src/isaac_ros_nvblox/install/nvblox_examples_bringup' for CMake config files
[14.289s] Level 1:colcon.colcon_core.shell:create_environment_hook('nvblox_examples_bringup', 'cmake_prefix_path')
[14.289s] INFO:colcon.colcon_core.shell:Creating environment hook '/workspaces/isaac_ros-dev/src/isaac_ros_nvblox/install/nvblox_examples_bringup/share/nvblox_examples_bringup/hook/cmake_prefix_path.ps1'
[14.290s] INFO:colcon.colcon_core.shell:Creating environment descriptor '/workspaces/isaac_ros-dev/src/isaac_ros_nvblox/install/nvblox_examples_bringup/share/nvblox_examples_bringup/hook/cmake_prefix_path.dsv'
[14.290s] INFO:colcon.colcon_core.shell:Creating environment hook '/workspaces/isaac_ros-dev/src/isaac_ros_nvblox/install/nvblox_examples_bringup/share/nvblox_examples_bringup/hook/cmake_prefix_path.sh'
[14.290s] Level 1:colcon.colcon_core.environment:checking '/workspaces/isaac_ros-dev/src/isaac_ros_nvblox/install/nvblox_examples_bringup/bin'
[14.290s] Level 1:colcon.colcon_core.environment:checking '/workspaces/isaac_ros-dev/src/isaac_ros_nvblox/install/nvblox_examples_bringup/lib/pkgconfig/nvblox_examples_bringup.pc'
[14.290s] Level 1:colcon.colcon_core.environment:checking '/workspaces/isaac_ros-dev/src/isaac_ros_nvblox/install/nvblox_examples_bringup/lib/python3.10/site-packages'
[14.291s] Level 1:colcon.colcon_core.environment:checking '/workspaces/isaac_ros-dev/src/isaac_ros_nvblox/install/nvblox_examples_bringup/bin'
[14.291s] INFO:colcon.colcon_core.shell:Creating package script '/workspaces/isaac_ros-dev/src/isaac_ros_nvblox/install/nvblox_examples_bringup/share/nvblox_examples_bringup/package.ps1'
[14.291s] INFO:colcon.colcon_core.shell:Creating package descriptor '/workspaces/isaac_ros-dev/src/isaac_ros_nvblox/install/nvblox_examples_bringup/share/nvblox_examples_bringup/package.dsv'
[14.291s] INFO:colcon.colcon_core.shell:Creating package script '/workspaces/isaac_ros-dev/src/isaac_ros_nvblox/install/nvblox_examples_bringup/share/nvblox_examples_bringup/package.sh'
[14.292s] INFO:colcon.colcon_core.shell:Creating package script '/workspaces/isaac_ros-dev/src/isaac_ros_nvblox/install/nvblox_examples_bringup/share/nvblox_examples_bringup/package.bash'
[14.292s] INFO:colcon.colcon_core.shell:Creating package script '/workspaces/isaac_ros-dev/src/isaac_ros_nvblox/install/nvblox_examples_bringup/share/nvblox_examples_bringup/package.zsh'
[14.292s] Level 1:colcon.colcon_core.environment:create_file_with_runtime_dependencies(/workspaces/isaac_ros-dev/src/isaac_ros_nvblox/install/nvblox_examples_bringup/share/colcon-core/packages/nvblox_examples_bringup)
[14.425s] Level 1:colcon.colcon_core.environment:create_environment_scripts_only(nvblox_examples_bringup)
[14.426s] Level 1:colcon.colcon_core.environment:checking '/workspaces/isaac_ros-dev/src/isaac_ros_nvblox/install/nvblox_examples_bringup' for CMake module files
[14.426s] Level 1:colcon.colcon_core.environment:checking '/workspaces/isaac_ros-dev/src/isaac_ros_nvblox/install/nvblox_examples_bringup' for CMake config files
[14.426s] Level 1:colcon.colcon_core.shell:create_environment_hook('nvblox_examples_bringup', 'cmake_prefix_path')
[14.426s] INFO:colcon.colcon_core.shell:Creating environment hook '/workspaces/isaac_ros-dev/src/isaac_ros_nvblox/install/nvblox_examples_bringup/share/nvblox_examples_bringup/hook/cmake_prefix_path.ps1'
[14.427s] INFO:colcon.colcon_core.shell:Creating environment descriptor '/workspaces/isaac_ros-dev/src/isaac_ros_nvblox/install/nvblox_examples_bringup/share/nvblox_examples_bringup/hook/cmake_prefix_path.dsv'
[14.427s] INFO:colcon.colcon_core.shell:Creating environment hook '/workspaces/isaac_ros-dev/src/isaac_ros_nvblox/install/nvblox_examples_bringup/share/nvblox_examples_bringup/hook/cmake_prefix_path.sh'
[14.428s] Level 1:colcon.colcon_core.environment:checking '/workspaces/isaac_ros-dev/src/isaac_ros_nvblox/install/nvblox_examples_bringup/bin'
[14.428s] Level 1:colcon.colcon_core.environment:checking '/workspaces/isaac_ros-dev/src/isaac_ros_nvblox/install/nvblox_examples_bringup/lib/pkgconfig/nvblox_examples_bringup.pc'
[14.428s] Level 1:colcon.colcon_core.environment:checking '/workspaces/isaac_ros-dev/src/isaac_ros_nvblox/install/nvblox_examples_bringup/lib/python3.10/site-packages'
[14.428s] Level 1:colcon.colcon_core.environment:checking '/workspaces/isaac_ros-dev/src/isaac_ros_nvblox/install/nvblox_examples_bringup/bin'
[14.428s] INFO:colcon.colcon_core.shell:Creating package script '/workspaces/isaac_ros-dev/src/isaac_ros_nvblox/install/nvblox_examples_bringup/share/nvblox_examples_bringup/package.ps1'
[14.429s] INFO:colcon.colcon_core.shell:Creating package descriptor '/workspaces/isaac_ros-dev/src/isaac_ros_nvblox/install/nvblox_examples_bringup/share/nvblox_examples_bringup/package.dsv'
[14.429s] INFO:colcon.colcon_core.shell:Creating package script '/workspaces/isaac_ros-dev/src/isaac_ros_nvblox/install/nvblox_examples_bringup/share/nvblox_examples_bringup/package.sh'
[14.429s] INFO:colcon.colcon_core.shell:Creating package script '/workspaces/isaac_ros-dev/src/isaac_ros_nvblox/install/nvblox_examples_bringup/share/nvblox_examples_bringup/package.bash'
[14.430s] INFO:colcon.colcon_core.shell:Creating package script '/workspaces/isaac_ros-dev/src/isaac_ros_nvblox/install/nvblox_examples_bringup/share/nvblox_examples_bringup/package.zsh'
[14.430s] Level 1:colcon.colcon_core.environment:create_file_with_runtime_dependencies(/workspaces/isaac_ros-dev/src/isaac_ros_nvblox/install/nvblox_examples_bringup/share/colcon-core/packages/nvblox_examples_bringup)
[14.430s] INFO:colcon.colcon_ros.task.ament_cmake.build:Building ROS package in '/workspaces/isaac_ros-dev/src/isaac_ros_nvblox/isaac_ros_nvblox' with build type 'ament_cmake'
[14.430s] INFO:colcon.colcon_cmake.task.cmake.build:Building CMake package in '/workspaces/isaac_ros-dev/src/isaac_ros_nvblox/isaac_ros_nvblox'
[14.430s] INFO:colcon.colcon_core.shell:Skip shell extension 'powershell' for command environment: Not usable outside of PowerShell
[14.430s] DEBUG:colcon.colcon_core.shell:Skip shell extension 'dsv' for command environment
[14.476s] DEBUG:colcon.colcon_core.event_handler.log_command:Invoking command in '/workspaces/isaac_ros-dev/src/isaac_ros_nvblox/build/isaac_ros_nvblox': AMENT_PREFIX_PATH=/workspaces/isaac_ros-dev/src/isaac_ros_nvblox/install/nvblox_examples_bringup:/workspaces/isaac_ros-dev/src/isaac_ros_nvblox/install/nvblox_ros:/workspaces/isaac_ros-dev/src/isaac_ros_nvblox/install/semantic_label_conversion:/workspaces/isaac_ros-dev/src/isaac_ros_nvblox/install/nvblox_rviz_plugin:/workspaces/isaac_ros-dev/src/isaac_ros_nvblox/install/nvblox_image_padding:/workspaces/isaac_ros-dev/src/isaac_ros_nvblox/install/nvblox_ros_python_utils:/workspaces/isaac_ros-dev/src/isaac_ros_nvblox/install/nvblox_ros_common:/workspaces/isaac_ros-dev/src/isaac_ros_nvblox/install/nvblox_msgs:${AMENT_PREFIX_PATH} CMAKE_PREFIX_PATH=/workspaces/isaac_ros-dev/src/isaac_ros_nvblox/install/nvblox_examples_bringup:/workspaces/isaac_ros-dev/src/isaac_ros_nvblox/install/nvblox_ros:/workspaces/isaac_ros-dev/src/isaac_ros_nvblox/install/semantic_label_conversion:/workspaces/isaac_ros-dev/src/isaac_ros_nvblox/install/nvblox_rviz_plugin:/workspaces/isaac_ros-dev/src/isaac_ros_nvblox/install/nvblox_image_padding:/workspaces/isaac_ros-dev/src/isaac_ros_nvblox/install/nvblox_ros_common:/workspaces/isaac_ros-dev/src/isaac_ros_nvblox/install/nvblox_msgs:/opt/ros/humble LD_LIBRARY_PATH=/workspaces/isaac_ros-dev/src/isaac_ros_nvblox/install/nvblox_ros/lib:/workspaces/isaac_ros-dev/src/isaac_ros_nvblox/install/nvblox_rviz_plugin/lib:/workspaces/isaac_ros-dev/src/isaac_ros_nvblox/install/nvblox_image_padding/lib:/workspaces/isaac_ros-dev/src/isaac_ros_nvblox/install/nvblox_ros_common/lib:/workspaces/isaac_ros-dev/src/isaac_ros_nvblox/install/nvblox_msgs/lib:${LD_LIBRARY_PATH} PATH=/workspaces/isaac_ros-dev/src/isaac_ros_nvblox/install/nvblox_ros/bin:${PATH} PYTHONPATH=/workspaces/isaac_ros-dev/src/isaac_ros_nvblox/build/nvblox_ros_python_utils:/workspaces/isaac_ros-dev/src/isaac_ros_nvblox/install/nvblox_ros_python_utils/lib/python3.10/site-packages:/workspaces/isaac_ros-dev/src/isaac_ros_nvblox/install/nvblox_msgs/local/lib/python3.10/dist-packages:${PYTHONPATH} _=/usr/bin/env /usr/bin/cmake --build /workspaces/isaac_ros-dev/src/isaac_ros_nvblox/build/isaac_ros_nvblox -- -j48 -l48
[14.518s] DEBUG:colcon.colcon_core.event_handler.log_command:Invoked command in '/workspaces/isaac_ros-dev/src/isaac_ros_nvblox/build/isaac_ros_nvblox' returned '0': AMENT_PREFIX_PATH=/workspaces/isaac_ros-dev/src/isaac_ros_nvblox/install/nvblox_examples_bringup:/workspaces/isaac_ros-dev/src/isaac_ros_nvblox/install/nvblox_ros:/workspaces/isaac_ros-dev/src/isaac_ros_nvblox/install/semantic_label_conversion:/workspaces/isaac_ros-dev/src/isaac_ros_nvblox/install/nvblox_rviz_plugin:/workspaces/isaac_ros-dev/src/isaac_ros_nvblox/install/nvblox_image_padding:/workspaces/isaac_ros-dev/src/isaac_ros_nvblox/install/nvblox_ros_python_utils:/workspaces/isaac_ros-dev/src/isaac_ros_nvblox/install/nvblox_ros_common:/workspaces/isaac_ros-dev/src/isaac_ros_nvblox/install/nvblox_msgs:${AMENT_PREFIX_PATH} CMAKE_PREFIX_PATH=/workspaces/isaac_ros-dev/src/isaac_ros_nvblox/install/nvblox_examples_bringup:/workspaces/isaac_ros-dev/src/isaac_ros_nvblox/install/nvblox_ros:/workspaces/isaac_ros-dev/src/isaac_ros_nvblox/install/semantic_label_conversion:/workspaces/isaac_ros-dev/src/isaac_ros_nvblox/install/nvblox_rviz_plugin:/workspaces/isaac_ros-dev/src/isaac_ros_nvblox/install/nvblox_image_padding:/workspaces/isaac_ros-dev/src/isaac_ros_nvblox/install/nvblox_ros_common:/workspaces/isaac_ros-dev/src/isaac_ros_nvblox/install/nvblox_msgs:/opt/ros/humble LD_LIBRARY_PATH=/workspaces/isaac_ros-dev/src/isaac_ros_nvblox/install/nvblox_ros/lib:/workspaces/isaac_ros-dev/src/isaac_ros_nvblox/install/nvblox_rviz_plugin/lib:/workspaces/isaac_ros-dev/src/isaac_ros_nvblox/install/nvblox_image_padding/lib:/workspaces/isaac_ros-dev/src/isaac_ros_nvblox/install/nvblox_ros_common/lib:/workspaces/isaac_ros-dev/src/isaac_ros_nvblox/install/nvblox_msgs/lib:${LD_LIBRARY_PATH} PATH=/workspaces/isaac_ros-dev/src/isaac_ros_nvblox/install/nvblox_ros/bin:${PATH} PYTHONPATH=/workspaces/isaac_ros-dev/src/isaac_ros_nvblox/build/nvblox_ros_python_utils:/workspaces/isaac_ros-dev/src/isaac_ros_nvblox/install/nvblox_ros_python_utils/lib/python3.10/site-packages:/workspaces/isaac_ros-dev/src/isaac_ros_nvblox/install/nvblox_msgs/local/lib/python3.10/dist-packages:${PYTHONPATH} _=/usr/bin/env /usr/bin/cmake --build /workspaces/isaac_ros-dev/src/isaac_ros_nvblox/build/isaac_ros_nvblox -- -j48 -l48
[14.657s] DEBUG:colcon.colcon_core.event_handler.log_command:Invoking command in '/workspaces/isaac_ros-dev/src/isaac_ros_nvblox/build/isaac_ros_nvblox': AMENT_PREFIX_PATH=/workspaces/isaac_ros-dev/src/isaac_ros_nvblox/install/nvblox_examples_bringup:/workspaces/isaac_ros-dev/src/isaac_ros_nvblox/install/nvblox_ros:/workspaces/isaac_ros-dev/src/isaac_ros_nvblox/install/semantic_label_conversion:/workspaces/isaac_ros-dev/src/isaac_ros_nvblox/install/nvblox_rviz_plugin:/workspaces/isaac_ros-dev/src/isaac_ros_nvblox/install/nvblox_image_padding:/workspaces/isaac_ros-dev/src/isaac_ros_nvblox/install/nvblox_ros_python_utils:/workspaces/isaac_ros-dev/src/isaac_ros_nvblox/install/nvblox_ros_common:/workspaces/isaac_ros-dev/src/isaac_ros_nvblox/install/nvblox_msgs:${AMENT_PREFIX_PATH} CMAKE_PREFIX_PATH=/workspaces/isaac_ros-dev/src/isaac_ros_nvblox/install/nvblox_examples_bringup:/workspaces/isaac_ros-dev/src/isaac_ros_nvblox/install/nvblox_ros:/workspaces/isaac_ros-dev/src/isaac_ros_nvblox/install/semantic_label_conversion:/workspaces/isaac_ros-dev/src/isaac_ros_nvblox/install/nvblox_rviz_plugin:/workspaces/isaac_ros-dev/src/isaac_ros_nvblox/install/nvblox_image_padding:/workspaces/isaac_ros-dev/src/isaac_ros_nvblox/install/nvblox_ros_common:/workspaces/isaac_ros-dev/src/isaac_ros_nvblox/install/nvblox_msgs:/opt/ros/humble LD_LIBRARY_PATH=/workspaces/isaac_ros-dev/src/isaac_ros_nvblox/install/nvblox_ros/lib:/workspaces/isaac_ros-dev/src/isaac_ros_nvblox/install/nvblox_rviz_plugin/lib:/workspaces/isaac_ros-dev/src/isaac_ros_nvblox/install/nvblox_image_padding/lib:/workspaces/isaac_ros-dev/src/isaac_ros_nvblox/install/nvblox_ros_common/lib:/workspaces/isaac_ros-dev/src/isaac_ros_nvblox/install/nvblox_msgs/lib:${LD_LIBRARY_PATH} PATH=/workspaces/isaac_ros-dev/src/isaac_ros_nvblox/install/nvblox_ros/bin:${PATH} PYTHONPATH=/workspaces/isaac_ros-dev/src/isaac_ros_nvblox/build/nvblox_ros_python_utils:/workspaces/isaac_ros-dev/src/isaac_ros_nvblox/install/nvblox_ros_python_utils/lib/python3.10/site-packages:/workspaces/isaac_ros-dev/src/isaac_ros_nvblox/install/nvblox_msgs/local/lib/python3.10/dist-packages:${PYTHONPATH} _=/usr/bin/env /usr/bin/cmake --install /workspaces/isaac_ros-dev/src/isaac_ros_nvblox/build/isaac_ros_nvblox
[14.678s] Level 1:colcon.colcon_core.environment:create_environment_scripts_only(isaac_ros_nvblox)
[14.679s] Level 1:colcon.colcon_core.environment:checking '/workspaces/isaac_ros-dev/src/isaac_ros_nvblox/install/isaac_ros_nvblox' for CMake module files
[14.679s] DEBUG:colcon.colcon_core.event_handler.log_command:Invoked command in '/workspaces/isaac_ros-dev/src/isaac_ros_nvblox/build/isaac_ros_nvblox' returned '0': AMENT_PREFIX_PATH=/workspaces/isaac_ros-dev/src/isaac_ros_nvblox/install/nvblox_examples_bringup:/workspaces/isaac_ros-dev/src/isaac_ros_nvblox/install/nvblox_ros:/workspaces/isaac_ros-dev/src/isaac_ros_nvblox/install/semantic_label_conversion:/workspaces/isaac_ros-dev/src/isaac_ros_nvblox/install/nvblox_rviz_plugin:/workspaces/isaac_ros-dev/src/isaac_ros_nvblox/install/nvblox_image_padding:/workspaces/isaac_ros-dev/src/isaac_ros_nvblox/install/nvblox_ros_python_utils:/workspaces/isaac_ros-dev/src/isaac_ros_nvblox/install/nvblox_ros_common:/workspaces/isaac_ros-dev/src/isaac_ros_nvblox/install/nvblox_msgs:${AMENT_PREFIX_PATH} CMAKE_PREFIX_PATH=/workspaces/isaac_ros-dev/src/isaac_ros_nvblox/install/nvblox_examples_bringup:/workspaces/isaac_ros-dev/src/isaac_ros_nvblox/install/nvblox_ros:/workspaces/isaac_ros-dev/src/isaac_ros_nvblox/install/semantic_label_conversion:/workspaces/isaac_ros-dev/src/isaac_ros_nvblox/install/nvblox_rviz_plugin:/workspaces/isaac_ros-dev/src/isaac_ros_nvblox/install/nvblox_image_padding:/workspaces/isaac_ros-dev/src/isaac_ros_nvblox/install/nvblox_ros_common:/workspaces/isaac_ros-dev/src/isaac_ros_nvblox/install/nvblox_msgs:/opt/ros/humble LD_LIBRARY_PATH=/workspaces/isaac_ros-dev/src/isaac_ros_nvblox/install/nvblox_ros/lib:/workspaces/isaac_ros-dev/src/isaac_ros_nvblox/install/nvblox_rviz_plugin/lib:/workspaces/isaac_ros-dev/src/isaac_ros_nvblox/install/nvblox_image_padding/lib:/workspaces/isaac_ros-dev/src/isaac_ros_nvblox/install/nvblox_ros_common/lib:/workspaces/isaac_ros-dev/src/isaac_ros_nvblox/install/nvblox_msgs/lib:${LD_LIBRARY_PATH} PATH=/workspaces/isaac_ros-dev/src/isaac_ros_nvblox/install/nvblox_ros/bin:${PATH} PYTHONPATH=/workspaces/isaac_ros-dev/src/isaac_ros_nvblox/build/nvblox_ros_python_utils:/workspaces/isaac_ros-dev/src/isaac_ros_nvblox/install/nvblox_ros_python_utils/lib/python3.10/site-packages:/workspaces/isaac_ros-dev/src/isaac_ros_nvblox/install/nvblox_msgs/local/lib/python3.10/dist-packages:${PYTHONPATH} _=/usr/bin/env /usr/bin/cmake --install /workspaces/isaac_ros-dev/src/isaac_ros_nvblox/build/isaac_ros_nvblox
[14.679s] Level 1:colcon.colcon_core.environment:checking '/workspaces/isaac_ros-dev/src/isaac_ros_nvblox/install/isaac_ros_nvblox' for CMake config files
[14.680s] Level 1:colcon.colcon_core.shell:create_environment_hook('isaac_ros_nvblox', 'cmake_prefix_path')
[14.680s] INFO:colcon.colcon_core.shell:Creating environment hook '/workspaces/isaac_ros-dev/src/isaac_ros_nvblox/install/isaac_ros_nvblox/share/isaac_ros_nvblox/hook/cmake_prefix_path.ps1'
[14.680s] INFO:colcon.colcon_core.shell:Creating environment descriptor '/workspaces/isaac_ros-dev/src/isaac_ros_nvblox/install/isaac_ros_nvblox/share/isaac_ros_nvblox/hook/cmake_prefix_path.dsv'
[14.680s] INFO:colcon.colcon_core.shell:Creating environment hook '/workspaces/isaac_ros-dev/src/isaac_ros_nvblox/install/isaac_ros_nvblox/share/isaac_ros_nvblox/hook/cmake_prefix_path.sh'
[14.681s] Level 1:colcon.colcon_core.environment:checking '/workspaces/isaac_ros-dev/src/isaac_ros_nvblox/install/isaac_ros_nvblox/bin'
[14.681s] Level 1:colcon.colcon_core.environment:checking '/workspaces/isaac_ros-dev/src/isaac_ros_nvblox/install/isaac_ros_nvblox/lib/pkgconfig/isaac_ros_nvblox.pc'
[14.681s] Level 1:colcon.colcon_core.environment:checking '/workspaces/isaac_ros-dev/src/isaac_ros_nvblox/install/isaac_ros_nvblox/lib/python3.10/site-packages'
[14.681s] Level 1:colcon.colcon_core.environment:checking '/workspaces/isaac_ros-dev/src/isaac_ros_nvblox/install/isaac_ros_nvblox/bin'
[14.681s] INFO:colcon.colcon_core.shell:Creating package script '/workspaces/isaac_ros-dev/src/isaac_ros_nvblox/install/isaac_ros_nvblox/share/isaac_ros_nvblox/package.ps1'
[14.682s] INFO:colcon.colcon_core.shell:Creating package descriptor '/workspaces/isaac_ros-dev/src/isaac_ros_nvblox/install/isaac_ros_nvblox/share/isaac_ros_nvblox/package.dsv'
[14.682s] INFO:colcon.colcon_core.shell:Creating package script '/workspaces/isaac_ros-dev/src/isaac_ros_nvblox/install/isaac_ros_nvblox/share/isaac_ros_nvblox/package.sh'
[14.682s] INFO:colcon.colcon_core.shell:Creating package script '/workspaces/isaac_ros-dev/src/isaac_ros_nvblox/install/isaac_ros_nvblox/share/isaac_ros_nvblox/package.bash'
[14.683s] INFO:colcon.colcon_core.shell:Creating package script '/workspaces/isaac_ros-dev/src/isaac_ros_nvblox/install/isaac_ros_nvblox/share/isaac_ros_nvblox/package.zsh'
[14.683s] Level 1:colcon.colcon_core.environment:create_file_with_runtime_dependencies(/workspaces/isaac_ros-dev/src/isaac_ros_nvblox/install/isaac_ros_nvblox/share/colcon-core/packages/isaac_ros_nvblox)
[14.812s] Level 1:colcon.colcon_core.environment:create_environment_scripts_only(isaac_ros_nvblox)
[14.812s] Level 1:colcon.colcon_core.environment:checking '/workspaces/isaac_ros-dev/src/isaac_ros_nvblox/install/isaac_ros_nvblox' for CMake module files
[14.813s] Level 1:colcon.colcon_core.environment:checking '/workspaces/isaac_ros-dev/src/isaac_ros_nvblox/install/isaac_ros_nvblox' for CMake config files
[14.813s] Level 1:colcon.colcon_core.shell:create_environment_hook('isaac_ros_nvblox', 'cmake_prefix_path')
[14.813s] INFO:colcon.colcon_core.shell:Creating environment hook '/workspaces/isaac_ros-dev/src/isaac_ros_nvblox/install/isaac_ros_nvblox/share/isaac_ros_nvblox/hook/cmake_prefix_path.ps1'
[14.814s] INFO:colcon.colcon_core.shell:Creating environment descriptor '/workspaces/isaac_ros-dev/src/isaac_ros_nvblox/install/isaac_ros_nvblox/share/isaac_ros_nvblox/hook/cmake_prefix_path.dsv'
[14.814s] INFO:colcon.colcon_core.shell:Creating environment hook '/workspaces/isaac_ros-dev/src/isaac_ros_nvblox/install/isaac_ros_nvblox/share/isaac_ros_nvblox/hook/cmake_prefix_path.sh'
[14.814s] Level 1:colcon.colcon_core.environment:checking '/workspaces/isaac_ros-dev/src/isaac_ros_nvblox/install/isaac_ros_nvblox/bin'
[14.814s] Level 1:colcon.colcon_core.environment:checking '/workspaces/isaac_ros-dev/src/isaac_ros_nvblox/install/isaac_ros_nvblox/lib/pkgconfig/isaac_ros_nvblox.pc'
[14.814s] Level 1:colcon.colcon_core.environment:checking '/workspaces/isaac_ros-dev/src/isaac_ros_nvblox/install/isaac_ros_nvblox/lib/python3.10/site-packages'
[14.815s] Level 1:colcon.colcon_core.environment:checking '/workspaces/isaac_ros-dev/src/isaac_ros_nvblox/install/isaac_ros_nvblox/bin'
[14.815s] INFO:colcon.colcon_core.shell:Creating package script '/workspaces/isaac_ros-dev/src/isaac_ros_nvblox/install/isaac_ros_nvblox/share/isaac_ros_nvblox/package.ps1'
[14.815s] INFO:colcon.colcon_core.shell:Creating package descriptor '/workspaces/isaac_ros-dev/src/isaac_ros_nvblox/install/isaac_ros_nvblox/share/isaac_ros_nvblox/package.dsv'
[14.815s] INFO:colcon.colcon_core.shell:Creating package script '/workspaces/isaac_ros-dev/src/isaac_ros_nvblox/install/isaac_ros_nvblox/share/isaac_ros_nvblox/package.sh'
[14.816s] INFO:colcon.colcon_core.shell:Creating package script '/workspaces/isaac_ros-dev/src/isaac_ros_nvblox/install/isaac_ros_nvblox/share/isaac_ros_nvblox/package.bash'
[14.816s] INFO:colcon.colcon_core.shell:Creating package script '/workspaces/isaac_ros-dev/src/isaac_ros_nvblox/install/isaac_ros_nvblox/share/isaac_ros_nvblox/package.zsh'
[14.816s] Level 1:colcon.colcon_core.environment:create_file_with_runtime_dependencies(/workspaces/isaac_ros-dev/src/isaac_ros_nvblox/install/isaac_ros_nvblox/share/colcon-core/packages/isaac_ros_nvblox)
[14.817s] DEBUG:colcon.colcon_parallel_executor.executor.parallel:closing loop
[14.817s] DEBUG:colcon.colcon_parallel_executor.executor.parallel:loop closed
[14.817s] DEBUG:colcon.colcon_parallel_executor.executor.parallel:run_until_complete finished with '0'
[14.817s] DEBUG:colcon.colcon_core.event_reactor:joining thread
[14.821s] INFO:colcon.colcon_core.plugin_system:Skipping extension 'colcon_notification.desktop_notification.notify_send': Could not find 'notify-send'
[14.821s] INFO:colcon.colcon_core.plugin_system:Skipping extension 'colcon_notification.desktop_notification.terminal_notifier': Not used on non-Darwin systems
[14.821s] INFO:colcon.colcon_core.plugin_system:Skipping extension 'colcon_notification.desktop_notification.win32': Not used on non-Windows systems
[14.821s] INFO:colcon.colcon_notification.desktop_notification:Sending desktop notification using 'notify2'
[14.825s] DEBUG:colcon.colcon_notification.desktop_notification.notify2:Failed to initialize notify2: org.freedesktop.DBus.Error.Spawn.ExecFailed: /usr/bin/dbus-launch terminated abnormally without any error message
[14.825s] DEBUG:colcon.colcon_core.event_reactor:joined thread
[14.826s] INFO:colcon.colcon_core.shell:Creating prefix script '/workspaces/isaac_ros-dev/src/isaac_ros_nvblox/install/local_setup.ps1'
[14.826s] INFO:colcon.colcon_core.shell:Creating prefix util module '/workspaces/isaac_ros-dev/src/isaac_ros_nvblox/install/_local_setup_util_ps1.py'
[14.827s] INFO:colcon.colcon_core.shell:Creating prefix chain script '/workspaces/isaac_ros-dev/src/isaac_ros_nvblox/install/setup.ps1'
[14.828s] INFO:colcon.colcon_core.shell:Creating prefix script '/workspaces/isaac_ros-dev/src/isaac_ros_nvblox/install/local_setup.sh'
[14.829s] INFO:colcon.colcon_core.shell:Creating prefix util module '/workspaces/isaac_ros-dev/src/isaac_ros_nvblox/install/_local_setup_util_sh.py'
[14.829s] INFO:colcon.colcon_core.shell:Creating prefix chain script '/workspaces/isaac_ros-dev/src/isaac_ros_nvblox/install/setup.sh'
[14.830s] INFO:colcon.colcon_core.shell:Creating prefix script '/workspaces/isaac_ros-dev/src/isaac_ros_nvblox/install/local_setup.bash'
[14.830s] INFO:colcon.colcon_core.shell:Creating prefix chain script '/workspaces/isaac_ros-dev/src/isaac_ros_nvblox/install/setup.bash'
[14.831s] INFO:colcon.colcon_core.shell:Creating prefix script '/workspaces/isaac_ros-dev/src/isaac_ros_nvblox/install/local_setup.zsh'
[14.831s] INFO:colcon.colcon_core.shell:Creating prefix chain script '/workspaces/isaac_ros-dev/src/isaac_ros_nvblox/install/setup.zsh'
