[0.077s] DEBUG:colcon:Command line arguments: ['/usr/bin/colcon', 'build', '--symlink-install']
[0.077s] DEBUG:colcon:Parsed command line arguments: Namespace(log_base=None, log_level=None, verb_name='build', build_base='build', install_base='install', merge_install=False, symlink_install=True, test_result_base=None, continue_on_error=False, executor='parallel', parallel_workers=48, event_handlers=None, ignore_user_meta=False, metas=['./colcon.meta'], base_paths=['.'], packages_ignore=None, packages_ignore_regex=None, paths=None, packages_up_to=None, packages_up_to_regex=None, packages_above=None, packages_above_and_dependencies=None, packages_above_depth=None, packages_select_by_dep=None, packages_skip_by_dep=None, packages_skip_up_to=None, packages_select_build_failed=False, packages_skip_build_finished=False, packages_select_test_failures=False, packages_skip_test_passed=False, packages_select=None, packages_skip=None, packages_select_regex=None, packages_skip_regex=None, packages_start=None, packages_end=None, allow_overriding=[], cmake_args=None, cmake_target=None, cmake_target_skip_unavailable=False, cmake_clean_cache=False, cmake_clean_first=False, cmake_force_configure=False, ament_cmake_args=None, catkin_cmake_args=None, catkin_skip_building_tests=False, verb_parser=<colcon_defaults.argument_parser.defaults.DefaultArgumentsDecorator object at 0x7a0962669c00>, verb_extension=<colcon_core.verb.build.BuildVerb object at 0x7a09627569b0>, main=<bound method BuildVerb.main of <colcon_core.verb.build.BuildVerb object at 0x7a09627569b0>>)
[0.265s] Level 1:colcon.colcon_core.package_discovery:discover_packages(colcon_meta) check parameters
[0.265s] Level 1:colcon.colcon_core.package_discovery:discover_packages(recursive) check parameters
[0.265s] Level 1:colcon.colcon_core.package_discovery:discover_packages(ignore) check parameters
[0.265s] Level 1:colcon.colcon_core.package_discovery:discover_packages(path) check parameters
[0.265s] Level 1:colcon.colcon_core.package_discovery:discover_packages(colcon_meta) discover
[0.266s] Level 1:colcon.colcon_core.package_discovery:discover_packages(recursive) discover
[0.266s] INFO:colcon.colcon_core.package_discovery:Crawling recursively for packages in '/workspaces/isaac_ros-dev/src/isaac_ros_nvblox'
[0.266s] Level 1:colcon.colcon_core.package_identification:_identify(.) by extensions ['ignore', 'ignore_ament_install']
[0.266s] Level 1:colcon.colcon_core.package_identification:_identify(.) by extension 'ignore'
[0.266s] Level 1:colcon.colcon_core.package_identification:_identify(.) by extension 'ignore_ament_install'
[0.266s] Level 1:colcon.colcon_core.package_identification:_identify(.) by extensions ['colcon_pkg']
[0.266s] Level 1:colcon.colcon_core.package_identification:_identify(.) by extension 'colcon_pkg'
[0.266s] Level 1:colcon.colcon_core.package_identification:_identify(.) by extensions ['colcon_meta']
[0.266s] Level 1:colcon.colcon_core.package_identification:_identify(.) by extension 'colcon_meta'
[0.266s] Level 1:colcon.colcon_core.package_identification:_identify(.) by extensions ['ros']
[0.266s] Level 1:colcon.colcon_core.package_identification:_identify(.) by extension 'ros'
[0.275s] Level 1:colcon.colcon_core.package_identification:_identify(.) by extensions ['cmake', 'python']
[0.276s] Level 1:colcon.colcon_core.package_identification:_identify(.) by extension 'cmake'
[0.276s] Level 1:colcon.colcon_core.package_identification:_identify(.) by extension 'python'
[0.276s] Level 1:colcon.colcon_core.package_identification:_identify(.) by extensions ['python_setup_py']
[0.276s] Level 1:colcon.colcon_core.package_identification:_identify(.) by extension 'python_setup_py'
[0.276s] Level 1:colcon.colcon_core.package_identification:_identify(build) by extensions ['ignore', 'ignore_ament_install']
[0.276s] Level 1:colcon.colcon_core.package_identification:_identify(build) by extension 'ignore'
[0.276s] Level 1:colcon.colcon_core.package_identification:_identify(build) ignored
[0.276s] Level 1:colcon.colcon_core.package_identification:_identify(install) by extensions ['ignore', 'ignore_ament_install']
[0.276s] Level 1:colcon.colcon_core.package_identification:_identify(install) by extension 'ignore'
[0.276s] Level 1:colcon.colcon_core.package_identification:_identify(install) ignored
[0.276s] Level 1:colcon.colcon_core.package_identification:_identify(isaac_ros_nvblox) by extensions ['ignore', 'ignore_ament_install']
[0.276s] Level 1:colcon.colcon_core.package_identification:_identify(isaac_ros_nvblox) by extension 'ignore'
[0.276s] Level 1:colcon.colcon_core.package_identification:_identify(isaac_ros_nvblox) by extension 'ignore_ament_install'
[0.276s] Level 1:colcon.colcon_core.package_identification:_identify(isaac_ros_nvblox) by extensions ['colcon_pkg']
[0.276s] Level 1:colcon.colcon_core.package_identification:_identify(isaac_ros_nvblox) by extension 'colcon_pkg'
[0.276s] Level 1:colcon.colcon_core.package_identification:_identify(isaac_ros_nvblox) by extensions ['colcon_meta']
[0.276s] Level 1:colcon.colcon_core.package_identification:_identify(isaac_ros_nvblox) by extension 'colcon_meta'
[0.276s] Level 1:colcon.colcon_core.package_identification:_identify(isaac_ros_nvblox) by extensions ['ros']
[0.276s] Level 1:colcon.colcon_core.package_identification:_identify(isaac_ros_nvblox) by extension 'ros'
[0.278s] DEBUG:colcon.colcon_core.package_identification:Package 'isaac_ros_nvblox' with type 'ros.ament_cmake' and name 'isaac_ros_nvblox'
[0.278s] Level 1:colcon.colcon_core.package_identification:_identify(log) by extensions ['ignore', 'ignore_ament_install']
[0.278s] Level 1:colcon.colcon_core.package_identification:_identify(log) by extension 'ignore'
[0.278s] Level 1:colcon.colcon_core.package_identification:_identify(log) ignored
[0.278s] Level 1:colcon.colcon_core.package_identification:_identify(nvblox_examples) by extensions ['ignore', 'ignore_ament_install']
[0.278s] Level 1:colcon.colcon_core.package_identification:_identify(nvblox_examples) by extension 'ignore'
[0.278s] Level 1:colcon.colcon_core.package_identification:_identify(nvblox_examples) by extension 'ignore_ament_install'
[0.278s] Level 1:colcon.colcon_core.package_identification:_identify(nvblox_examples) by extensions ['colcon_pkg']
[0.279s] Level 1:colcon.colcon_core.package_identification:_identify(nvblox_examples) by extension 'colcon_pkg'
[0.279s] Level 1:colcon.colcon_core.package_identification:_identify(nvblox_examples) by extensions ['colcon_meta']
[0.279s] Level 1:colcon.colcon_core.package_identification:_identify(nvblox_examples) by extension 'colcon_meta'
[0.279s] Level 1:colcon.colcon_core.package_identification:_identify(nvblox_examples) by extensions ['ros']
[0.279s] Level 1:colcon.colcon_core.package_identification:_identify(nvblox_examples) by extension 'ros'
[0.279s] Level 1:colcon.colcon_core.package_identification:_identify(nvblox_examples) by extensions ['cmake', 'python']
[0.279s] Level 1:colcon.colcon_core.package_identification:_identify(nvblox_examples) by extension 'cmake'
[0.279s] Level 1:colcon.colcon_core.package_identification:_identify(nvblox_examples) by extension 'python'
[0.279s] Level 1:colcon.colcon_core.package_identification:_identify(nvblox_examples) by extensions ['python_setup_py']
[0.279s] Level 1:colcon.colcon_core.package_identification:_identify(nvblox_examples) by extension 'python_setup_py'
[0.279s] Level 1:colcon.colcon_core.package_identification:_identify(nvblox_examples/nvblox_examples_bringup) by extensions ['ignore', 'ignore_ament_install']
[0.279s] Level 1:colcon.colcon_core.package_identification:_identify(nvblox_examples/nvblox_examples_bringup) by extension 'ignore'
[0.279s] Level 1:colcon.colcon_core.package_identification:_identify(nvblox_examples/nvblox_examples_bringup) by extension 'ignore_ament_install'
[0.279s] Level 1:colcon.colcon_core.package_identification:_identify(nvblox_examples/nvblox_examples_bringup) by extensions ['colcon_pkg']
[0.279s] Level 1:colcon.colcon_core.package_identification:_identify(nvblox_examples/nvblox_examples_bringup) by extension 'colcon_pkg'
[0.279s] Level 1:colcon.colcon_core.package_identification:_identify(nvblox_examples/nvblox_examples_bringup) by extensions ['colcon_meta']
[0.279s] Level 1:colcon.colcon_core.package_identification:_identify(nvblox_examples/nvblox_examples_bringup) by extension 'colcon_meta'
[0.279s] Level 1:colcon.colcon_core.package_identification:_identify(nvblox_examples/nvblox_examples_bringup) by extensions ['ros']
[0.279s] Level 1:colcon.colcon_core.package_identification:_identify(nvblox_examples/nvblox_examples_bringup) by extension 'ros'
[0.280s] DEBUG:colcon.colcon_core.package_identification:Package 'nvblox_examples/nvblox_examples_bringup' with type 'ros.ament_cmake' and name 'nvblox_examples_bringup'
[0.280s] Level 1:colcon.colcon_core.package_identification:_identify(nvblox_examples/nvblox_image_padding) by extensions ['ignore', 'ignore_ament_install']
[0.280s] Level 1:colcon.colcon_core.package_identification:_identify(nvblox_examples/nvblox_image_padding) by extension 'ignore'
[0.280s] Level 1:colcon.colcon_core.package_identification:_identify(nvblox_examples/nvblox_image_padding) by extension 'ignore_ament_install'
[0.280s] Level 1:colcon.colcon_core.package_identification:_identify(nvblox_examples/nvblox_image_padding) by extensions ['colcon_pkg']
[0.280s] Level 1:colcon.colcon_core.package_identification:_identify(nvblox_examples/nvblox_image_padding) by extension 'colcon_pkg'
[0.280s] Level 1:colcon.colcon_core.package_identification:_identify(nvblox_examples/nvblox_image_padding) by extensions ['colcon_meta']
[0.280s] Level 1:colcon.colcon_core.package_identification:_identify(nvblox_examples/nvblox_image_padding) by extension 'colcon_meta'
[0.280s] Level 1:colcon.colcon_core.package_identification:_identify(nvblox_examples/nvblox_image_padding) by extensions ['ros']
[0.280s] Level 1:colcon.colcon_core.package_identification:_identify(nvblox_examples/nvblox_image_padding) by extension 'ros'
[0.281s] DEBUG:colcon.colcon_core.package_identification:Package 'nvblox_examples/nvblox_image_padding' with type 'ros.ament_cmake' and name 'nvblox_image_padding'
[0.281s] Level 1:colcon.colcon_core.package_identification:_identify(nvblox_examples/realsense_splitter) by extensions ['ignore', 'ignore_ament_install']
[0.281s] Level 1:colcon.colcon_core.package_identification:_identify(nvblox_examples/realsense_splitter) by extension 'ignore'
[0.281s] Level 1:colcon.colcon_core.package_identification:_identify(nvblox_examples/realsense_splitter) ignored
[0.281s] Level 1:colcon.colcon_core.package_identification:_identify(nvblox_examples/semantic_label_conversion) by extensions ['ignore', 'ignore_ament_install']
[0.281s] Level 1:colcon.colcon_core.package_identification:_identify(nvblox_examples/semantic_label_conversion) by extension 'ignore'
[0.282s] Level 1:colcon.colcon_core.package_identification:_identify(nvblox_examples/semantic_label_conversion) by extension 'ignore_ament_install'
[0.282s] Level 1:colcon.colcon_core.package_identification:_identify(nvblox_examples/semantic_label_conversion) by extensions ['colcon_pkg']
[0.282s] Level 1:colcon.colcon_core.package_identification:_identify(nvblox_examples/semantic_label_conversion) by extension 'colcon_pkg'
[0.282s] Level 1:colcon.colcon_core.package_identification:_identify(nvblox_examples/semantic_label_conversion) by extensions ['colcon_meta']
[0.282s] Level 1:colcon.colcon_core.package_identification:_identify(nvblox_examples/semantic_label_conversion) by extension 'colcon_meta'
[0.282s] Level 1:colcon.colcon_core.package_identification:_identify(nvblox_examples/semantic_label_conversion) by extensions ['ros']
[0.282s] Level 1:colcon.colcon_core.package_identification:_identify(nvblox_examples/semantic_label_conversion) by extension 'ros'
[0.282s] DEBUG:colcon.colcon_core.package_identification:Package 'nvblox_examples/semantic_label_conversion' with type 'ros.ament_cmake' and name 'semantic_label_conversion'
[0.282s] Level 1:colcon.colcon_core.package_identification:_identify(nvblox_foxglove) by extensions ['ignore', 'ignore_ament_install']
[0.282s] Level 1:colcon.colcon_core.package_identification:_identify(nvblox_foxglove) by extension 'ignore'
[0.282s] Level 1:colcon.colcon_core.package_identification:_identify(nvblox_foxglove) by extension 'ignore_ament_install'
[0.282s] Level 1:colcon.colcon_core.package_identification:_identify(nvblox_foxglove) by extensions ['colcon_pkg']
[0.282s] Level 1:colcon.colcon_core.package_identification:_identify(nvblox_foxglove) by extension 'colcon_pkg'
[0.282s] Level 1:colcon.colcon_core.package_identification:_identify(nvblox_foxglove) by extensions ['colcon_meta']
[0.282s] Level 1:colcon.colcon_core.package_identification:_identify(nvblox_foxglove) by extension 'colcon_meta'
[0.282s] Level 1:colcon.colcon_core.package_identification:_identify(nvblox_foxglove) by extensions ['ros']
[0.282s] Level 1:colcon.colcon_core.package_identification:_identify(nvblox_foxglove) by extension 'ros'
[0.282s] Level 1:colcon.colcon_core.package_identification:_identify(nvblox_foxglove) by extensions ['cmake', 'python']
[0.282s] Level 1:colcon.colcon_core.package_identification:_identify(nvblox_foxglove) by extension 'cmake'
[0.282s] Level 1:colcon.colcon_core.package_identification:_identify(nvblox_foxglove) by extension 'python'
[0.282s] Level 1:colcon.colcon_core.package_identification:_identify(nvblox_foxglove) by extensions ['python_setup_py']
[0.282s] Level 1:colcon.colcon_core.package_identification:_identify(nvblox_foxglove) by extension 'python_setup_py'
[0.283s] Level 1:colcon.colcon_core.package_identification:_identify(nvblox_foxglove/src) by extensions ['ignore', 'ignore_ament_install']
[0.283s] Level 1:colcon.colcon_core.package_identification:_identify(nvblox_foxglove/src) by extension 'ignore'
[0.283s] Level 1:colcon.colcon_core.package_identification:_identify(nvblox_foxglove/src) by extension 'ignore_ament_install'
[0.283s] Level 1:colcon.colcon_core.package_identification:_identify(nvblox_foxglove/src) by extensions ['colcon_pkg']
[0.283s] Level 1:colcon.colcon_core.package_identification:_identify(nvblox_foxglove/src) by extension 'colcon_pkg'
[0.283s] Level 1:colcon.colcon_core.package_identification:_identify(nvblox_foxglove/src) by extensions ['colcon_meta']
[0.283s] Level 1:colcon.colcon_core.package_identification:_identify(nvblox_foxglove/src) by extension 'colcon_meta'
[0.283s] Level 1:colcon.colcon_core.package_identification:_identify(nvblox_foxglove/src) by extensions ['ros']
[0.283s] Level 1:colcon.colcon_core.package_identification:_identify(nvblox_foxglove/src) by extension 'ros'
[0.283s] Level 1:colcon.colcon_core.package_identification:_identify(nvblox_foxglove/src) by extensions ['cmake', 'python']
[0.283s] Level 1:colcon.colcon_core.package_identification:_identify(nvblox_foxglove/src) by extension 'cmake'
[0.283s] Level 1:colcon.colcon_core.package_identification:_identify(nvblox_foxglove/src) by extension 'python'
[0.283s] Level 1:colcon.colcon_core.package_identification:_identify(nvblox_foxglove/src) by extensions ['python_setup_py']
[0.283s] Level 1:colcon.colcon_core.package_identification:_identify(nvblox_foxglove/src) by extension 'python_setup_py'
[0.283s] Level 1:colcon.colcon_core.package_identification:_identify(nvblox_msgs) by extensions ['ignore', 'ignore_ament_install']
[0.283s] Level 1:colcon.colcon_core.package_identification:_identify(nvblox_msgs) by extension 'ignore'
[0.283s] Level 1:colcon.colcon_core.package_identification:_identify(nvblox_msgs) by extension 'ignore_ament_install'
[0.283s] Level 1:colcon.colcon_core.package_identification:_identify(nvblox_msgs) by extensions ['colcon_pkg']
[0.283s] Level 1:colcon.colcon_core.package_identification:_identify(nvblox_msgs) by extension 'colcon_pkg'
[0.283s] Level 1:colcon.colcon_core.package_identification:_identify(nvblox_msgs) by extensions ['colcon_meta']
[0.283s] Level 1:colcon.colcon_core.package_identification:_identify(nvblox_msgs) by extension 'colcon_meta'
[0.283s] Level 1:colcon.colcon_core.package_identification:_identify(nvblox_msgs) by extensions ['ros']
[0.283s] Level 1:colcon.colcon_core.package_identification:_identify(nvblox_msgs) by extension 'ros'
[0.284s] DEBUG:colcon.colcon_core.package_identification:Package 'nvblox_msgs' with type 'ros.ament_cmake' and name 'nvblox_msgs'
[0.284s] Level 1:colcon.colcon_core.package_identification:_identify(nvblox_nav2) by extensions ['ignore', 'ignore_ament_install']
[0.284s] Level 1:colcon.colcon_core.package_identification:_identify(nvblox_nav2) by extension 'ignore'
[0.284s] Level 1:colcon.colcon_core.package_identification:_identify(nvblox_nav2) by extension 'ignore_ament_install'
[0.284s] Level 1:colcon.colcon_core.package_identification:_identify(nvblox_nav2) by extensions ['colcon_pkg']
[0.284s] Level 1:colcon.colcon_core.package_identification:_identify(nvblox_nav2) by extension 'colcon_pkg'
[0.284s] Level 1:colcon.colcon_core.package_identification:_identify(nvblox_nav2) by extensions ['colcon_meta']
[0.284s] Level 1:colcon.colcon_core.package_identification:_identify(nvblox_nav2) by extension 'colcon_meta'
[0.284s] Level 1:colcon.colcon_core.package_identification:_identify(nvblox_nav2) by extensions ['ros']
[0.284s] Level 1:colcon.colcon_core.package_identification:_identify(nvblox_nav2) by extension 'ros'
[0.285s] DEBUG:colcon.colcon_core.package_identification:Package 'nvblox_nav2' with type 'ros.ament_cmake' and name 'nvblox_nav2'
[0.285s] Level 1:colcon.colcon_core.package_identification:_identify(nvblox_ros) by extensions ['ignore', 'ignore_ament_install']
[0.285s] Level 1:colcon.colcon_core.package_identification:_identify(nvblox_ros) by extension 'ignore'
[0.285s] Level 1:colcon.colcon_core.package_identification:_identify(nvblox_ros) by extension 'ignore_ament_install'
[0.285s] Level 1:colcon.colcon_core.package_identification:_identify(nvblox_ros) by extensions ['colcon_pkg']
[0.285s] Level 1:colcon.colcon_core.package_identification:_identify(nvblox_ros) by extension 'colcon_pkg'
[0.285s] Level 1:colcon.colcon_core.package_identification:_identify(nvblox_ros) by extensions ['colcon_meta']
[0.285s] Level 1:colcon.colcon_core.package_identification:_identify(nvblox_ros) by extension 'colcon_meta'
[0.285s] Level 1:colcon.colcon_core.package_identification:_identify(nvblox_ros) by extensions ['ros']
[0.285s] Level 1:colcon.colcon_core.package_identification:_identify(nvblox_ros) by extension 'ros'
[0.286s] DEBUG:colcon.colcon_core.package_identification:Package 'nvblox_ros' with type 'ros.ament_cmake' and name 'nvblox_ros'
[0.286s] Level 1:colcon.colcon_core.package_identification:_identify(nvblox_ros_common) by extensions ['ignore', 'ignore_ament_install']
[0.287s] Level 1:colcon.colcon_core.package_identification:_identify(nvblox_ros_common) by extension 'ignore'
[0.287s] Level 1:colcon.colcon_core.package_identification:_identify(nvblox_ros_common) by extension 'ignore_ament_install'
[0.287s] Level 1:colcon.colcon_core.package_identification:_identify(nvblox_ros_common) by extensions ['colcon_pkg']
[0.287s] Level 1:colcon.colcon_core.package_identification:_identify(nvblox_ros_common) by extension 'colcon_pkg'
[0.287s] Level 1:colcon.colcon_core.package_identification:_identify(nvblox_ros_common) by extensions ['colcon_meta']
[0.287s] Level 1:colcon.colcon_core.package_identification:_identify(nvblox_ros_common) by extension 'colcon_meta'
[0.287s] Level 1:colcon.colcon_core.package_identification:_identify(nvblox_ros_common) by extensions ['ros']
[0.287s] Level 1:colcon.colcon_core.package_identification:_identify(nvblox_ros_common) by extension 'ros'
[0.287s] DEBUG:colcon.colcon_core.package_identification:Package 'nvblox_ros_common' with type 'ros.ament_cmake' and name 'nvblox_ros_common'
[0.287s] Level 1:colcon.colcon_core.package_identification:_identify(nvblox_ros_python_utils) by extensions ['ignore', 'ignore_ament_install']
[0.287s] Level 1:colcon.colcon_core.package_identification:_identify(nvblox_ros_python_utils) by extension 'ignore'
[0.287s] Level 1:colcon.colcon_core.package_identification:_identify(nvblox_ros_python_utils) by extension 'ignore_ament_install'
[0.287s] Level 1:colcon.colcon_core.package_identification:_identify(nvblox_ros_python_utils) by extensions ['colcon_pkg']
[0.287s] Level 1:colcon.colcon_core.package_identification:_identify(nvblox_ros_python_utils) by extension 'colcon_pkg'
[0.287s] Level 1:colcon.colcon_core.package_identification:_identify(nvblox_ros_python_utils) by extensions ['colcon_meta']
[0.287s] Level 1:colcon.colcon_core.package_identification:_identify(nvblox_ros_python_utils) by extension 'colcon_meta'
[0.287s] Level 1:colcon.colcon_core.package_identification:_identify(nvblox_ros_python_utils) by extensions ['ros']
[0.287s] Level 1:colcon.colcon_core.package_identification:_identify(nvblox_ros_python_utils) by extension 'ros'
[0.288s] DEBUG:colcon.colcon_core.package_identification:Package 'nvblox_ros_python_utils' with type 'ros.ament_python' and name 'nvblox_ros_python_utils'
[0.288s] Level 1:colcon.colcon_core.package_identification:_identify(nvblox_rviz_plugin) by extensions ['ignore', 'ignore_ament_install']
[0.288s] Level 1:colcon.colcon_core.package_identification:_identify(nvblox_rviz_plugin) by extension 'ignore'
[0.288s] Level 1:colcon.colcon_core.package_identification:_identify(nvblox_rviz_plugin) by extension 'ignore_ament_install'
[0.288s] Level 1:colcon.colcon_core.package_identification:_identify(nvblox_rviz_plugin) by extensions ['colcon_pkg']
[0.288s] Level 1:colcon.colcon_core.package_identification:_identify(nvblox_rviz_plugin) by extension 'colcon_pkg'
[0.288s] Level 1:colcon.colcon_core.package_identification:_identify(nvblox_rviz_plugin) by extensions ['colcon_meta']
[0.288s] Level 1:colcon.colcon_core.package_identification:_identify(nvblox_rviz_plugin) by extension 'colcon_meta'
[0.288s] Level 1:colcon.colcon_core.package_identification:_identify(nvblox_rviz_plugin) by extensions ['ros']
[0.288s] Level 1:colcon.colcon_core.package_identification:_identify(nvblox_rviz_plugin) by extension 'ros'
[0.289s] DEBUG:colcon.colcon_core.package_identification:Package 'nvblox_rviz_plugin' with type 'ros.ament_cmake' and name 'nvblox_rviz_plugin'
[0.289s] Level 1:colcon.colcon_core.package_identification:_identify(resources) by extensions ['ignore', 'ignore_ament_install']
[0.289s] Level 1:colcon.colcon_core.package_identification:_identify(resources) by extension 'ignore'
[0.289s] Level 1:colcon.colcon_core.package_identification:_identify(resources) by extension 'ignore_ament_install'
[0.289s] Level 1:colcon.colcon_core.package_identification:_identify(resources) by extensions ['colcon_pkg']
[0.289s] Level 1:colcon.colcon_core.package_identification:_identify(resources) by extension 'colcon_pkg'
[0.289s] Level 1:colcon.colcon_core.package_identification:_identify(resources) by extensions ['colcon_meta']
[0.289s] Level 1:colcon.colcon_core.package_identification:_identify(resources) by extension 'colcon_meta'
[0.289s] Level 1:colcon.colcon_core.package_identification:_identify(resources) by extensions ['ros']
[0.289s] Level 1:colcon.colcon_core.package_identification:_identify(resources) by extension 'ros'
[0.289s] Level 1:colcon.colcon_core.package_identification:_identify(resources) by extensions ['cmake', 'python']
[0.289s] Level 1:colcon.colcon_core.package_identification:_identify(resources) by extension 'cmake'
[0.289s] Level 1:colcon.colcon_core.package_identification:_identify(resources) by extension 'python'
[0.289s] Level 1:colcon.colcon_core.package_identification:_identify(resources) by extensions ['python_setup_py']
[0.289s] Level 1:colcon.colcon_core.package_identification:_identify(resources) by extension 'python_setup_py'
[0.289s] Level 1:colcon.colcon_core.package_discovery:discover_packages(recursive) using defaults
[0.289s] Level 1:colcon.colcon_core.package_discovery:discover_packages(ignore) discover
[0.289s] Level 1:colcon.colcon_core.package_discovery:discover_packages(ignore) using defaults
[0.289s] Level 1:colcon.colcon_core.package_discovery:discover_packages(path) discover
[0.289s] Level 1:colcon.colcon_core.package_discovery:discover_packages(path) using defaults
[0.304s] Level 1:colcon.colcon_core.package_discovery:discover_packages(prefix_path) check parameters
[0.304s] Level 1:colcon.colcon_core.package_discovery:discover_packages(prefix_path) discover
[0.307s] DEBUG:colcon.colcon_installed_package_information.package_discovery:Found 433 installed packages in /opt/ros/humble
[0.309s] Level 1:colcon.colcon_core.package_discovery:discover_packages(prefix_path) using defaults
[0.343s] WARNING:colcon.colcon_core.package_selection:Some selected packages are already built in one or more underlay workspaces:
	'nvblox_nav2' is in: /opt/ros/humble
If a package in a merged underlay workspace is overridden and it installs headers, then all packages in the overlay must sort their include directories by workspace order. Failure to do so may result in build failures or undefined behavior at run time.
If the overridden package is used by another package in any underlay, then the overriding package in the overlay must be API and ABI compatible or undefined behavior at run time may occur.

If you understand the risks and want to override a package anyways, add the following to the command line:
	--allow-overriding nvblox_nav2

This may be promoted to an error in a future release of colcon-override-check.
[0.344s] Level 5:colcon.colcon_core.verb:set package 'nvblox_msgs' build argument 'cmake_args' from command line to 'None'
[0.344s] Level 5:colcon.colcon_core.verb:set package 'nvblox_msgs' build argument 'cmake_target' from command line to 'None'
[0.344s] Level 5:colcon.colcon_core.verb:set package 'nvblox_msgs' build argument 'cmake_target_skip_unavailable' from command line to 'False'
[0.344s] Level 5:colcon.colcon_core.verb:set package 'nvblox_msgs' build argument 'cmake_clean_cache' from command line to 'False'
[0.344s] Level 5:colcon.colcon_core.verb:set package 'nvblox_msgs' build argument 'cmake_clean_first' from command line to 'False'
[0.344s] Level 5:colcon.colcon_core.verb:set package 'nvblox_msgs' build argument 'cmake_force_configure' from command line to 'False'
[0.344s] Level 5:colcon.colcon_core.verb:set package 'nvblox_msgs' build argument 'ament_cmake_args' from command line to 'None'
[0.344s] Level 5:colcon.colcon_core.verb:set package 'nvblox_msgs' build argument 'catkin_cmake_args' from command line to 'None'
[0.344s] Level 5:colcon.colcon_core.verb:set package 'nvblox_msgs' build argument 'catkin_skip_building_tests' from command line to 'False'
[0.344s] DEBUG:colcon.colcon_core.verb:Building package 'nvblox_msgs' with the following arguments: {'ament_cmake_args': None, 'build_base': '/workspaces/isaac_ros-dev/src/isaac_ros_nvblox/build/nvblox_msgs', 'catkin_cmake_args': None, 'catkin_skip_building_tests': False, 'cmake_args': None, 'cmake_clean_cache': False, 'cmake_clean_first': False, 'cmake_force_configure': False, 'cmake_target': None, 'cmake_target_skip_unavailable': False, 'install_base': '/workspaces/isaac_ros-dev/src/isaac_ros_nvblox/install/nvblox_msgs', 'merge_install': False, 'path': '/workspaces/isaac_ros-dev/src/isaac_ros_nvblox/nvblox_msgs', 'symlink_install': True, 'test_result_base': None}
[0.344s] Level 5:colcon.colcon_core.verb:set package 'nvblox_ros_common' build argument 'cmake_args' from command line to 'None'
[0.344s] Level 5:colcon.colcon_core.verb:set package 'nvblox_ros_common' build argument 'cmake_target' from command line to 'None'
[0.344s] Level 5:colcon.colcon_core.verb:set package 'nvblox_ros_common' build argument 'cmake_target_skip_unavailable' from command line to 'False'
[0.344s] Level 5:colcon.colcon_core.verb:set package 'nvblox_ros_common' build argument 'cmake_clean_cache' from command line to 'False'
[0.344s] Level 5:colcon.colcon_core.verb:set package 'nvblox_ros_common' build argument 'cmake_clean_first' from command line to 'False'
[0.344s] Level 5:colcon.colcon_core.verb:set package 'nvblox_ros_common' build argument 'cmake_force_configure' from command line to 'False'
[0.345s] Level 5:colcon.colcon_core.verb:set package 'nvblox_ros_common' build argument 'ament_cmake_args' from command line to 'None'
[0.345s] Level 5:colcon.colcon_core.verb:set package 'nvblox_ros_common' build argument 'catkin_cmake_args' from command line to 'None'
[0.345s] Level 5:colcon.colcon_core.verb:set package 'nvblox_ros_common' build argument 'catkin_skip_building_tests' from command line to 'False'
[0.345s] DEBUG:colcon.colcon_core.verb:Building package 'nvblox_ros_common' with the following arguments: {'ament_cmake_args': None, 'build_base': '/workspaces/isaac_ros-dev/src/isaac_ros_nvblox/build/nvblox_ros_common', 'catkin_cmake_args': None, 'catkin_skip_building_tests': False, 'cmake_args': None, 'cmake_clean_cache': False, 'cmake_clean_first': False, 'cmake_force_configure': False, 'cmake_target': None, 'cmake_target_skip_unavailable': False, 'install_base': '/workspaces/isaac_ros-dev/src/isaac_ros_nvblox/install/nvblox_ros_common', 'merge_install': False, 'path': '/workspaces/isaac_ros-dev/src/isaac_ros_nvblox/nvblox_ros_common', 'symlink_install': True, 'test_result_base': None}
[0.345s] Level 5:colcon.colcon_core.verb:set package 'nvblox_ros_python_utils' build argument 'cmake_args' from command line to 'None'
[0.345s] Level 5:colcon.colcon_core.verb:set package 'nvblox_ros_python_utils' build argument 'cmake_target' from command line to 'None'
[0.345s] Level 5:colcon.colcon_core.verb:set package 'nvblox_ros_python_utils' build argument 'cmake_target_skip_unavailable' from command line to 'False'
[0.345s] Level 5:colcon.colcon_core.verb:set package 'nvblox_ros_python_utils' build argument 'cmake_clean_cache' from command line to 'False'
[0.345s] Level 5:colcon.colcon_core.verb:set package 'nvblox_ros_python_utils' build argument 'cmake_clean_first' from command line to 'False'
[0.345s] Level 5:colcon.colcon_core.verb:set package 'nvblox_ros_python_utils' build argument 'cmake_force_configure' from command line to 'False'
[0.345s] Level 5:colcon.colcon_core.verb:set package 'nvblox_ros_python_utils' build argument 'ament_cmake_args' from command line to 'None'
[0.345s] Level 5:colcon.colcon_core.verb:set package 'nvblox_ros_python_utils' build argument 'catkin_cmake_args' from command line to 'None'
[0.345s] Level 5:colcon.colcon_core.verb:set package 'nvblox_ros_python_utils' build argument 'catkin_skip_building_tests' from command line to 'False'
[0.345s] DEBUG:colcon.colcon_core.verb:Building package 'nvblox_ros_python_utils' with the following arguments: {'ament_cmake_args': None, 'build_base': '/workspaces/isaac_ros-dev/src/isaac_ros_nvblox/build/nvblox_ros_python_utils', 'catkin_cmake_args': None, 'catkin_skip_building_tests': False, 'cmake_args': None, 'cmake_clean_cache': False, 'cmake_clean_first': False, 'cmake_force_configure': False, 'cmake_target': None, 'cmake_target_skip_unavailable': False, 'install_base': '/workspaces/isaac_ros-dev/src/isaac_ros_nvblox/install/nvblox_ros_python_utils', 'merge_install': False, 'path': '/workspaces/isaac_ros-dev/src/isaac_ros_nvblox/nvblox_ros_python_utils', 'symlink_install': True, 'test_result_base': None}
[0.345s] Level 5:colcon.colcon_core.verb:set package 'nvblox_image_padding' build argument 'cmake_args' from command line to 'None'
[0.345s] Level 5:colcon.colcon_core.verb:set package 'nvblox_image_padding' build argument 'cmake_target' from command line to 'None'
[0.345s] Level 5:colcon.colcon_core.verb:set package 'nvblox_image_padding' build argument 'cmake_target_skip_unavailable' from command line to 'False'
[0.345s] Level 5:colcon.colcon_core.verb:set package 'nvblox_image_padding' build argument 'cmake_clean_cache' from command line to 'False'
[0.345s] Level 5:colcon.colcon_core.verb:set package 'nvblox_image_padding' build argument 'cmake_clean_first' from command line to 'False'
[0.345s] Level 5:colcon.colcon_core.verb:set package 'nvblox_image_padding' build argument 'cmake_force_configure' from command line to 'False'
[0.345s] Level 5:colcon.colcon_core.verb:set package 'nvblox_image_padding' build argument 'ament_cmake_args' from command line to 'None'
[0.345s] Level 5:colcon.colcon_core.verb:set package 'nvblox_image_padding' build argument 'catkin_cmake_args' from command line to 'None'
[0.345s] Level 5:colcon.colcon_core.verb:set package 'nvblox_image_padding' build argument 'catkin_skip_building_tests' from command line to 'False'
[0.345s] DEBUG:colcon.colcon_core.verb:Building package 'nvblox_image_padding' with the following arguments: {'ament_cmake_args': None, 'build_base': '/workspaces/isaac_ros-dev/src/isaac_ros_nvblox/build/nvblox_image_padding', 'catkin_cmake_args': None, 'catkin_skip_building_tests': False, 'cmake_args': None, 'cmake_clean_cache': False, 'cmake_clean_first': False, 'cmake_force_configure': False, 'cmake_target': None, 'cmake_target_skip_unavailable': False, 'install_base': '/workspaces/isaac_ros-dev/src/isaac_ros_nvblox/install/nvblox_image_padding', 'merge_install': False, 'path': '/workspaces/isaac_ros-dev/src/isaac_ros_nvblox/nvblox_examples/nvblox_image_padding', 'symlink_install': True, 'test_result_base': None}
[0.345s] Level 5:colcon.colcon_core.verb:set package 'nvblox_nav2' build argument 'cmake_args' from command line to 'None'
[0.345s] Level 5:colcon.colcon_core.verb:set package 'nvblox_nav2' build argument 'cmake_target' from command line to 'None'
[0.345s] Level 5:colcon.colcon_core.verb:set package 'nvblox_nav2' build argument 'cmake_target_skip_unavailable' from command line to 'False'
[0.345s] Level 5:colcon.colcon_core.verb:set package 'nvblox_nav2' build argument 'cmake_clean_cache' from command line to 'False'
[0.345s] Level 5:colcon.colcon_core.verb:set package 'nvblox_nav2' build argument 'cmake_clean_first' from command line to 'False'
[0.346s] Level 5:colcon.colcon_core.verb:set package 'nvblox_nav2' build argument 'cmake_force_configure' from command line to 'False'
[0.346s] Level 5:colcon.colcon_core.verb:set package 'nvblox_nav2' build argument 'ament_cmake_args' from command line to 'None'
[0.346s] Level 5:colcon.colcon_core.verb:set package 'nvblox_nav2' build argument 'catkin_cmake_args' from command line to 'None'
[0.346s] Level 5:colcon.colcon_core.verb:set package 'nvblox_nav2' build argument 'catkin_skip_building_tests' from command line to 'False'
[0.346s] DEBUG:colcon.colcon_core.verb:Building package 'nvblox_nav2' with the following arguments: {'ament_cmake_args': None, 'build_base': '/workspaces/isaac_ros-dev/src/isaac_ros_nvblox/build/nvblox_nav2', 'catkin_cmake_args': None, 'catkin_skip_building_tests': False, 'cmake_args': None, 'cmake_clean_cache': False, 'cmake_clean_first': False, 'cmake_force_configure': False, 'cmake_target': None, 'cmake_target_skip_unavailable': False, 'install_base': '/workspaces/isaac_ros-dev/src/isaac_ros_nvblox/install/nvblox_nav2', 'merge_install': False, 'path': '/workspaces/isaac_ros-dev/src/isaac_ros_nvblox/nvblox_nav2', 'symlink_install': True, 'test_result_base': None}
[0.346s] Level 5:colcon.colcon_core.verb:set package 'nvblox_rviz_plugin' build argument 'cmake_args' from command line to 'None'
[0.346s] Level 5:colcon.colcon_core.verb:set package 'nvblox_rviz_plugin' build argument 'cmake_target' from command line to 'None'
[0.346s] Level 5:colcon.colcon_core.verb:set package 'nvblox_rviz_plugin' build argument 'cmake_target_skip_unavailable' from command line to 'False'
[0.346s] Level 5:colcon.colcon_core.verb:set package 'nvblox_rviz_plugin' build argument 'cmake_clean_cache' from command line to 'False'
[0.346s] Level 5:colcon.colcon_core.verb:set package 'nvblox_rviz_plugin' build argument 'cmake_clean_first' from command line to 'False'
[0.346s] Level 5:colcon.colcon_core.verb:set package 'nvblox_rviz_plugin' build argument 'cmake_force_configure' from command line to 'False'
[0.346s] Level 5:colcon.colcon_core.verb:set package 'nvblox_rviz_plugin' build argument 'ament_cmake_args' from command line to 'None'
[0.346s] Level 5:colcon.colcon_core.verb:set package 'nvblox_rviz_plugin' build argument 'catkin_cmake_args' from command line to 'None'
[0.346s] Level 5:colcon.colcon_core.verb:set package 'nvblox_rviz_plugin' build argument 'catkin_skip_building_tests' from command line to 'False'
[0.346s] DEBUG:colcon.colcon_core.verb:Building package 'nvblox_rviz_plugin' with the following arguments: {'ament_cmake_args': None, 'build_base': '/workspaces/isaac_ros-dev/src/isaac_ros_nvblox/build/nvblox_rviz_plugin', 'catkin_cmake_args': None, 'catkin_skip_building_tests': False, 'cmake_args': None, 'cmake_clean_cache': False, 'cmake_clean_first': False, 'cmake_force_configure': False, 'cmake_target': None, 'cmake_target_skip_unavailable': False, 'install_base': '/workspaces/isaac_ros-dev/src/isaac_ros_nvblox/install/nvblox_rviz_plugin', 'merge_install': False, 'path': '/workspaces/isaac_ros-dev/src/isaac_ros_nvblox/nvblox_rviz_plugin', 'symlink_install': True, 'test_result_base': None}
[0.346s] Level 5:colcon.colcon_core.verb:set package 'semantic_label_conversion' build argument 'cmake_args' from command line to 'None'
[0.346s] Level 5:colcon.colcon_core.verb:set package 'semantic_label_conversion' build argument 'cmake_target' from command line to 'None'
[0.346s] Level 5:colcon.colcon_core.verb:set package 'semantic_label_conversion' build argument 'cmake_target_skip_unavailable' from command line to 'False'
[0.346s] Level 5:colcon.colcon_core.verb:set package 'semantic_label_conversion' build argument 'cmake_clean_cache' from command line to 'False'
[0.346s] Level 5:colcon.colcon_core.verb:set package 'semantic_label_conversion' build argument 'cmake_clean_first' from command line to 'False'
[0.346s] Level 5:colcon.colcon_core.verb:set package 'semantic_label_conversion' build argument 'cmake_force_configure' from command line to 'False'
[0.346s] Level 5:colcon.colcon_core.verb:set package 'semantic_label_conversion' build argument 'ament_cmake_args' from command line to 'None'
[0.346s] Level 5:colcon.colcon_core.verb:set package 'semantic_label_conversion' build argument 'catkin_cmake_args' from command line to 'None'
[0.346s] Level 5:colcon.colcon_core.verb:set package 'semantic_label_conversion' build argument 'catkin_skip_building_tests' from command line to 'False'
[0.346s] DEBUG:colcon.colcon_core.verb:Building package 'semantic_label_conversion' with the following arguments: {'ament_cmake_args': None, 'build_base': '/workspaces/isaac_ros-dev/src/isaac_ros_nvblox/build/semantic_label_conversion', 'catkin_cmake_args': None, 'catkin_skip_building_tests': False, 'cmake_args': None, 'cmake_clean_cache': False, 'cmake_clean_first': False, 'cmake_force_configure': False, 'cmake_target': None, 'cmake_target_skip_unavailable': False, 'install_base': '/workspaces/isaac_ros-dev/src/isaac_ros_nvblox/install/semantic_label_conversion', 'merge_install': False, 'path': '/workspaces/isaac_ros-dev/src/isaac_ros_nvblox/nvblox_examples/semantic_label_conversion', 'symlink_install': True, 'test_result_base': None}
[0.346s] Level 5:colcon.colcon_core.verb:set package 'nvblox_ros' build argument 'cmake_args' from command line to 'None'
[0.346s] Level 5:colcon.colcon_core.verb:set package 'nvblox_ros' build argument 'cmake_target' from command line to 'None'
[0.346s] Level 5:colcon.colcon_core.verb:set package 'nvblox_ros' build argument 'cmake_target_skip_unavailable' from command line to 'False'
[0.346s] Level 5:colcon.colcon_core.verb:set package 'nvblox_ros' build argument 'cmake_clean_cache' from command line to 'False'
[0.347s] Level 5:colcon.colcon_core.verb:set package 'nvblox_ros' build argument 'cmake_clean_first' from command line to 'False'
[0.347s] Level 5:colcon.colcon_core.verb:set package 'nvblox_ros' build argument 'cmake_force_configure' from command line to 'False'
[0.347s] Level 5:colcon.colcon_core.verb:set package 'nvblox_ros' build argument 'ament_cmake_args' from command line to 'None'
[0.347s] Level 5:colcon.colcon_core.verb:set package 'nvblox_ros' build argument 'catkin_cmake_args' from command line to 'None'
[0.347s] Level 5:colcon.colcon_core.verb:set package 'nvblox_ros' build argument 'catkin_skip_building_tests' from command line to 'False'
[0.347s] DEBUG:colcon.colcon_core.verb:Building package 'nvblox_ros' with the following arguments: {'ament_cmake_args': None, 'build_base': '/workspaces/isaac_ros-dev/src/isaac_ros_nvblox/build/nvblox_ros', 'catkin_cmake_args': None, 'catkin_skip_building_tests': False, 'cmake_args': None, 'cmake_clean_cache': False, 'cmake_clean_first': False, 'cmake_force_configure': False, 'cmake_target': None, 'cmake_target_skip_unavailable': False, 'install_base': '/workspaces/isaac_ros-dev/src/isaac_ros_nvblox/install/nvblox_ros', 'merge_install': False, 'path': '/workspaces/isaac_ros-dev/src/isaac_ros_nvblox/nvblox_ros', 'symlink_install': True, 'test_result_base': None}
[0.347s] Level 5:colcon.colcon_core.verb:set package 'nvblox_examples_bringup' build argument 'cmake_args' from command line to 'None'
[0.347s] Level 5:colcon.colcon_core.verb:set package 'nvblox_examples_bringup' build argument 'cmake_target' from command line to 'None'
[0.347s] Level 5:colcon.colcon_core.verb:set package 'nvblox_examples_bringup' build argument 'cmake_target_skip_unavailable' from command line to 'False'
[0.347s] Level 5:colcon.colcon_core.verb:set package 'nvblox_examples_bringup' build argument 'cmake_clean_cache' from command line to 'False'
[0.347s] Level 5:colcon.colcon_core.verb:set package 'nvblox_examples_bringup' build argument 'cmake_clean_first' from command line to 'False'
[0.347s] Level 5:colcon.colcon_core.verb:set package 'nvblox_examples_bringup' build argument 'cmake_force_configure' from command line to 'False'
[0.347s] Level 5:colcon.colcon_core.verb:set package 'nvblox_examples_bringup' build argument 'ament_cmake_args' from command line to 'None'
[0.347s] Level 5:colcon.colcon_core.verb:set package 'nvblox_examples_bringup' build argument 'catkin_cmake_args' from command line to 'None'
[0.347s] Level 5:colcon.colcon_core.verb:set package 'nvblox_examples_bringup' build argument 'catkin_skip_building_tests' from command line to 'False'
[0.347s] DEBUG:colcon.colcon_core.verb:Building package 'nvblox_examples_bringup' with the following arguments: {'ament_cmake_args': None, 'build_base': '/workspaces/isaac_ros-dev/src/isaac_ros_nvblox/build/nvblox_examples_bringup', 'catkin_cmake_args': None, 'catkin_skip_building_tests': False, 'cmake_args': None, 'cmake_clean_cache': False, 'cmake_clean_first': False, 'cmake_force_configure': False, 'cmake_target': None, 'cmake_target_skip_unavailable': False, 'install_base': '/workspaces/isaac_ros-dev/src/isaac_ros_nvblox/install/nvblox_examples_bringup', 'merge_install': False, 'path': '/workspaces/isaac_ros-dev/src/isaac_ros_nvblox/nvblox_examples/nvblox_examples_bringup', 'symlink_install': True, 'test_result_base': None}
[0.347s] Level 5:colcon.colcon_core.verb:set package 'isaac_ros_nvblox' build argument 'cmake_args' from command line to 'None'
[0.347s] Level 5:colcon.colcon_core.verb:set package 'isaac_ros_nvblox' build argument 'cmake_target' from command line to 'None'
[0.347s] Level 5:colcon.colcon_core.verb:set package 'isaac_ros_nvblox' build argument 'cmake_target_skip_unavailable' from command line to 'False'
[0.347s] Level 5:colcon.colcon_core.verb:set package 'isaac_ros_nvblox' build argument 'cmake_clean_cache' from command line to 'False'
[0.347s] Level 5:colcon.colcon_core.verb:set package 'isaac_ros_nvblox' build argument 'cmake_clean_first' from command line to 'False'
[0.347s] Level 5:colcon.colcon_core.verb:set package 'isaac_ros_nvblox' build argument 'cmake_force_configure' from command line to 'False'
[0.347s] Level 5:colcon.colcon_core.verb:set package 'isaac_ros_nvblox' build argument 'ament_cmake_args' from command line to 'None'
[0.347s] Level 5:colcon.colcon_core.verb:set package 'isaac_ros_nvblox' build argument 'catkin_cmake_args' from command line to 'None'
[0.347s] Level 5:colcon.colcon_core.verb:set package 'isaac_ros_nvblox' build argument 'catkin_skip_building_tests' from command line to 'False'
[0.347s] DEBUG:colcon.colcon_core.verb:Building package 'isaac_ros_nvblox' with the following arguments: {'ament_cmake_args': None, 'build_base': '/workspaces/isaac_ros-dev/src/isaac_ros_nvblox/build/isaac_ros_nvblox', 'catkin_cmake_args': None, 'catkin_skip_building_tests': False, 'cmake_args': None, 'cmake_clean_cache': False, 'cmake_clean_first': False, 'cmake_force_configure': False, 'cmake_target': None, 'cmake_target_skip_unavailable': False, 'install_base': '/workspaces/isaac_ros-dev/src/isaac_ros_nvblox/install/isaac_ros_nvblox', 'merge_install': False, 'path': '/workspaces/isaac_ros-dev/src/isaac_ros_nvblox/isaac_ros_nvblox', 'symlink_install': True, 'test_result_base': None}
[0.347s] INFO:colcon.colcon_core.executor:Executing jobs using 'parallel' executor
[0.348s] DEBUG:colcon.colcon_parallel_executor.executor.parallel:run_until_complete
[0.348s] INFO:colcon.colcon_ros.task.ament_cmake.build:Building ROS package in '/workspaces/isaac_ros-dev/src/isaac_ros_nvblox/nvblox_msgs' with build type 'ament_cmake'
[0.349s] INFO:colcon.colcon_cmake.task.cmake.build:Building CMake package in '/workspaces/isaac_ros-dev/src/isaac_ros_nvblox/nvblox_msgs'
[0.350s] INFO:colcon.colcon_core.plugin_system:Skipping extension 'colcon_core.shell.bat': Not used on non-Windows systems
[0.350s] INFO:colcon.colcon_core.shell:Skip shell extension 'powershell' for command environment: Not usable outside of PowerShell
[0.350s] DEBUG:colcon.colcon_core.shell:Skip shell extension 'dsv' for command environment
[0.354s] INFO:colcon.colcon_ros.task.ament_cmake.build:Building ROS package in '/workspaces/isaac_ros-dev/src/isaac_ros_nvblox/nvblox_ros_common' with build type 'ament_cmake'
[0.354s] INFO:colcon.colcon_cmake.task.cmake.build:Building CMake package in '/workspaces/isaac_ros-dev/src/isaac_ros_nvblox/nvblox_ros_common'
[0.354s] INFO:colcon.colcon_core.shell:Skip shell extension 'powershell' for command environment: Not usable outside of PowerShell
[0.354s] DEBUG:colcon.colcon_core.shell:Skip shell extension 'dsv' for command environment
[0.358s] INFO:colcon.colcon_ros.task.ament_python.build:Building ROS package in '/workspaces/isaac_ros-dev/src/isaac_ros_nvblox/nvblox_ros_python_utils' with build type 'ament_python'
[0.358s] Level 1:colcon.colcon_core.shell:create_environment_hook('nvblox_ros_python_utils', 'ament_prefix_path')
[0.358s] INFO:colcon.colcon_core.shell:Creating environment hook '/workspaces/isaac_ros-dev/src/isaac_ros_nvblox/install/nvblox_ros_python_utils/share/nvblox_ros_python_utils/hook/ament_prefix_path.ps1'
[0.358s] INFO:colcon.colcon_core.shell:Creating environment descriptor '/workspaces/isaac_ros-dev/src/isaac_ros_nvblox/install/nvblox_ros_python_utils/share/nvblox_ros_python_utils/hook/ament_prefix_path.dsv'
[0.359s] INFO:colcon.colcon_core.shell:Creating environment hook '/workspaces/isaac_ros-dev/src/isaac_ros_nvblox/install/nvblox_ros_python_utils/share/nvblox_ros_python_utils/hook/ament_prefix_path.sh'
[0.359s] INFO:colcon.colcon_core.shell:Skip shell extension 'powershell' for command environment: Not usable outside of PowerShell
[0.359s] DEBUG:colcon.colcon_core.shell:Skip shell extension 'dsv' for command environment
[0.373s] DEBUG:colcon.colcon_core.event_handler.log_command:Invoking command in '/workspaces/isaac_ros-dev/src/isaac_ros_nvblox/build/nvblox_msgs': CMAKE_PREFIX_PATH=/opt/ros/humble _=/usr/bin/env /usr/bin/cmake --build /workspaces/isaac_ros-dev/src/isaac_ros_nvblox/build/nvblox_msgs -- -j48 -l48
[0.376s] DEBUG:colcon.colcon_core.event_handler.log_command:Invoking command in '/workspaces/isaac_ros-dev/src/isaac_ros_nvblox/build/nvblox_ros_common': CMAKE_PREFIX_PATH=/opt/ros/humble _=/usr/bin/env /usr/bin/cmake --build /workspaces/isaac_ros-dev/src/isaac_ros_nvblox/build/nvblox_ros_common -- -j48 -l48
[0.660s] INFO:colcon.colcon_core.task.python.build:Building Python package in '/workspaces/isaac_ros-dev/src/isaac_ros_nvblox/nvblox_ros_python_utils'
[0.660s] INFO:colcon.colcon_core.shell:Skip shell extension 'powershell' for command environment: Not usable outside of PowerShell
[0.660s] DEBUG:colcon.colcon_core.shell:Skip shell extension 'dsv' for command environment
[0.664s] DEBUG:colcon.colcon_core.event_handler.log_command:Invoked command in '/workspaces/isaac_ros-dev/src/isaac_ros_nvblox/build/nvblox_ros_common' returned '0': CMAKE_PREFIX_PATH=/opt/ros/humble _=/usr/bin/env /usr/bin/cmake --build /workspaces/isaac_ros-dev/src/isaac_ros_nvblox/build/nvblox_ros_common -- -j48 -l48
[0.843s] DEBUG:colcon.colcon_core.event_handler.log_command:Invoking command in '/workspaces/isaac_ros-dev/src/isaac_ros_nvblox/build/nvblox_ros_common': CMAKE_PREFIX_PATH=/opt/ros/humble _=/usr/bin/env /usr/bin/cmake --install /workspaces/isaac_ros-dev/src/isaac_ros_nvblox/build/nvblox_ros_common
[0.865s] Level 1:colcon.colcon_core.environment:create_environment_scripts_only(nvblox_ros_common)
[0.866s] DEBUG:colcon.colcon_core.event_handler.log_command:Invoked command in '/workspaces/isaac_ros-dev/src/isaac_ros_nvblox/build/nvblox_ros_common' returned '0': CMAKE_PREFIX_PATH=/opt/ros/humble _=/usr/bin/env /usr/bin/cmake --install /workspaces/isaac_ros-dev/src/isaac_ros_nvblox/build/nvblox_ros_common
[0.868s] Level 1:colcon.colcon_core.environment:checking '/workspaces/isaac_ros-dev/src/isaac_ros_nvblox/install/nvblox_ros_common' for CMake module files
[0.868s] Level 1:colcon.colcon_core.environment:checking '/workspaces/isaac_ros-dev/src/isaac_ros_nvblox/install/nvblox_ros_common' for CMake config files
[0.868s] Level 1:colcon.colcon_core.shell:create_environment_hook('nvblox_ros_common', 'cmake_prefix_path')
[0.869s] INFO:colcon.colcon_core.shell:Creating environment hook '/workspaces/isaac_ros-dev/src/isaac_ros_nvblox/install/nvblox_ros_common/share/nvblox_ros_common/hook/cmake_prefix_path.ps1'
[0.869s] INFO:colcon.colcon_core.shell:Creating environment descriptor '/workspaces/isaac_ros-dev/src/isaac_ros_nvblox/install/nvblox_ros_common/share/nvblox_ros_common/hook/cmake_prefix_path.dsv'
[0.869s] INFO:colcon.colcon_core.shell:Creating environment hook '/workspaces/isaac_ros-dev/src/isaac_ros_nvblox/install/nvblox_ros_common/share/nvblox_ros_common/hook/cmake_prefix_path.sh'
[0.870s] Level 1:colcon.colcon_core.environment:checking '/workspaces/isaac_ros-dev/src/isaac_ros_nvblox/install/nvblox_ros_common/lib'
[0.870s] Level 1:colcon.colcon_core.shell:create_environment_hook('nvblox_ros_common', 'ld_library_path_lib')
[0.870s] INFO:colcon.colcon_core.shell:Creating environment hook '/workspaces/isaac_ros-dev/src/isaac_ros_nvblox/install/nvblox_ros_common/share/nvblox_ros_common/hook/ld_library_path_lib.ps1'
[0.870s] INFO:colcon.colcon_core.shell:Creating environment descriptor '/workspaces/isaac_ros-dev/src/isaac_ros_nvblox/install/nvblox_ros_common/share/nvblox_ros_common/hook/ld_library_path_lib.dsv'
[0.871s] INFO:colcon.colcon_core.shell:Creating environment hook '/workspaces/isaac_ros-dev/src/isaac_ros_nvblox/install/nvblox_ros_common/share/nvblox_ros_common/hook/ld_library_path_lib.sh'
[0.871s] Level 1:colcon.colcon_core.environment:checking '/workspaces/isaac_ros-dev/src/isaac_ros_nvblox/install/nvblox_ros_common/bin'
[0.871s] Level 1:colcon.colcon_core.environment:checking '/workspaces/isaac_ros-dev/src/isaac_ros_nvblox/install/nvblox_ros_common/lib/pkgconfig/nvblox_ros_common.pc'
[0.871s] Level 1:colcon.colcon_core.environment:checking '/workspaces/isaac_ros-dev/src/isaac_ros_nvblox/install/nvblox_ros_common/lib/python3.10/site-packages'
[0.871s] Level 1:colcon.colcon_core.environment:checking '/workspaces/isaac_ros-dev/src/isaac_ros_nvblox/install/nvblox_ros_common/bin'
[0.871s] INFO:colcon.colcon_core.shell:Creating package script '/workspaces/isaac_ros-dev/src/isaac_ros_nvblox/install/nvblox_ros_common/share/nvblox_ros_common/package.ps1'
[0.872s] INFO:colcon.colcon_core.shell:Creating package descriptor '/workspaces/isaac_ros-dev/src/isaac_ros_nvblox/install/nvblox_ros_common/share/nvblox_ros_common/package.dsv'
[0.872s] INFO:colcon.colcon_core.shell:Creating package script '/workspaces/isaac_ros-dev/src/isaac_ros_nvblox/install/nvblox_ros_common/share/nvblox_ros_common/package.sh'
[0.873s] INFO:colcon.colcon_core.shell:Creating package script '/workspaces/isaac_ros-dev/src/isaac_ros_nvblox/install/nvblox_ros_common/share/nvblox_ros_common/package.bash'
[0.873s] INFO:colcon.colcon_core.shell:Creating package script '/workspaces/isaac_ros-dev/src/isaac_ros_nvblox/install/nvblox_ros_common/share/nvblox_ros_common/package.zsh'
[0.874s] Level 1:colcon.colcon_core.environment:create_file_with_runtime_dependencies(/workspaces/isaac_ros-dev/src/isaac_ros_nvblox/install/nvblox_ros_common/share/colcon-core/packages/nvblox_ros_common)
[1.036s] Level 1:colcon.colcon_core.environment:create_environment_scripts_only(nvblox_ros_common)
[1.037s] Level 1:colcon.colcon_core.environment:checking '/workspaces/isaac_ros-dev/src/isaac_ros_nvblox/install/nvblox_ros_common' for CMake module files
[1.038s] Level 1:colcon.colcon_core.environment:checking '/workspaces/isaac_ros-dev/src/isaac_ros_nvblox/install/nvblox_ros_common' for CMake config files
[1.039s] Level 1:colcon.colcon_core.shell:create_environment_hook('nvblox_ros_common', 'cmake_prefix_path')
[1.039s] INFO:colcon.colcon_core.shell:Creating environment hook '/workspaces/isaac_ros-dev/src/isaac_ros_nvblox/install/nvblox_ros_common/share/nvblox_ros_common/hook/cmake_prefix_path.ps1'
[1.040s] INFO:colcon.colcon_core.shell:Creating environment descriptor '/workspaces/isaac_ros-dev/src/isaac_ros_nvblox/install/nvblox_ros_common/share/nvblox_ros_common/hook/cmake_prefix_path.dsv'
[1.041s] INFO:colcon.colcon_core.shell:Creating environment hook '/workspaces/isaac_ros-dev/src/isaac_ros_nvblox/install/nvblox_ros_common/share/nvblox_ros_common/hook/cmake_prefix_path.sh'
[1.042s] Level 1:colcon.colcon_core.environment:checking '/workspaces/isaac_ros-dev/src/isaac_ros_nvblox/install/nvblox_ros_common/lib'
[1.042s] Level 1:colcon.colcon_core.shell:create_environment_hook('nvblox_ros_common', 'ld_library_path_lib')
[1.042s] INFO:colcon.colcon_core.shell:Creating environment hook '/workspaces/isaac_ros-dev/src/isaac_ros_nvblox/install/nvblox_ros_common/share/nvblox_ros_common/hook/ld_library_path_lib.ps1'
[1.043s] INFO:colcon.colcon_core.shell:Creating environment descriptor '/workspaces/isaac_ros-dev/src/isaac_ros_nvblox/install/nvblox_ros_common/share/nvblox_ros_common/hook/ld_library_path_lib.dsv'
[1.044s] INFO:colcon.colcon_core.shell:Creating environment hook '/workspaces/isaac_ros-dev/src/isaac_ros_nvblox/install/nvblox_ros_common/share/nvblox_ros_common/hook/ld_library_path_lib.sh'
[1.044s] Level 1:colcon.colcon_core.environment:checking '/workspaces/isaac_ros-dev/src/isaac_ros_nvblox/install/nvblox_ros_common/bin'
[1.044s] Level 1:colcon.colcon_core.environment:checking '/workspaces/isaac_ros-dev/src/isaac_ros_nvblox/install/nvblox_ros_common/lib/pkgconfig/nvblox_ros_common.pc'
[1.045s] Level 1:colcon.colcon_core.environment:checking '/workspaces/isaac_ros-dev/src/isaac_ros_nvblox/install/nvblox_ros_common/lib/python3.10/site-packages'
[1.045s] Level 1:colcon.colcon_core.environment:checking '/workspaces/isaac_ros-dev/src/isaac_ros_nvblox/install/nvblox_ros_common/bin'
[1.046s] INFO:colcon.colcon_core.shell:Creating package script '/workspaces/isaac_ros-dev/src/isaac_ros_nvblox/install/nvblox_ros_common/share/nvblox_ros_common/package.ps1'
[1.046s] INFO:colcon.colcon_core.shell:Creating package descriptor '/workspaces/isaac_ros-dev/src/isaac_ros_nvblox/install/nvblox_ros_common/share/nvblox_ros_common/package.dsv'
[1.047s] INFO:colcon.colcon_core.shell:Creating package script '/workspaces/isaac_ros-dev/src/isaac_ros_nvblox/install/nvblox_ros_common/share/nvblox_ros_common/package.sh'
[1.048s] INFO:colcon.colcon_core.shell:Creating package script '/workspaces/isaac_ros-dev/src/isaac_ros_nvblox/install/nvblox_ros_common/share/nvblox_ros_common/package.bash'
[1.049s] INFO:colcon.colcon_core.shell:Creating package script '/workspaces/isaac_ros-dev/src/isaac_ros_nvblox/install/nvblox_ros_common/share/nvblox_ros_common/package.zsh'
[1.050s] Level 1:colcon.colcon_core.environment:create_file_with_runtime_dependencies(/workspaces/isaac_ros-dev/src/isaac_ros_nvblox/install/nvblox_ros_common/share/colcon-core/packages/nvblox_ros_common)
[1.050s] INFO:colcon.colcon_ros.task.ament_cmake.build:Building ROS package in '/workspaces/isaac_ros-dev/src/isaac_ros_nvblox/nvblox_examples/nvblox_image_padding' with build type 'ament_cmake'
[1.050s] INFO:colcon.colcon_cmake.task.cmake.build:Building CMake package in '/workspaces/isaac_ros-dev/src/isaac_ros_nvblox/nvblox_examples/nvblox_image_padding'
[1.051s] INFO:colcon.colcon_core.shell:Skip shell extension 'powershell' for command environment: Not usable outside of PowerShell
[1.051s] DEBUG:colcon.colcon_core.shell:Skip shell extension 'dsv' for command environment
[1.078s] DEBUG:colcon.colcon_core.event_handler.log_command:Invoking command in '/workspaces/isaac_ros-dev/src/isaac_ros_nvblox/build/nvblox_image_padding': AMENT_PREFIX_PATH=/workspaces/isaac_ros-dev/src/isaac_ros_nvblox/install/nvblox_ros_common:${AMENT_PREFIX_PATH} CMAKE_PREFIX_PATH=/workspaces/isaac_ros-dev/src/isaac_ros_nvblox/install/nvblox_ros_common:/opt/ros/humble LD_LIBRARY_PATH=/workspaces/isaac_ros-dev/src/isaac_ros_nvblox/install/nvblox_ros_common/lib:${LD_LIBRARY_PATH} _=/usr/bin/env /usr/bin/cmake --build /workspaces/isaac_ros-dev/src/isaac_ros_nvblox/build/nvblox_image_padding -- -j48 -l48
[1.109s] DEBUG:colcon.colcon_core.event_handler.log_command:Invoked command in '/workspaces/isaac_ros-dev/src/isaac_ros_nvblox/build/nvblox_msgs' returned '0': CMAKE_PREFIX_PATH=/opt/ros/humble _=/usr/bin/env /usr/bin/cmake --build /workspaces/isaac_ros-dev/src/isaac_ros_nvblox/build/nvblox_msgs -- -j48 -l48
[1.176s] DEBUG:colcon.colcon_core.event_handler.log_command:Invoking command in '/workspaces/isaac_ros-dev/src/isaac_ros_nvblox/build/nvblox_ros_python_utils': PYTHONPATH=/workspaces/isaac_ros-dev/src/isaac_ros_nvblox/build/nvblox_ros_python_utils/prefix_override:/usr/lib/python3/dist-packages/colcon_core/task/python/colcon_distutils_commands:/workspaces/isaac_ros-dev/src/isaac_ros_nvblox/install/nvblox_ros_python_utils/lib/python3.10/site-packages:${PYTHONPATH} _=/usr/bin/env /usr/bin/python3 -W ignore:setup.py install is deprecated setup.py develop --editable --build-directory /workspaces/isaac_ros-dev/src/isaac_ros_nvblox/build/nvblox_ros_python_utils/build --no-deps symlink_data
[1.225s] DEBUG:colcon.colcon_core.event_handler.log_command:Invoked command in '/workspaces/isaac_ros-dev/src/isaac_ros_nvblox/build/nvblox_image_padding' returned '0': AMENT_PREFIX_PATH=/workspaces/isaac_ros-dev/src/isaac_ros_nvblox/install/nvblox_ros_common:${AMENT_PREFIX_PATH} CMAKE_PREFIX_PATH=/workspaces/isaac_ros-dev/src/isaac_ros_nvblox/install/nvblox_ros_common:/opt/ros/humble LD_LIBRARY_PATH=/workspaces/isaac_ros-dev/src/isaac_ros_nvblox/install/nvblox_ros_common/lib:${LD_LIBRARY_PATH} _=/usr/bin/env /usr/bin/cmake --build /workspaces/isaac_ros-dev/src/isaac_ros_nvblox/build/nvblox_image_padding -- -j48 -l48
[1.434s] DEBUG:colcon.colcon_core.event_handler.log_command:Invoking command in '/workspaces/isaac_ros-dev/src/isaac_ros_nvblox/build/nvblox_image_padding': AMENT_PREFIX_PATH=/workspaces/isaac_ros-dev/src/isaac_ros_nvblox/install/nvblox_ros_common:${AMENT_PREFIX_PATH} CMAKE_PREFIX_PATH=/workspaces/isaac_ros-dev/src/isaac_ros_nvblox/install/nvblox_ros_common:/opt/ros/humble LD_LIBRARY_PATH=/workspaces/isaac_ros-dev/src/isaac_ros_nvblox/install/nvblox_ros_common/lib:${LD_LIBRARY_PATH} _=/usr/bin/env /usr/bin/cmake --install /workspaces/isaac_ros-dev/src/isaac_ros_nvblox/build/nvblox_image_padding
[1.456s] Level 1:colcon.colcon_core.environment:create_environment_scripts_only(nvblox_image_padding)
[1.457s] Level 1:colcon.colcon_core.environment:checking '/workspaces/isaac_ros-dev/src/isaac_ros_nvblox/install/nvblox_image_padding' for CMake module files
[1.457s] DEBUG:colcon.colcon_core.event_handler.log_command:Invoked command in '/workspaces/isaac_ros-dev/src/isaac_ros_nvblox/build/nvblox_image_padding' returned '0': AMENT_PREFIX_PATH=/workspaces/isaac_ros-dev/src/isaac_ros_nvblox/install/nvblox_ros_common:${AMENT_PREFIX_PATH} CMAKE_PREFIX_PATH=/workspaces/isaac_ros-dev/src/isaac_ros_nvblox/install/nvblox_ros_common:/opt/ros/humble LD_LIBRARY_PATH=/workspaces/isaac_ros-dev/src/isaac_ros_nvblox/install/nvblox_ros_common/lib:${LD_LIBRARY_PATH} _=/usr/bin/env /usr/bin/cmake --install /workspaces/isaac_ros-dev/src/isaac_ros_nvblox/build/nvblox_image_padding
[1.457s] Level 1:colcon.colcon_core.environment:checking '/workspaces/isaac_ros-dev/src/isaac_ros_nvblox/install/nvblox_image_padding' for CMake config files
[1.458s] Level 1:colcon.colcon_core.shell:create_environment_hook('nvblox_image_padding', 'cmake_prefix_path')
[1.458s] INFO:colcon.colcon_core.shell:Creating environment hook '/workspaces/isaac_ros-dev/src/isaac_ros_nvblox/install/nvblox_image_padding/share/nvblox_image_padding/hook/cmake_prefix_path.ps1'
[1.458s] INFO:colcon.colcon_core.shell:Creating environment descriptor '/workspaces/isaac_ros-dev/src/isaac_ros_nvblox/install/nvblox_image_padding/share/nvblox_image_padding/hook/cmake_prefix_path.dsv'
[1.458s] INFO:colcon.colcon_core.shell:Creating environment hook '/workspaces/isaac_ros-dev/src/isaac_ros_nvblox/install/nvblox_image_padding/share/nvblox_image_padding/hook/cmake_prefix_path.sh'
[1.459s] Level 1:colcon.colcon_core.environment:checking '/workspaces/isaac_ros-dev/src/isaac_ros_nvblox/install/nvblox_image_padding/lib'
[1.459s] Level 1:colcon.colcon_core.shell:create_environment_hook('nvblox_image_padding', 'ld_library_path_lib')
[1.459s] INFO:colcon.colcon_core.shell:Creating environment hook '/workspaces/isaac_ros-dev/src/isaac_ros_nvblox/install/nvblox_image_padding/share/nvblox_image_padding/hook/ld_library_path_lib.ps1'
[1.459s] INFO:colcon.colcon_core.shell:Creating environment descriptor '/workspaces/isaac_ros-dev/src/isaac_ros_nvblox/install/nvblox_image_padding/share/nvblox_image_padding/hook/ld_library_path_lib.dsv'
[1.460s] INFO:colcon.colcon_core.shell:Creating environment hook '/workspaces/isaac_ros-dev/src/isaac_ros_nvblox/install/nvblox_image_padding/share/nvblox_image_padding/hook/ld_library_path_lib.sh'
[1.460s] Level 1:colcon.colcon_core.environment:checking '/workspaces/isaac_ros-dev/src/isaac_ros_nvblox/install/nvblox_image_padding/bin'
[1.460s] Level 1:colcon.colcon_core.environment:checking '/workspaces/isaac_ros-dev/src/isaac_ros_nvblox/install/nvblox_image_padding/lib/pkgconfig/nvblox_image_padding.pc'
[1.460s] Level 1:colcon.colcon_core.environment:checking '/workspaces/isaac_ros-dev/src/isaac_ros_nvblox/install/nvblox_image_padding/lib/python3.10/site-packages'
[1.460s] Level 1:colcon.colcon_core.environment:checking '/workspaces/isaac_ros-dev/src/isaac_ros_nvblox/install/nvblox_image_padding/bin'
[1.460s] INFO:colcon.colcon_core.shell:Creating package script '/workspaces/isaac_ros-dev/src/isaac_ros_nvblox/install/nvblox_image_padding/share/nvblox_image_padding/package.ps1'
[1.461s] INFO:colcon.colcon_core.shell:Creating package descriptor '/workspaces/isaac_ros-dev/src/isaac_ros_nvblox/install/nvblox_image_padding/share/nvblox_image_padding/package.dsv'
[1.461s] INFO:colcon.colcon_core.shell:Creating package script '/workspaces/isaac_ros-dev/src/isaac_ros_nvblox/install/nvblox_image_padding/share/nvblox_image_padding/package.sh'
[1.461s] INFO:colcon.colcon_core.shell:Creating package script '/workspaces/isaac_ros-dev/src/isaac_ros_nvblox/install/nvblox_image_padding/share/nvblox_image_padding/package.bash'
[1.462s] INFO:colcon.colcon_core.shell:Creating package script '/workspaces/isaac_ros-dev/src/isaac_ros_nvblox/install/nvblox_image_padding/share/nvblox_image_padding/package.zsh'
[1.462s] Level 1:colcon.colcon_core.environment:create_file_with_runtime_dependencies(/workspaces/isaac_ros-dev/src/isaac_ros_nvblox/install/nvblox_image_padding/share/colcon-core/packages/nvblox_image_padding)
[1.676s] Level 1:colcon.colcon_core.environment:create_environment_scripts_only(nvblox_image_padding)
[1.676s] Level 1:colcon.colcon_core.environment:checking '/workspaces/isaac_ros-dev/src/isaac_ros_nvblox/install/nvblox_image_padding' for CMake module files
[1.676s] Level 1:colcon.colcon_core.environment:checking '/workspaces/isaac_ros-dev/src/isaac_ros_nvblox/install/nvblox_image_padding' for CMake config files
[1.676s] Level 1:colcon.colcon_core.shell:create_environment_hook('nvblox_image_padding', 'cmake_prefix_path')
[1.677s] INFO:colcon.colcon_core.shell:Creating environment hook '/workspaces/isaac_ros-dev/src/isaac_ros_nvblox/install/nvblox_image_padding/share/nvblox_image_padding/hook/cmake_prefix_path.ps1'
[1.677s] INFO:colcon.colcon_core.shell:Creating environment descriptor '/workspaces/isaac_ros-dev/src/isaac_ros_nvblox/install/nvblox_image_padding/share/nvblox_image_padding/hook/cmake_prefix_path.dsv'
[1.677s] INFO:colcon.colcon_core.shell:Creating environment hook '/workspaces/isaac_ros-dev/src/isaac_ros_nvblox/install/nvblox_image_padding/share/nvblox_image_padding/hook/cmake_prefix_path.sh'
[1.678s] Level 1:colcon.colcon_core.environment:checking '/workspaces/isaac_ros-dev/src/isaac_ros_nvblox/install/nvblox_image_padding/lib'
[1.678s] Level 1:colcon.colcon_core.shell:create_environment_hook('nvblox_image_padding', 'ld_library_path_lib')
[1.678s] INFO:colcon.colcon_core.shell:Creating environment hook '/workspaces/isaac_ros-dev/src/isaac_ros_nvblox/install/nvblox_image_padding/share/nvblox_image_padding/hook/ld_library_path_lib.ps1'
[1.678s] INFO:colcon.colcon_core.shell:Creating environment descriptor '/workspaces/isaac_ros-dev/src/isaac_ros_nvblox/install/nvblox_image_padding/share/nvblox_image_padding/hook/ld_library_path_lib.dsv'
[1.679s] INFO:colcon.colcon_core.shell:Creating environment hook '/workspaces/isaac_ros-dev/src/isaac_ros_nvblox/install/nvblox_image_padding/share/nvblox_image_padding/hook/ld_library_path_lib.sh'
[1.679s] Level 1:colcon.colcon_core.environment:checking '/workspaces/isaac_ros-dev/src/isaac_ros_nvblox/install/nvblox_image_padding/bin'
[1.679s] Level 1:colcon.colcon_core.environment:checking '/workspaces/isaac_ros-dev/src/isaac_ros_nvblox/install/nvblox_image_padding/lib/pkgconfig/nvblox_image_padding.pc'
[1.679s] Level 1:colcon.colcon_core.environment:checking '/workspaces/isaac_ros-dev/src/isaac_ros_nvblox/install/nvblox_image_padding/lib/python3.10/site-packages'
[1.679s] Level 1:colcon.colcon_core.environment:checking '/workspaces/isaac_ros-dev/src/isaac_ros_nvblox/install/nvblox_image_padding/bin'
[1.679s] INFO:colcon.colcon_core.shell:Creating package script '/workspaces/isaac_ros-dev/src/isaac_ros_nvblox/install/nvblox_image_padding/share/nvblox_image_padding/package.ps1'
[1.680s] INFO:colcon.colcon_core.shell:Creating package descriptor '/workspaces/isaac_ros-dev/src/isaac_ros_nvblox/install/nvblox_image_padding/share/nvblox_image_padding/package.dsv'
[1.680s] INFO:colcon.colcon_core.shell:Creating package script '/workspaces/isaac_ros-dev/src/isaac_ros_nvblox/install/nvblox_image_padding/share/nvblox_image_padding/package.sh'
[1.681s] INFO:colcon.colcon_core.shell:Creating package script '/workspaces/isaac_ros-dev/src/isaac_ros_nvblox/install/nvblox_image_padding/share/nvblox_image_padding/package.bash'
[1.681s] INFO:colcon.colcon_core.shell:Creating package script '/workspaces/isaac_ros-dev/src/isaac_ros_nvblox/install/nvblox_image_padding/share/nvblox_image_padding/package.zsh'
[1.681s] Level 1:colcon.colcon_core.environment:create_file_with_runtime_dependencies(/workspaces/isaac_ros-dev/src/isaac_ros_nvblox/install/nvblox_image_padding/share/colcon-core/packages/nvblox_image_padding)
[2.007s] Level 1:colcon.colcon_core.shell:create_environment_hook('nvblox_ros_python_utils', 'pythonpath_develop')
[2.007s] INFO:colcon.colcon_core.shell:Creating environment hook '/workspaces/isaac_ros-dev/src/isaac_ros_nvblox/build/nvblox_ros_python_utils/share/nvblox_ros_python_utils/hook/pythonpath_develop.ps1'
[2.008s] DEBUG:colcon.colcon_core.event_handler.log_command:Invoked command in '/workspaces/isaac_ros-dev/src/isaac_ros_nvblox/build/nvblox_ros_python_utils' returned '0': PYTHONPATH=/workspaces/isaac_ros-dev/src/isaac_ros_nvblox/build/nvblox_ros_python_utils/prefix_override:/usr/lib/python3/dist-packages/colcon_core/task/python/colcon_distutils_commands:/workspaces/isaac_ros-dev/src/isaac_ros_nvblox/install/nvblox_ros_python_utils/lib/python3.10/site-packages:${PYTHONPATH} _=/usr/bin/env /usr/bin/python3 -W ignore:setup.py install is deprecated setup.py develop --editable --build-directory /workspaces/isaac_ros-dev/src/isaac_ros_nvblox/build/nvblox_ros_python_utils/build --no-deps symlink_data
[2.008s] INFO:colcon.colcon_core.shell:Creating environment descriptor '/workspaces/isaac_ros-dev/src/isaac_ros_nvblox/build/nvblox_ros_python_utils/share/nvblox_ros_python_utils/hook/pythonpath_develop.dsv'
[2.008s] INFO:colcon.colcon_core.shell:Creating environment hook '/workspaces/isaac_ros-dev/src/isaac_ros_nvblox/build/nvblox_ros_python_utils/share/nvblox_ros_python_utils/hook/pythonpath_develop.sh'
[2.009s] Level 1:colcon.colcon_core.environment:checking '/workspaces/isaac_ros-dev/src/isaac_ros_nvblox/install/nvblox_ros_python_utils' for CMake module files
[2.009s] Level 1:colcon.colcon_core.environment:checking '/workspaces/isaac_ros-dev/src/isaac_ros_nvblox/install/nvblox_ros_python_utils' for CMake config files
[2.009s] Level 1:colcon.colcon_core.environment:checking '/workspaces/isaac_ros-dev/src/isaac_ros_nvblox/install/nvblox_ros_python_utils/lib'
[2.010s] Level 1:colcon.colcon_core.environment:checking '/workspaces/isaac_ros-dev/src/isaac_ros_nvblox/install/nvblox_ros_python_utils/bin'
[2.010s] Level 1:colcon.colcon_core.environment:checking '/workspaces/isaac_ros-dev/src/isaac_ros_nvblox/install/nvblox_ros_python_utils/lib/pkgconfig/nvblox_ros_python_utils.pc'
[2.010s] Level 1:colcon.colcon_core.environment:checking '/workspaces/isaac_ros-dev/src/isaac_ros_nvblox/install/nvblox_ros_python_utils/lib/python3.10/site-packages'
[2.010s] Level 1:colcon.colcon_core.shell:create_environment_hook('nvblox_ros_python_utils', 'pythonpath')
[2.010s] INFO:colcon.colcon_core.shell:Creating environment hook '/workspaces/isaac_ros-dev/src/isaac_ros_nvblox/install/nvblox_ros_python_utils/share/nvblox_ros_python_utils/hook/pythonpath.ps1'
[2.010s] INFO:colcon.colcon_core.shell:Creating environment descriptor '/workspaces/isaac_ros-dev/src/isaac_ros_nvblox/install/nvblox_ros_python_utils/share/nvblox_ros_python_utils/hook/pythonpath.dsv'
[2.010s] INFO:colcon.colcon_core.shell:Creating environment hook '/workspaces/isaac_ros-dev/src/isaac_ros_nvblox/install/nvblox_ros_python_utils/share/nvblox_ros_python_utils/hook/pythonpath.sh'
[2.011s] Level 1:colcon.colcon_core.environment:checking '/workspaces/isaac_ros-dev/src/isaac_ros_nvblox/install/nvblox_ros_python_utils/bin'
[2.011s] Level 1:colcon.colcon_core.environment:create_environment_scripts_only(nvblox_ros_python_utils)
[2.011s] INFO:colcon.colcon_core.shell:Creating package script '/workspaces/isaac_ros-dev/src/isaac_ros_nvblox/install/nvblox_ros_python_utils/share/nvblox_ros_python_utils/package.ps1'
[2.011s] INFO:colcon.colcon_core.shell:Creating package descriptor '/workspaces/isaac_ros-dev/src/isaac_ros_nvblox/install/nvblox_ros_python_utils/share/nvblox_ros_python_utils/package.dsv'
[2.012s] INFO:colcon.colcon_core.shell:Creating package script '/workspaces/isaac_ros-dev/src/isaac_ros_nvblox/install/nvblox_ros_python_utils/share/nvblox_ros_python_utils/package.sh'
[2.012s] INFO:colcon.colcon_core.shell:Creating package script '/workspaces/isaac_ros-dev/src/isaac_ros_nvblox/install/nvblox_ros_python_utils/share/nvblox_ros_python_utils/package.bash'
[2.012s] INFO:colcon.colcon_core.shell:Creating package script '/workspaces/isaac_ros-dev/src/isaac_ros_nvblox/install/nvblox_ros_python_utils/share/nvblox_ros_python_utils/package.zsh'
[2.013s] Level 1:colcon.colcon_core.environment:create_file_with_runtime_dependencies(/workspaces/isaac_ros-dev/src/isaac_ros_nvblox/install/nvblox_ros_python_utils/share/colcon-core/packages/nvblox_ros_python_utils)
[3.010s] DEBUG:colcon.colcon_core.event_handler.log_command:Invoking command in '/workspaces/isaac_ros-dev/src/isaac_ros_nvblox/build/nvblox_msgs': CMAKE_PREFIX_PATH=/opt/ros/humble _=/usr/bin/env /usr/bin/cmake --install /workspaces/isaac_ros-dev/src/isaac_ros_nvblox/build/nvblox_msgs
[3.085s] Level 1:colcon.colcon_core.environment:create_environment_scripts_only(nvblox_msgs)
[3.086s] Level 1:colcon.colcon_core.environment:checking '/workspaces/isaac_ros-dev/src/isaac_ros_nvblox/install/nvblox_msgs' for CMake module files
[3.086s] DEBUG:colcon.colcon_core.event_handler.log_command:Invoked command in '/workspaces/isaac_ros-dev/src/isaac_ros_nvblox/build/nvblox_msgs' returned '0': CMAKE_PREFIX_PATH=/opt/ros/humble _=/usr/bin/env /usr/bin/cmake --install /workspaces/isaac_ros-dev/src/isaac_ros_nvblox/build/nvblox_msgs
[3.088s] Level 1:colcon.colcon_core.environment:checking '/workspaces/isaac_ros-dev/src/isaac_ros_nvblox/install/nvblox_msgs' for CMake config files
[3.089s] Level 1:colcon.colcon_core.shell:create_environment_hook('nvblox_msgs', 'cmake_prefix_path')
[3.089s] INFO:colcon.colcon_core.shell:Creating environment hook '/workspaces/isaac_ros-dev/src/isaac_ros_nvblox/install/nvblox_msgs/share/nvblox_msgs/hook/cmake_prefix_path.ps1'
[3.090s] INFO:colcon.colcon_core.shell:Creating environment descriptor '/workspaces/isaac_ros-dev/src/isaac_ros_nvblox/install/nvblox_msgs/share/nvblox_msgs/hook/cmake_prefix_path.dsv'
[3.091s] INFO:colcon.colcon_core.shell:Creating environment hook '/workspaces/isaac_ros-dev/src/isaac_ros_nvblox/install/nvblox_msgs/share/nvblox_msgs/hook/cmake_prefix_path.sh'
[3.092s] Level 1:colcon.colcon_core.environment:checking '/workspaces/isaac_ros-dev/src/isaac_ros_nvblox/install/nvblox_msgs/lib'
[3.092s] Level 1:colcon.colcon_core.shell:create_environment_hook('nvblox_msgs', 'ld_library_path_lib')
[3.092s] INFO:colcon.colcon_core.shell:Creating environment hook '/workspaces/isaac_ros-dev/src/isaac_ros_nvblox/install/nvblox_msgs/share/nvblox_msgs/hook/ld_library_path_lib.ps1'
[3.093s] INFO:colcon.colcon_core.shell:Creating environment descriptor '/workspaces/isaac_ros-dev/src/isaac_ros_nvblox/install/nvblox_msgs/share/nvblox_msgs/hook/ld_library_path_lib.dsv'
[3.093s] INFO:colcon.colcon_core.shell:Creating environment hook '/workspaces/isaac_ros-dev/src/isaac_ros_nvblox/install/nvblox_msgs/share/nvblox_msgs/hook/ld_library_path_lib.sh'
[3.094s] Level 1:colcon.colcon_core.environment:checking '/workspaces/isaac_ros-dev/src/isaac_ros_nvblox/install/nvblox_msgs/bin'
[3.094s] Level 1:colcon.colcon_core.environment:checking '/workspaces/isaac_ros-dev/src/isaac_ros_nvblox/install/nvblox_msgs/lib/pkgconfig/nvblox_msgs.pc'
[3.095s] Level 1:colcon.colcon_core.environment:checking '/workspaces/isaac_ros-dev/src/isaac_ros_nvblox/install/nvblox_msgs/lib/python3.10/site-packages'
[3.095s] Level 1:colcon.colcon_core.environment:checking '/workspaces/isaac_ros-dev/src/isaac_ros_nvblox/install/nvblox_msgs/bin'
[3.096s] INFO:colcon.colcon_core.shell:Creating package script '/workspaces/isaac_ros-dev/src/isaac_ros_nvblox/install/nvblox_msgs/share/nvblox_msgs/package.ps1'
[3.096s] INFO:colcon.colcon_core.shell:Creating package descriptor '/workspaces/isaac_ros-dev/src/isaac_ros_nvblox/install/nvblox_msgs/share/nvblox_msgs/package.dsv'
[3.097s] INFO:colcon.colcon_core.shell:Creating package script '/workspaces/isaac_ros-dev/src/isaac_ros_nvblox/install/nvblox_msgs/share/nvblox_msgs/package.sh'
[3.098s] INFO:colcon.colcon_core.shell:Creating package script '/workspaces/isaac_ros-dev/src/isaac_ros_nvblox/install/nvblox_msgs/share/nvblox_msgs/package.bash'
[3.099s] INFO:colcon.colcon_core.shell:Creating package script '/workspaces/isaac_ros-dev/src/isaac_ros_nvblox/install/nvblox_msgs/share/nvblox_msgs/package.zsh'
[3.099s] Level 1:colcon.colcon_core.environment:create_file_with_runtime_dependencies(/workspaces/isaac_ros-dev/src/isaac_ros_nvblox/install/nvblox_msgs/share/colcon-core/packages/nvblox_msgs)
[5.020s] Level 1:colcon.colcon_core.environment:create_environment_scripts_only(nvblox_msgs)
[5.021s] Level 1:colcon.colcon_core.environment:checking '/workspaces/isaac_ros-dev/src/isaac_ros_nvblox/install/nvblox_msgs' for CMake module files
[5.021s] Level 1:colcon.colcon_core.environment:checking '/workspaces/isaac_ros-dev/src/isaac_ros_nvblox/install/nvblox_msgs' for CMake config files
[5.022s] Level 1:colcon.colcon_core.shell:create_environment_hook('nvblox_msgs', 'cmake_prefix_path')
[5.022s] INFO:colcon.colcon_core.shell:Creating environment hook '/workspaces/isaac_ros-dev/src/isaac_ros_nvblox/install/nvblox_msgs/share/nvblox_msgs/hook/cmake_prefix_path.ps1'
[5.022s] INFO:colcon.colcon_core.shell:Creating environment descriptor '/workspaces/isaac_ros-dev/src/isaac_ros_nvblox/install/nvblox_msgs/share/nvblox_msgs/hook/cmake_prefix_path.dsv'
[5.022s] INFO:colcon.colcon_core.shell:Creating environment hook '/workspaces/isaac_ros-dev/src/isaac_ros_nvblox/install/nvblox_msgs/share/nvblox_msgs/hook/cmake_prefix_path.sh'
[5.023s] Level 1:colcon.colcon_core.environment:checking '/workspaces/isaac_ros-dev/src/isaac_ros_nvblox/install/nvblox_msgs/lib'
[5.023s] Level 1:colcon.colcon_core.shell:create_environment_hook('nvblox_msgs', 'ld_library_path_lib')
[5.023s] INFO:colcon.colcon_core.shell:Creating environment hook '/workspaces/isaac_ros-dev/src/isaac_ros_nvblox/install/nvblox_msgs/share/nvblox_msgs/hook/ld_library_path_lib.ps1'
[5.023s] INFO:colcon.colcon_core.shell:Creating environment descriptor '/workspaces/isaac_ros-dev/src/isaac_ros_nvblox/install/nvblox_msgs/share/nvblox_msgs/hook/ld_library_path_lib.dsv'
[5.024s] INFO:colcon.colcon_core.shell:Creating environment hook '/workspaces/isaac_ros-dev/src/isaac_ros_nvblox/install/nvblox_msgs/share/nvblox_msgs/hook/ld_library_path_lib.sh'
[5.024s] Level 1:colcon.colcon_core.environment:checking '/workspaces/isaac_ros-dev/src/isaac_ros_nvblox/install/nvblox_msgs/bin'
[5.024s] Level 1:colcon.colcon_core.environment:checking '/workspaces/isaac_ros-dev/src/isaac_ros_nvblox/install/nvblox_msgs/lib/pkgconfig/nvblox_msgs.pc'
[5.024s] Level 1:colcon.colcon_core.environment:checking '/workspaces/isaac_ros-dev/src/isaac_ros_nvblox/install/nvblox_msgs/lib/python3.10/site-packages'
[5.024s] Level 1:colcon.colcon_core.environment:checking '/workspaces/isaac_ros-dev/src/isaac_ros_nvblox/install/nvblox_msgs/bin'
[5.024s] INFO:colcon.colcon_core.shell:Creating package script '/workspaces/isaac_ros-dev/src/isaac_ros_nvblox/install/nvblox_msgs/share/nvblox_msgs/package.ps1'
[5.025s] INFO:colcon.colcon_core.shell:Creating package descriptor '/workspaces/isaac_ros-dev/src/isaac_ros_nvblox/install/nvblox_msgs/share/nvblox_msgs/package.dsv'
[5.025s] INFO:colcon.colcon_core.shell:Creating package script '/workspaces/isaac_ros-dev/src/isaac_ros_nvblox/install/nvblox_msgs/share/nvblox_msgs/package.sh'
[5.025s] INFO:colcon.colcon_core.shell:Creating package script '/workspaces/isaac_ros-dev/src/isaac_ros_nvblox/install/nvblox_msgs/share/nvblox_msgs/package.bash'
[5.026s] INFO:colcon.colcon_core.shell:Creating package script '/workspaces/isaac_ros-dev/src/isaac_ros_nvblox/install/nvblox_msgs/share/nvblox_msgs/package.zsh'
[5.026s] Level 1:colcon.colcon_core.environment:create_file_with_runtime_dependencies(/workspaces/isaac_ros-dev/src/isaac_ros_nvblox/install/nvblox_msgs/share/colcon-core/packages/nvblox_msgs)
[5.026s] INFO:colcon.colcon_ros.task.ament_cmake.build:Building ROS package in '/workspaces/isaac_ros-dev/src/isaac_ros_nvblox/nvblox_rviz_plugin' with build type 'ament_cmake'
[5.027s] INFO:colcon.colcon_cmake.task.cmake.build:Building CMake package in '/workspaces/isaac_ros-dev/src/isaac_ros_nvblox/nvblox_rviz_plugin'
[5.027s] INFO:colcon.colcon_core.shell:Skip shell extension 'powershell' for command environment: Not usable outside of PowerShell
[5.027s] DEBUG:colcon.colcon_core.shell:Skip shell extension 'dsv' for command environment
[5.030s] INFO:colcon.colcon_ros.task.ament_cmake.build:Building ROS package in '/workspaces/isaac_ros-dev/src/isaac_ros_nvblox/nvblox_examples/semantic_label_conversion' with build type 'ament_cmake'
[5.030s] INFO:colcon.colcon_cmake.task.cmake.build:Building CMake package in '/workspaces/isaac_ros-dev/src/isaac_ros_nvblox/nvblox_examples/semantic_label_conversion'
[5.030s] INFO:colcon.colcon_core.shell:Skip shell extension 'powershell' for command environment: Not usable outside of PowerShell
[5.031s] DEBUG:colcon.colcon_core.shell:Skip shell extension 'dsv' for command environment
[5.034s] INFO:colcon.colcon_ros.task.ament_cmake.build:Building ROS package in '/workspaces/isaac_ros-dev/src/isaac_ros_nvblox/nvblox_nav2' with build type 'ament_cmake'
[5.034s] INFO:colcon.colcon_cmake.task.cmake.build:Building CMake package in '/workspaces/isaac_ros-dev/src/isaac_ros_nvblox/nvblox_nav2'
[5.034s] INFO:colcon.colcon_core.shell:Skip shell extension 'powershell' for command environment: Not usable outside of PowerShell
[5.034s] DEBUG:colcon.colcon_core.shell:Skip shell extension 'dsv' for command environment
[5.049s] DEBUG:colcon.colcon_core.event_handler.log_command:Invoking command in '/workspaces/isaac_ros-dev/src/isaac_ros_nvblox/build/nvblox_rviz_plugin': AMENT_PREFIX_PATH=/workspaces/isaac_ros-dev/src/isaac_ros_nvblox/install/nvblox_msgs:${AMENT_PREFIX_PATH} CMAKE_PREFIX_PATH=/workspaces/isaac_ros-dev/src/isaac_ros_nvblox/install/nvblox_msgs:/opt/ros/humble LD_LIBRARY_PATH=/workspaces/isaac_ros-dev/src/isaac_ros_nvblox/install/nvblox_msgs/lib:${LD_LIBRARY_PATH} PYTHONPATH=/workspaces/isaac_ros-dev/src/isaac_ros_nvblox/install/nvblox_msgs/local/lib/python3.10/dist-packages:${PYTHONPATH} _=/usr/bin/env /usr/bin/cmake --build /workspaces/isaac_ros-dev/src/isaac_ros_nvblox/build/nvblox_rviz_plugin -- -j48 -l48
[5.052s] DEBUG:colcon.colcon_core.event_handler.log_command:Invoking command in '/workspaces/isaac_ros-dev/src/isaac_ros_nvblox/build/semantic_label_conversion': AMENT_PREFIX_PATH=/workspaces/isaac_ros-dev/src/isaac_ros_nvblox/install/nvblox_msgs:${AMENT_PREFIX_PATH} CMAKE_PREFIX_PATH=/workspaces/isaac_ros-dev/src/isaac_ros_nvblox/install/nvblox_msgs:/opt/ros/humble LD_LIBRARY_PATH=/workspaces/isaac_ros-dev/src/isaac_ros_nvblox/install/nvblox_msgs/lib:${LD_LIBRARY_PATH} PYTHONPATH=/workspaces/isaac_ros-dev/src/isaac_ros_nvblox/install/nvblox_msgs/local/lib/python3.10/dist-packages:${PYTHONPATH} _=/usr/bin/env /usr/bin/cmake --build /workspaces/isaac_ros-dev/src/isaac_ros_nvblox/build/semantic_label_conversion -- -j48 -l48
[5.055s] DEBUG:colcon.colcon_core.event_handler.log_command:Invoking command in '/workspaces/isaac_ros-dev/src/isaac_ros_nvblox/build/nvblox_nav2': AMENT_PREFIX_PATH=/workspaces/isaac_ros-dev/src/isaac_ros_nvblox/install/nvblox_msgs:${AMENT_PREFIX_PATH} CMAKE_PREFIX_PATH=/workspaces/isaac_ros-dev/src/isaac_ros_nvblox/install/nvblox_msgs:/opt/ros/humble LD_LIBRARY_PATH=/workspaces/isaac_ros-dev/src/isaac_ros_nvblox/install/nvblox_msgs/lib:${LD_LIBRARY_PATH} PYTHONPATH=/workspaces/isaac_ros-dev/src/isaac_ros_nvblox/install/nvblox_msgs/local/lib/python3.10/dist-packages:${PYTHONPATH} _=/usr/bin/env /usr/bin/cmake --build /workspaces/isaac_ros-dev/src/isaac_ros_nvblox/build/nvblox_nav2 -- -j48 -l48
[5.094s] DEBUG:colcon.colcon_core.event_handler.log_command:Invoked command in '/workspaces/isaac_ros-dev/src/isaac_ros_nvblox/build/semantic_label_conversion' returned '0': AMENT_PREFIX_PATH=/workspaces/isaac_ros-dev/src/isaac_ros_nvblox/install/nvblox_msgs:${AMENT_PREFIX_PATH} CMAKE_PREFIX_PATH=/workspaces/isaac_ros-dev/src/isaac_ros_nvblox/install/nvblox_msgs:/opt/ros/humble LD_LIBRARY_PATH=/workspaces/isaac_ros-dev/src/isaac_ros_nvblox/install/nvblox_msgs/lib:${LD_LIBRARY_PATH} PYTHONPATH=/workspaces/isaac_ros-dev/src/isaac_ros_nvblox/install/nvblox_msgs/local/lib/python3.10/dist-packages:${PYTHONPATH} _=/usr/bin/env /usr/bin/cmake --build /workspaces/isaac_ros-dev/src/isaac_ros_nvblox/build/semantic_label_conversion -- -j48 -l48
[5.157s] DEBUG:colcon.colcon_core.event_handler.log_command:Invoked command in '/workspaces/isaac_ros-dev/src/isaac_ros_nvblox/build/nvblox_nav2' returned '0': AMENT_PREFIX_PATH=/workspaces/isaac_ros-dev/src/isaac_ros_nvblox/install/nvblox_msgs:${AMENT_PREFIX_PATH} CMAKE_PREFIX_PATH=/workspaces/isaac_ros-dev/src/isaac_ros_nvblox/install/nvblox_msgs:/opt/ros/humble LD_LIBRARY_PATH=/workspaces/isaac_ros-dev/src/isaac_ros_nvblox/install/nvblox_msgs/lib:${LD_LIBRARY_PATH} PYTHONPATH=/workspaces/isaac_ros-dev/src/isaac_ros_nvblox/install/nvblox_msgs/local/lib/python3.10/dist-packages:${PYTHONPATH} _=/usr/bin/env /usr/bin/cmake --build /workspaces/isaac_ros-dev/src/isaac_ros_nvblox/build/nvblox_nav2 -- -j48 -l48
[5.230s] DEBUG:colcon.colcon_core.event_handler.log_command:Invoking command in '/workspaces/isaac_ros-dev/src/isaac_ros_nvblox/build/semantic_label_conversion': AMENT_PREFIX_PATH=/workspaces/isaac_ros-dev/src/isaac_ros_nvblox/install/nvblox_msgs:${AMENT_PREFIX_PATH} CMAKE_PREFIX_PATH=/workspaces/isaac_ros-dev/src/isaac_ros_nvblox/install/nvblox_msgs:/opt/ros/humble LD_LIBRARY_PATH=/workspaces/isaac_ros-dev/src/isaac_ros_nvblox/install/nvblox_msgs/lib:${LD_LIBRARY_PATH} PYTHONPATH=/workspaces/isaac_ros-dev/src/isaac_ros_nvblox/install/nvblox_msgs/local/lib/python3.10/dist-packages:${PYTHONPATH} _=/usr/bin/env /usr/bin/cmake --install /workspaces/isaac_ros-dev/src/isaac_ros_nvblox/build/semantic_label_conversion
[5.234s] DEBUG:colcon.colcon_core.event_handler.log_command:Invoked command in '/workspaces/isaac_ros-dev/src/isaac_ros_nvblox/build/nvblox_rviz_plugin' returned '0': AMENT_PREFIX_PATH=/workspaces/isaac_ros-dev/src/isaac_ros_nvblox/install/nvblox_msgs:${AMENT_PREFIX_PATH} CMAKE_PREFIX_PATH=/workspaces/isaac_ros-dev/src/isaac_ros_nvblox/install/nvblox_msgs:/opt/ros/humble LD_LIBRARY_PATH=/workspaces/isaac_ros-dev/src/isaac_ros_nvblox/install/nvblox_msgs/lib:${LD_LIBRARY_PATH} PYTHONPATH=/workspaces/isaac_ros-dev/src/isaac_ros_nvblox/install/nvblox_msgs/local/lib/python3.10/dist-packages:${PYTHONPATH} _=/usr/bin/env /usr/bin/cmake --build /workspaces/isaac_ros-dev/src/isaac_ros_nvblox/build/nvblox_rviz_plugin -- -j48 -l48
[5.252s] Level 1:colcon.colcon_core.environment:create_environment_scripts_only(semantic_label_conversion)
[5.252s] Level 1:colcon.colcon_core.environment:checking '/workspaces/isaac_ros-dev/src/isaac_ros_nvblox/install/semantic_label_conversion' for CMake module files
[5.252s] DEBUG:colcon.colcon_core.event_handler.log_command:Invoked command in '/workspaces/isaac_ros-dev/src/isaac_ros_nvblox/build/semantic_label_conversion' returned '0': AMENT_PREFIX_PATH=/workspaces/isaac_ros-dev/src/isaac_ros_nvblox/install/nvblox_msgs:${AMENT_PREFIX_PATH} CMAKE_PREFIX_PATH=/workspaces/isaac_ros-dev/src/isaac_ros_nvblox/install/nvblox_msgs:/opt/ros/humble LD_LIBRARY_PATH=/workspaces/isaac_ros-dev/src/isaac_ros_nvblox/install/nvblox_msgs/lib:${LD_LIBRARY_PATH} PYTHONPATH=/workspaces/isaac_ros-dev/src/isaac_ros_nvblox/install/nvblox_msgs/local/lib/python3.10/dist-packages:${PYTHONPATH} _=/usr/bin/env /usr/bin/cmake --install /workspaces/isaac_ros-dev/src/isaac_ros_nvblox/build/semantic_label_conversion
[5.253s] Level 1:colcon.colcon_core.environment:checking '/workspaces/isaac_ros-dev/src/isaac_ros_nvblox/install/semantic_label_conversion' for CMake config files
[5.253s] Level 1:colcon.colcon_core.shell:create_environment_hook('semantic_label_conversion', 'cmake_prefix_path')
[5.253s] INFO:colcon.colcon_core.shell:Creating environment hook '/workspaces/isaac_ros-dev/src/isaac_ros_nvblox/install/semantic_label_conversion/share/semantic_label_conversion/hook/cmake_prefix_path.ps1'
[5.253s] INFO:colcon.colcon_core.shell:Creating environment descriptor '/workspaces/isaac_ros-dev/src/isaac_ros_nvblox/install/semantic_label_conversion/share/semantic_label_conversion/hook/cmake_prefix_path.dsv'
[5.254s] INFO:colcon.colcon_core.shell:Creating environment hook '/workspaces/isaac_ros-dev/src/isaac_ros_nvblox/install/semantic_label_conversion/share/semantic_label_conversion/hook/cmake_prefix_path.sh'
[5.254s] Level 1:colcon.colcon_core.environment:checking '/workspaces/isaac_ros-dev/src/isaac_ros_nvblox/install/semantic_label_conversion/lib'
[5.254s] Level 1:colcon.colcon_core.environment:checking '/workspaces/isaac_ros-dev/src/isaac_ros_nvblox/install/semantic_label_conversion/bin'
[5.254s] Level 1:colcon.colcon_core.environment:checking '/workspaces/isaac_ros-dev/src/isaac_ros_nvblox/install/semantic_label_conversion/lib/pkgconfig/semantic_label_conversion.pc'
[5.254s] Level 1:colcon.colcon_core.environment:checking '/workspaces/isaac_ros-dev/src/isaac_ros_nvblox/install/semantic_label_conversion/lib/python3.10/site-packages'
[5.255s] Level 1:colcon.colcon_core.environment:checking '/workspaces/isaac_ros-dev/src/isaac_ros_nvblox/install/semantic_label_conversion/bin'
[5.255s] INFO:colcon.colcon_core.shell:Creating package script '/workspaces/isaac_ros-dev/src/isaac_ros_nvblox/install/semantic_label_conversion/share/semantic_label_conversion/package.ps1'
[5.255s] INFO:colcon.colcon_core.shell:Creating package descriptor '/workspaces/isaac_ros-dev/src/isaac_ros_nvblox/install/semantic_label_conversion/share/semantic_label_conversion/package.dsv'
[5.255s] INFO:colcon.colcon_core.shell:Creating package script '/workspaces/isaac_ros-dev/src/isaac_ros_nvblox/install/semantic_label_conversion/share/semantic_label_conversion/package.sh'
[5.256s] INFO:colcon.colcon_core.shell:Creating package script '/workspaces/isaac_ros-dev/src/isaac_ros_nvblox/install/semantic_label_conversion/share/semantic_label_conversion/package.bash'
[5.256s] INFO:colcon.colcon_core.shell:Creating package script '/workspaces/isaac_ros-dev/src/isaac_ros_nvblox/install/semantic_label_conversion/share/semantic_label_conversion/package.zsh'
[5.256s] Level 1:colcon.colcon_core.environment:create_file_with_runtime_dependencies(/workspaces/isaac_ros-dev/src/isaac_ros_nvblox/install/semantic_label_conversion/share/colcon-core/packages/semantic_label_conversion)
[5.327s] DEBUG:colcon.colcon_core.event_handler.log_command:Invoking command in '/workspaces/isaac_ros-dev/src/isaac_ros_nvblox/build/nvblox_nav2': AMENT_PREFIX_PATH=/workspaces/isaac_ros-dev/src/isaac_ros_nvblox/install/nvblox_msgs:${AMENT_PREFIX_PATH} CMAKE_PREFIX_PATH=/workspaces/isaac_ros-dev/src/isaac_ros_nvblox/install/nvblox_msgs:/opt/ros/humble LD_LIBRARY_PATH=/workspaces/isaac_ros-dev/src/isaac_ros_nvblox/install/nvblox_msgs/lib:${LD_LIBRARY_PATH} PYTHONPATH=/workspaces/isaac_ros-dev/src/isaac_ros_nvblox/install/nvblox_msgs/local/lib/python3.10/dist-packages:${PYTHONPATH} _=/usr/bin/env /usr/bin/cmake --install /workspaces/isaac_ros-dev/src/isaac_ros_nvblox/build/nvblox_nav2
[5.349s] Level 1:colcon.colcon_core.environment:create_environment_scripts_only(nvblox_nav2)
[5.350s] Level 1:colcon.colcon_core.environment:checking '/workspaces/isaac_ros-dev/src/isaac_ros_nvblox/install/nvblox_nav2' for CMake module files
[5.350s] DEBUG:colcon.colcon_core.event_handler.log_command:Invoked command in '/workspaces/isaac_ros-dev/src/isaac_ros_nvblox/build/nvblox_nav2' returned '0': AMENT_PREFIX_PATH=/workspaces/isaac_ros-dev/src/isaac_ros_nvblox/install/nvblox_msgs:${AMENT_PREFIX_PATH} CMAKE_PREFIX_PATH=/workspaces/isaac_ros-dev/src/isaac_ros_nvblox/install/nvblox_msgs:/opt/ros/humble LD_LIBRARY_PATH=/workspaces/isaac_ros-dev/src/isaac_ros_nvblox/install/nvblox_msgs/lib:${LD_LIBRARY_PATH} PYTHONPATH=/workspaces/isaac_ros-dev/src/isaac_ros_nvblox/install/nvblox_msgs/local/lib/python3.10/dist-packages:${PYTHONPATH} _=/usr/bin/env /usr/bin/cmake --install /workspaces/isaac_ros-dev/src/isaac_ros_nvblox/build/nvblox_nav2
[5.350s] Level 1:colcon.colcon_core.environment:checking '/workspaces/isaac_ros-dev/src/isaac_ros_nvblox/install/nvblox_nav2' for CMake config files
[5.350s] Level 1:colcon.colcon_core.shell:create_environment_hook('nvblox_nav2', 'cmake_prefix_path')
[5.351s] INFO:colcon.colcon_core.shell:Creating environment hook '/workspaces/isaac_ros-dev/src/isaac_ros_nvblox/install/nvblox_nav2/share/nvblox_nav2/hook/cmake_prefix_path.ps1'
[5.351s] INFO:colcon.colcon_core.shell:Creating environment descriptor '/workspaces/isaac_ros-dev/src/isaac_ros_nvblox/install/nvblox_nav2/share/nvblox_nav2/hook/cmake_prefix_path.dsv'
[5.351s] INFO:colcon.colcon_core.shell:Creating environment hook '/workspaces/isaac_ros-dev/src/isaac_ros_nvblox/install/nvblox_nav2/share/nvblox_nav2/hook/cmake_prefix_path.sh'
[5.352s] Level 1:colcon.colcon_core.environment:checking '/workspaces/isaac_ros-dev/src/isaac_ros_nvblox/install/nvblox_nav2/lib'
[5.352s] Level 1:colcon.colcon_core.shell:create_environment_hook('nvblox_nav2', 'ld_library_path_lib')
[5.352s] INFO:colcon.colcon_core.shell:Creating environment hook '/workspaces/isaac_ros-dev/src/isaac_ros_nvblox/install/nvblox_nav2/share/nvblox_nav2/hook/ld_library_path_lib.ps1'
[5.352s] INFO:colcon.colcon_core.shell:Creating environment descriptor '/workspaces/isaac_ros-dev/src/isaac_ros_nvblox/install/nvblox_nav2/share/nvblox_nav2/hook/ld_library_path_lib.dsv'
[5.353s] INFO:colcon.colcon_core.shell:Creating environment hook '/workspaces/isaac_ros-dev/src/isaac_ros_nvblox/install/nvblox_nav2/share/nvblox_nav2/hook/ld_library_path_lib.sh'
[5.353s] Level 1:colcon.colcon_core.environment:checking '/workspaces/isaac_ros-dev/src/isaac_ros_nvblox/install/nvblox_nav2/bin'
[5.353s] Level 1:colcon.colcon_core.environment:checking '/workspaces/isaac_ros-dev/src/isaac_ros_nvblox/install/nvblox_nav2/lib/pkgconfig/nvblox_nav2.pc'
[5.353s] Level 1:colcon.colcon_core.environment:checking '/workspaces/isaac_ros-dev/src/isaac_ros_nvblox/install/nvblox_nav2/lib/python3.10/site-packages'
[5.353s] Level 1:colcon.colcon_core.environment:checking '/workspaces/isaac_ros-dev/src/isaac_ros_nvblox/install/nvblox_nav2/bin'
[5.354s] INFO:colcon.colcon_core.shell:Creating package script '/workspaces/isaac_ros-dev/src/isaac_ros_nvblox/install/nvblox_nav2/share/nvblox_nav2/package.ps1'
[5.354s] INFO:colcon.colcon_core.shell:Creating package descriptor '/workspaces/isaac_ros-dev/src/isaac_ros_nvblox/install/nvblox_nav2/share/nvblox_nav2/package.dsv'
[5.354s] INFO:colcon.colcon_core.shell:Creating package script '/workspaces/isaac_ros-dev/src/isaac_ros_nvblox/install/nvblox_nav2/share/nvblox_nav2/package.sh'
[5.354s] INFO:colcon.colcon_core.shell:Creating package script '/workspaces/isaac_ros-dev/src/isaac_ros_nvblox/install/nvblox_nav2/share/nvblox_nav2/package.bash'
[5.355s] INFO:colcon.colcon_core.shell:Creating package script '/workspaces/isaac_ros-dev/src/isaac_ros_nvblox/install/nvblox_nav2/share/nvblox_nav2/package.zsh'
[5.355s] Level 1:colcon.colcon_core.environment:create_file_with_runtime_dependencies(/workspaces/isaac_ros-dev/src/isaac_ros_nvblox/install/nvblox_nav2/share/colcon-core/packages/nvblox_nav2)
[5.394s] Level 1:colcon.colcon_core.environment:create_environment_scripts_only(semantic_label_conversion)
[5.394s] Level 1:colcon.colcon_core.environment:checking '/workspaces/isaac_ros-dev/src/isaac_ros_nvblox/install/semantic_label_conversion' for CMake module files
[5.394s] Level 1:colcon.colcon_core.environment:checking '/workspaces/isaac_ros-dev/src/isaac_ros_nvblox/install/semantic_label_conversion' for CMake config files
[5.395s] Level 1:colcon.colcon_core.shell:create_environment_hook('semantic_label_conversion', 'cmake_prefix_path')
[5.395s] INFO:colcon.colcon_core.shell:Creating environment hook '/workspaces/isaac_ros-dev/src/isaac_ros_nvblox/install/semantic_label_conversion/share/semantic_label_conversion/hook/cmake_prefix_path.ps1'
[5.395s] INFO:colcon.colcon_core.shell:Creating environment descriptor '/workspaces/isaac_ros-dev/src/isaac_ros_nvblox/install/semantic_label_conversion/share/semantic_label_conversion/hook/cmake_prefix_path.dsv'
[5.395s] INFO:colcon.colcon_core.shell:Creating environment hook '/workspaces/isaac_ros-dev/src/isaac_ros_nvblox/install/semantic_label_conversion/share/semantic_label_conversion/hook/cmake_prefix_path.sh'
[5.396s] Level 1:colcon.colcon_core.environment:checking '/workspaces/isaac_ros-dev/src/isaac_ros_nvblox/install/semantic_label_conversion/lib'
[5.396s] Level 1:colcon.colcon_core.environment:checking '/workspaces/isaac_ros-dev/src/isaac_ros_nvblox/install/semantic_label_conversion/bin'
[5.396s] Level 1:colcon.colcon_core.environment:checking '/workspaces/isaac_ros-dev/src/isaac_ros_nvblox/install/semantic_label_conversion/lib/pkgconfig/semantic_label_conversion.pc'
[5.396s] Level 1:colcon.colcon_core.environment:checking '/workspaces/isaac_ros-dev/src/isaac_ros_nvblox/install/semantic_label_conversion/lib/python3.10/site-packages'
[5.396s] Level 1:colcon.colcon_core.environment:checking '/workspaces/isaac_ros-dev/src/isaac_ros_nvblox/install/semantic_label_conversion/bin'
[5.396s] INFO:colcon.colcon_core.shell:Creating package script '/workspaces/isaac_ros-dev/src/isaac_ros_nvblox/install/semantic_label_conversion/share/semantic_label_conversion/package.ps1'
[5.397s] INFO:colcon.colcon_core.shell:Creating package descriptor '/workspaces/isaac_ros-dev/src/isaac_ros_nvblox/install/semantic_label_conversion/share/semantic_label_conversion/package.dsv'
[5.397s] INFO:colcon.colcon_core.shell:Creating package script '/workspaces/isaac_ros-dev/src/isaac_ros_nvblox/install/semantic_label_conversion/share/semantic_label_conversion/package.sh'
[5.397s] INFO:colcon.colcon_core.shell:Creating package script '/workspaces/isaac_ros-dev/src/isaac_ros_nvblox/install/semantic_label_conversion/share/semantic_label_conversion/package.bash'
[5.398s] INFO:colcon.colcon_core.shell:Creating package script '/workspaces/isaac_ros-dev/src/isaac_ros_nvblox/install/semantic_label_conversion/share/semantic_label_conversion/package.zsh'
[5.398s] Level 1:colcon.colcon_core.environment:create_file_with_runtime_dependencies(/workspaces/isaac_ros-dev/src/isaac_ros_nvblox/install/semantic_label_conversion/share/colcon-core/packages/semantic_label_conversion)
[5.467s] DEBUG:colcon.colcon_core.event_handler.log_command:Invoking command in '/workspaces/isaac_ros-dev/src/isaac_ros_nvblox/build/nvblox_rviz_plugin': AMENT_PREFIX_PATH=/workspaces/isaac_ros-dev/src/isaac_ros_nvblox/install/nvblox_msgs:${AMENT_PREFIX_PATH} CMAKE_PREFIX_PATH=/workspaces/isaac_ros-dev/src/isaac_ros_nvblox/install/nvblox_msgs:/opt/ros/humble LD_LIBRARY_PATH=/workspaces/isaac_ros-dev/src/isaac_ros_nvblox/install/nvblox_msgs/lib:${LD_LIBRARY_PATH} PYTHONPATH=/workspaces/isaac_ros-dev/src/isaac_ros_nvblox/install/nvblox_msgs/local/lib/python3.10/dist-packages:${PYTHONPATH} _=/usr/bin/env /usr/bin/cmake --install /workspaces/isaac_ros-dev/src/isaac_ros_nvblox/build/nvblox_rviz_plugin
[5.489s] Level 1:colcon.colcon_core.environment:create_environment_scripts_only(nvblox_rviz_plugin)
[5.490s] Level 1:colcon.colcon_core.environment:checking '/workspaces/isaac_ros-dev/src/isaac_ros_nvblox/install/nvblox_rviz_plugin' for CMake module files
[5.490s] DEBUG:colcon.colcon_core.event_handler.log_command:Invoked command in '/workspaces/isaac_ros-dev/src/isaac_ros_nvblox/build/nvblox_rviz_plugin' returned '0': AMENT_PREFIX_PATH=/workspaces/isaac_ros-dev/src/isaac_ros_nvblox/install/nvblox_msgs:${AMENT_PREFIX_PATH} CMAKE_PREFIX_PATH=/workspaces/isaac_ros-dev/src/isaac_ros_nvblox/install/nvblox_msgs:/opt/ros/humble LD_LIBRARY_PATH=/workspaces/isaac_ros-dev/src/isaac_ros_nvblox/install/nvblox_msgs/lib:${LD_LIBRARY_PATH} PYTHONPATH=/workspaces/isaac_ros-dev/src/isaac_ros_nvblox/install/nvblox_msgs/local/lib/python3.10/dist-packages:${PYTHONPATH} _=/usr/bin/env /usr/bin/cmake --install /workspaces/isaac_ros-dev/src/isaac_ros_nvblox/build/nvblox_rviz_plugin
[5.490s] Level 1:colcon.colcon_core.environment:checking '/workspaces/isaac_ros-dev/src/isaac_ros_nvblox/install/nvblox_rviz_plugin' for CMake config files
[5.491s] Level 1:colcon.colcon_core.shell:create_environment_hook('nvblox_rviz_plugin', 'cmake_prefix_path')
[5.491s] INFO:colcon.colcon_core.shell:Creating environment hook '/workspaces/isaac_ros-dev/src/isaac_ros_nvblox/install/nvblox_rviz_plugin/share/nvblox_rviz_plugin/hook/cmake_prefix_path.ps1'
[5.491s] INFO:colcon.colcon_core.shell:Creating environment descriptor '/workspaces/isaac_ros-dev/src/isaac_ros_nvblox/install/nvblox_rviz_plugin/share/nvblox_rviz_plugin/hook/cmake_prefix_path.dsv'
[5.492s] INFO:colcon.colcon_core.shell:Creating environment hook '/workspaces/isaac_ros-dev/src/isaac_ros_nvblox/install/nvblox_rviz_plugin/share/nvblox_rviz_plugin/hook/cmake_prefix_path.sh'
[5.492s] Level 1:colcon.colcon_core.environment:checking '/workspaces/isaac_ros-dev/src/isaac_ros_nvblox/install/nvblox_rviz_plugin/lib'
[5.492s] Level 1:colcon.colcon_core.shell:create_environment_hook('nvblox_rviz_plugin', 'ld_library_path_lib')
[5.492s] INFO:colcon.colcon_core.shell:Creating environment hook '/workspaces/isaac_ros-dev/src/isaac_ros_nvblox/install/nvblox_rviz_plugin/share/nvblox_rviz_plugin/hook/ld_library_path_lib.ps1'
[5.492s] INFO:colcon.colcon_core.shell:Creating environment descriptor '/workspaces/isaac_ros-dev/src/isaac_ros_nvblox/install/nvblox_rviz_plugin/share/nvblox_rviz_plugin/hook/ld_library_path_lib.dsv'
[5.493s] INFO:colcon.colcon_core.shell:Creating environment hook '/workspaces/isaac_ros-dev/src/isaac_ros_nvblox/install/nvblox_rviz_plugin/share/nvblox_rviz_plugin/hook/ld_library_path_lib.sh'
[5.493s] Level 1:colcon.colcon_core.environment:checking '/workspaces/isaac_ros-dev/src/isaac_ros_nvblox/install/nvblox_rviz_plugin/bin'
[5.493s] Level 1:colcon.colcon_core.environment:checking '/workspaces/isaac_ros-dev/src/isaac_ros_nvblox/install/nvblox_rviz_plugin/lib/pkgconfig/nvblox_rviz_plugin.pc'
[5.493s] Level 1:colcon.colcon_core.environment:checking '/workspaces/isaac_ros-dev/src/isaac_ros_nvblox/install/nvblox_rviz_plugin/lib/python3.10/site-packages'
[5.493s] Level 1:colcon.colcon_core.environment:checking '/workspaces/isaac_ros-dev/src/isaac_ros_nvblox/install/nvblox_rviz_plugin/bin'
[5.494s] INFO:colcon.colcon_core.shell:Creating package script '/workspaces/isaac_ros-dev/src/isaac_ros_nvblox/install/nvblox_rviz_plugin/share/nvblox_rviz_plugin/package.ps1'
[5.494s] INFO:colcon.colcon_core.shell:Creating package descriptor '/workspaces/isaac_ros-dev/src/isaac_ros_nvblox/install/nvblox_rviz_plugin/share/nvblox_rviz_plugin/package.dsv'
[5.494s] INFO:colcon.colcon_core.shell:Creating package script '/workspaces/isaac_ros-dev/src/isaac_ros_nvblox/install/nvblox_rviz_plugin/share/nvblox_rviz_plugin/package.sh'
[5.494s] INFO:colcon.colcon_core.shell:Creating package script '/workspaces/isaac_ros-dev/src/isaac_ros_nvblox/install/nvblox_rviz_plugin/share/nvblox_rviz_plugin/package.bash'
[5.495s] INFO:colcon.colcon_core.shell:Creating package script '/workspaces/isaac_ros-dev/src/isaac_ros_nvblox/install/nvblox_rviz_plugin/share/nvblox_rviz_plugin/package.zsh'
[5.495s] Level 1:colcon.colcon_core.environment:create_file_with_runtime_dependencies(/workspaces/isaac_ros-dev/src/isaac_ros_nvblox/install/nvblox_rviz_plugin/share/colcon-core/packages/nvblox_rviz_plugin)
[5.523s] Level 1:colcon.colcon_core.environment:create_environment_scripts_only(nvblox_nav2)
[5.523s] Level 1:colcon.colcon_core.environment:checking '/workspaces/isaac_ros-dev/src/isaac_ros_nvblox/install/nvblox_nav2' for CMake module files
[5.524s] Level 1:colcon.colcon_core.environment:checking '/workspaces/isaac_ros-dev/src/isaac_ros_nvblox/install/nvblox_nav2' for CMake config files
[5.525s] Level 1:colcon.colcon_core.shell:create_environment_hook('nvblox_nav2', 'cmake_prefix_path')
[5.525s] INFO:colcon.colcon_core.shell:Creating environment hook '/workspaces/isaac_ros-dev/src/isaac_ros_nvblox/install/nvblox_nav2/share/nvblox_nav2/hook/cmake_prefix_path.ps1'
[5.526s] INFO:colcon.colcon_core.shell:Creating environment descriptor '/workspaces/isaac_ros-dev/src/isaac_ros_nvblox/install/nvblox_nav2/share/nvblox_nav2/hook/cmake_prefix_path.dsv'
[5.527s] INFO:colcon.colcon_core.shell:Creating environment hook '/workspaces/isaac_ros-dev/src/isaac_ros_nvblox/install/nvblox_nav2/share/nvblox_nav2/hook/cmake_prefix_path.sh'
[5.528s] Level 1:colcon.colcon_core.environment:checking '/workspaces/isaac_ros-dev/src/isaac_ros_nvblox/install/nvblox_nav2/lib'
[5.528s] Level 1:colcon.colcon_core.shell:create_environment_hook('nvblox_nav2', 'ld_library_path_lib')
[5.528s] INFO:colcon.colcon_core.shell:Creating environment hook '/workspaces/isaac_ros-dev/src/isaac_ros_nvblox/install/nvblox_nav2/share/nvblox_nav2/hook/ld_library_path_lib.ps1'
[5.529s] INFO:colcon.colcon_core.shell:Creating environment descriptor '/workspaces/isaac_ros-dev/src/isaac_ros_nvblox/install/nvblox_nav2/share/nvblox_nav2/hook/ld_library_path_lib.dsv'
[5.530s] INFO:colcon.colcon_core.shell:Creating environment hook '/workspaces/isaac_ros-dev/src/isaac_ros_nvblox/install/nvblox_nav2/share/nvblox_nav2/hook/ld_library_path_lib.sh'
[5.530s] Level 1:colcon.colcon_core.environment:checking '/workspaces/isaac_ros-dev/src/isaac_ros_nvblox/install/nvblox_nav2/bin'
[5.530s] Level 1:colcon.colcon_core.environment:checking '/workspaces/isaac_ros-dev/src/isaac_ros_nvblox/install/nvblox_nav2/lib/pkgconfig/nvblox_nav2.pc'
[5.531s] Level 1:colcon.colcon_core.environment:checking '/workspaces/isaac_ros-dev/src/isaac_ros_nvblox/install/nvblox_nav2/lib/python3.10/site-packages'
[5.531s] Level 1:colcon.colcon_core.environment:checking '/workspaces/isaac_ros-dev/src/isaac_ros_nvblox/install/nvblox_nav2/bin'
[5.532s] INFO:colcon.colcon_core.shell:Creating package script '/workspaces/isaac_ros-dev/src/isaac_ros_nvblox/install/nvblox_nav2/share/nvblox_nav2/package.ps1'
[5.532s] INFO:colcon.colcon_core.shell:Creating package descriptor '/workspaces/isaac_ros-dev/src/isaac_ros_nvblox/install/nvblox_nav2/share/nvblox_nav2/package.dsv'
[5.533s] INFO:colcon.colcon_core.shell:Creating package script '/workspaces/isaac_ros-dev/src/isaac_ros_nvblox/install/nvblox_nav2/share/nvblox_nav2/package.sh'
[5.534s] INFO:colcon.colcon_core.shell:Creating package script '/workspaces/isaac_ros-dev/src/isaac_ros_nvblox/install/nvblox_nav2/share/nvblox_nav2/package.bash'
[5.535s] INFO:colcon.colcon_core.shell:Creating package script '/workspaces/isaac_ros-dev/src/isaac_ros_nvblox/install/nvblox_nav2/share/nvblox_nav2/package.zsh'
[5.535s] Level 1:colcon.colcon_core.environment:create_file_with_runtime_dependencies(/workspaces/isaac_ros-dev/src/isaac_ros_nvblox/install/nvblox_nav2/share/colcon-core/packages/nvblox_nav2)
[5.723s] Level 1:colcon.colcon_core.environment:create_environment_scripts_only(nvblox_rviz_plugin)
[5.723s] Level 1:colcon.colcon_core.environment:checking '/workspaces/isaac_ros-dev/src/isaac_ros_nvblox/install/nvblox_rviz_plugin' for CMake module files
[5.723s] Level 1:colcon.colcon_core.environment:checking '/workspaces/isaac_ros-dev/src/isaac_ros_nvblox/install/nvblox_rviz_plugin' for CMake config files
[5.724s] Level 1:colcon.colcon_core.shell:create_environment_hook('nvblox_rviz_plugin', 'cmake_prefix_path')
[5.724s] INFO:colcon.colcon_core.shell:Creating environment hook '/workspaces/isaac_ros-dev/src/isaac_ros_nvblox/install/nvblox_rviz_plugin/share/nvblox_rviz_plugin/hook/cmake_prefix_path.ps1'
[5.724s] INFO:colcon.colcon_core.shell:Creating environment descriptor '/workspaces/isaac_ros-dev/src/isaac_ros_nvblox/install/nvblox_rviz_plugin/share/nvblox_rviz_plugin/hook/cmake_prefix_path.dsv'
[5.724s] INFO:colcon.colcon_core.shell:Creating environment hook '/workspaces/isaac_ros-dev/src/isaac_ros_nvblox/install/nvblox_rviz_plugin/share/nvblox_rviz_plugin/hook/cmake_prefix_path.sh'
[5.725s] Level 1:colcon.colcon_core.environment:checking '/workspaces/isaac_ros-dev/src/isaac_ros_nvblox/install/nvblox_rviz_plugin/lib'
[5.725s] Level 1:colcon.colcon_core.shell:create_environment_hook('nvblox_rviz_plugin', 'ld_library_path_lib')
[5.725s] INFO:colcon.colcon_core.shell:Creating environment hook '/workspaces/isaac_ros-dev/src/isaac_ros_nvblox/install/nvblox_rviz_plugin/share/nvblox_rviz_plugin/hook/ld_library_path_lib.ps1'
[5.726s] INFO:colcon.colcon_core.shell:Creating environment descriptor '/workspaces/isaac_ros-dev/src/isaac_ros_nvblox/install/nvblox_rviz_plugin/share/nvblox_rviz_plugin/hook/ld_library_path_lib.dsv'
[5.726s] INFO:colcon.colcon_core.shell:Creating environment hook '/workspaces/isaac_ros-dev/src/isaac_ros_nvblox/install/nvblox_rviz_plugin/share/nvblox_rviz_plugin/hook/ld_library_path_lib.sh'
[5.726s] Level 1:colcon.colcon_core.environment:checking '/workspaces/isaac_ros-dev/src/isaac_ros_nvblox/install/nvblox_rviz_plugin/bin'
[5.726s] Level 1:colcon.colcon_core.environment:checking '/workspaces/isaac_ros-dev/src/isaac_ros_nvblox/install/nvblox_rviz_plugin/lib/pkgconfig/nvblox_rviz_plugin.pc'
[5.726s] Level 1:colcon.colcon_core.environment:checking '/workspaces/isaac_ros-dev/src/isaac_ros_nvblox/install/nvblox_rviz_plugin/lib/python3.10/site-packages'
[5.726s] Level 1:colcon.colcon_core.environment:checking '/workspaces/isaac_ros-dev/src/isaac_ros_nvblox/install/nvblox_rviz_plugin/bin'
[5.727s] INFO:colcon.colcon_core.shell:Creating package script '/workspaces/isaac_ros-dev/src/isaac_ros_nvblox/install/nvblox_rviz_plugin/share/nvblox_rviz_plugin/package.ps1'
[5.727s] INFO:colcon.colcon_core.shell:Creating package descriptor '/workspaces/isaac_ros-dev/src/isaac_ros_nvblox/install/nvblox_rviz_plugin/share/nvblox_rviz_plugin/package.dsv'
[5.727s] INFO:colcon.colcon_core.shell:Creating package script '/workspaces/isaac_ros-dev/src/isaac_ros_nvblox/install/nvblox_rviz_plugin/share/nvblox_rviz_plugin/package.sh'
[5.728s] INFO:colcon.colcon_core.shell:Creating package script '/workspaces/isaac_ros-dev/src/isaac_ros_nvblox/install/nvblox_rviz_plugin/share/nvblox_rviz_plugin/package.bash'
[5.728s] INFO:colcon.colcon_core.shell:Creating package script '/workspaces/isaac_ros-dev/src/isaac_ros_nvblox/install/nvblox_rviz_plugin/share/nvblox_rviz_plugin/package.zsh'
[5.728s] Level 1:colcon.colcon_core.environment:create_file_with_runtime_dependencies(/workspaces/isaac_ros-dev/src/isaac_ros_nvblox/install/nvblox_rviz_plugin/share/colcon-core/packages/nvblox_rviz_plugin)
[5.729s] INFO:colcon.colcon_ros.task.ament_cmake.build:Building ROS package in '/workspaces/isaac_ros-dev/src/isaac_ros_nvblox/nvblox_ros' with build type 'ament_cmake'
[5.729s] INFO:colcon.colcon_cmake.task.cmake.build:Building CMake package in '/workspaces/isaac_ros-dev/src/isaac_ros_nvblox/nvblox_ros'
[5.729s] INFO:colcon.colcon_core.shell:Skip shell extension 'powershell' for command environment: Not usable outside of PowerShell
[5.729s] DEBUG:colcon.colcon_core.shell:Skip shell extension 'dsv' for command environment
[5.762s] DEBUG:colcon.colcon_core.event_handler.log_command:Invoking command in '/workspaces/isaac_ros-dev/src/isaac_ros_nvblox/build/nvblox_ros': AMENT_PREFIX_PATH=/workspaces/isaac_ros-dev/src/isaac_ros_nvblox/install/nvblox_rviz_plugin:/workspaces/isaac_ros-dev/src/isaac_ros_nvblox/install/nvblox_ros_python_utils:/workspaces/isaac_ros-dev/src/isaac_ros_nvblox/install/nvblox_ros_common:/workspaces/isaac_ros-dev/src/isaac_ros_nvblox/install/nvblox_msgs:${AMENT_PREFIX_PATH} CMAKE_PREFIX_PATH=/workspaces/isaac_ros-dev/src/isaac_ros_nvblox/install/nvblox_rviz_plugin:/workspaces/isaac_ros-dev/src/isaac_ros_nvblox/install/nvblox_ros_common:/workspaces/isaac_ros-dev/src/isaac_ros_nvblox/install/nvblox_msgs:/opt/ros/humble LD_LIBRARY_PATH=/workspaces/isaac_ros-dev/src/isaac_ros_nvblox/install/nvblox_rviz_plugin/lib:/workspaces/isaac_ros-dev/src/isaac_ros_nvblox/install/nvblox_ros_common/lib:/workspaces/isaac_ros-dev/src/isaac_ros_nvblox/install/nvblox_msgs/lib:${LD_LIBRARY_PATH} PYTHONPATH=/workspaces/isaac_ros-dev/src/isaac_ros_nvblox/build/nvblox_ros_python_utils:/workspaces/isaac_ros-dev/src/isaac_ros_nvblox/install/nvblox_ros_python_utils/lib/python3.10/site-packages:/workspaces/isaac_ros-dev/src/isaac_ros_nvblox/install/nvblox_msgs/local/lib/python3.10/dist-packages:${PYTHONPATH} _=/usr/bin/env /usr/bin/cmake --build /workspaces/isaac_ros-dev/src/isaac_ros_nvblox/build/nvblox_ros -- -j48 -l48
[185.828s] DEBUG:colcon.colcon_core.event_handler.log_command:Invoked command in '/workspaces/isaac_ros-dev/src/isaac_ros_nvblox/build/nvblox_ros' returned '0': AMENT_PREFIX_PATH=/workspaces/isaac_ros-dev/src/isaac_ros_nvblox/install/nvblox_rviz_plugin:/workspaces/isaac_ros-dev/src/isaac_ros_nvblox/install/nvblox_ros_python_utils:/workspaces/isaac_ros-dev/src/isaac_ros_nvblox/install/nvblox_ros_common:/workspaces/isaac_ros-dev/src/isaac_ros_nvblox/install/nvblox_msgs:${AMENT_PREFIX_PATH} CMAKE_PREFIX_PATH=/workspaces/isaac_ros-dev/src/isaac_ros_nvblox/install/nvblox_rviz_plugin:/workspaces/isaac_ros-dev/src/isaac_ros_nvblox/install/nvblox_ros_common:/workspaces/isaac_ros-dev/src/isaac_ros_nvblox/install/nvblox_msgs:/opt/ros/humble LD_LIBRARY_PATH=/workspaces/isaac_ros-dev/src/isaac_ros_nvblox/install/nvblox_rviz_plugin/lib:/workspaces/isaac_ros-dev/src/isaac_ros_nvblox/install/nvblox_ros_common/lib:/workspaces/isaac_ros-dev/src/isaac_ros_nvblox/install/nvblox_msgs/lib:${LD_LIBRARY_PATH} PYTHONPATH=/workspaces/isaac_ros-dev/src/isaac_ros_nvblox/build/nvblox_ros_python_utils:/workspaces/isaac_ros-dev/src/isaac_ros_nvblox/install/nvblox_ros_python_utils/lib/python3.10/site-packages:/workspaces/isaac_ros-dev/src/isaac_ros_nvblox/install/nvblox_msgs/local/lib/python3.10/dist-packages:${PYTHONPATH} _=/usr/bin/env /usr/bin/cmake --build /workspaces/isaac_ros-dev/src/isaac_ros_nvblox/build/nvblox_ros -- -j48 -l48
[187.421s] DEBUG:colcon.colcon_core.event_handler.log_command:Invoking command in '/workspaces/isaac_ros-dev/src/isaac_ros_nvblox/build/nvblox_ros': AMENT_PREFIX_PATH=/workspaces/isaac_ros-dev/src/isaac_ros_nvblox/install/nvblox_rviz_plugin:/workspaces/isaac_ros-dev/src/isaac_ros_nvblox/install/nvblox_ros_python_utils:/workspaces/isaac_ros-dev/src/isaac_ros_nvblox/install/nvblox_ros_common:/workspaces/isaac_ros-dev/src/isaac_ros_nvblox/install/nvblox_msgs:${AMENT_PREFIX_PATH} CMAKE_PREFIX_PATH=/workspaces/isaac_ros-dev/src/isaac_ros_nvblox/install/nvblox_rviz_plugin:/workspaces/isaac_ros-dev/src/isaac_ros_nvblox/install/nvblox_ros_common:/workspaces/isaac_ros-dev/src/isaac_ros_nvblox/install/nvblox_msgs:/opt/ros/humble LD_LIBRARY_PATH=/workspaces/isaac_ros-dev/src/isaac_ros_nvblox/install/nvblox_rviz_plugin/lib:/workspaces/isaac_ros-dev/src/isaac_ros_nvblox/install/nvblox_ros_common/lib:/workspaces/isaac_ros-dev/src/isaac_ros_nvblox/install/nvblox_msgs/lib:${LD_LIBRARY_PATH} PYTHONPATH=/workspaces/isaac_ros-dev/src/isaac_ros_nvblox/build/nvblox_ros_python_utils:/workspaces/isaac_ros-dev/src/isaac_ros_nvblox/install/nvblox_ros_python_utils/lib/python3.10/site-packages:/workspaces/isaac_ros-dev/src/isaac_ros_nvblox/install/nvblox_msgs/local/lib/python3.10/dist-packages:${PYTHONPATH} _=/usr/bin/env /usr/bin/cmake --install /workspaces/isaac_ros-dev/src/isaac_ros_nvblox/build/nvblox_ros
[187.554s] Level 1:colcon.colcon_core.environment:create_environment_scripts_only(nvblox_ros)
[187.555s] Level 1:colcon.colcon_core.environment:checking '/workspaces/isaac_ros-dev/src/isaac_ros_nvblox/install/nvblox_ros' for CMake module files
[187.555s] DEBUG:colcon.colcon_core.event_handler.log_command:Invoked command in '/workspaces/isaac_ros-dev/src/isaac_ros_nvblox/build/nvblox_ros' returned '0': AMENT_PREFIX_PATH=/workspaces/isaac_ros-dev/src/isaac_ros_nvblox/install/nvblox_rviz_plugin:/workspaces/isaac_ros-dev/src/isaac_ros_nvblox/install/nvblox_ros_python_utils:/workspaces/isaac_ros-dev/src/isaac_ros_nvblox/install/nvblox_ros_common:/workspaces/isaac_ros-dev/src/isaac_ros_nvblox/install/nvblox_msgs:${AMENT_PREFIX_PATH} CMAKE_PREFIX_PATH=/workspaces/isaac_ros-dev/src/isaac_ros_nvblox/install/nvblox_rviz_plugin:/workspaces/isaac_ros-dev/src/isaac_ros_nvblox/install/nvblox_ros_common:/workspaces/isaac_ros-dev/src/isaac_ros_nvblox/install/nvblox_msgs:/opt/ros/humble LD_LIBRARY_PATH=/workspaces/isaac_ros-dev/src/isaac_ros_nvblox/install/nvblox_rviz_plugin/lib:/workspaces/isaac_ros-dev/src/isaac_ros_nvblox/install/nvblox_ros_common/lib:/workspaces/isaac_ros-dev/src/isaac_ros_nvblox/install/nvblox_msgs/lib:${LD_LIBRARY_PATH} PYTHONPATH=/workspaces/isaac_ros-dev/src/isaac_ros_nvblox/build/nvblox_ros_python_utils:/workspaces/isaac_ros-dev/src/isaac_ros_nvblox/install/nvblox_ros_python_utils/lib/python3.10/site-packages:/workspaces/isaac_ros-dev/src/isaac_ros_nvblox/install/nvblox_msgs/local/lib/python3.10/dist-packages:${PYTHONPATH} _=/usr/bin/env /usr/bin/cmake --install /workspaces/isaac_ros-dev/src/isaac_ros_nvblox/build/nvblox_ros
[187.555s] Level 1:colcon.colcon_core.environment:checking '/workspaces/isaac_ros-dev/src/isaac_ros_nvblox/install/nvblox_ros' for CMake config files
[187.556s] Level 1:colcon.colcon_core.shell:create_environment_hook('nvblox_ros', 'cmake_prefix_path')
[187.556s] INFO:colcon.colcon_core.shell:Creating environment hook '/workspaces/isaac_ros-dev/src/isaac_ros_nvblox/install/nvblox_ros/share/nvblox_ros/hook/cmake_prefix_path.ps1'
[187.556s] INFO:colcon.colcon_core.shell:Creating environment descriptor '/workspaces/isaac_ros-dev/src/isaac_ros_nvblox/install/nvblox_ros/share/nvblox_ros/hook/cmake_prefix_path.dsv'
[187.557s] INFO:colcon.colcon_core.shell:Creating environment hook '/workspaces/isaac_ros-dev/src/isaac_ros_nvblox/install/nvblox_ros/share/nvblox_ros/hook/cmake_prefix_path.sh'
[187.557s] Level 1:colcon.colcon_core.environment:checking '/workspaces/isaac_ros-dev/src/isaac_ros_nvblox/install/nvblox_ros/lib'
[187.557s] Level 1:colcon.colcon_core.shell:create_environment_hook('nvblox_ros', 'ld_library_path_lib')
[187.557s] INFO:colcon.colcon_core.shell:Creating environment hook '/workspaces/isaac_ros-dev/src/isaac_ros_nvblox/install/nvblox_ros/share/nvblox_ros/hook/ld_library_path_lib.ps1'
[187.557s] INFO:colcon.colcon_core.shell:Creating environment descriptor '/workspaces/isaac_ros-dev/src/isaac_ros_nvblox/install/nvblox_ros/share/nvblox_ros/hook/ld_library_path_lib.dsv'
[187.558s] INFO:colcon.colcon_core.shell:Creating environment hook '/workspaces/isaac_ros-dev/src/isaac_ros_nvblox/install/nvblox_ros/share/nvblox_ros/hook/ld_library_path_lib.sh'
[187.558s] Level 1:colcon.colcon_core.environment:checking '/workspaces/isaac_ros-dev/src/isaac_ros_nvblox/install/nvblox_ros/bin'
[187.558s] Level 1:colcon.colcon_core.environment:checking '/workspaces/isaac_ros-dev/src/isaac_ros_nvblox/install/nvblox_ros/lib/pkgconfig/nvblox_ros.pc'
[187.558s] Level 1:colcon.colcon_core.environment:checking '/workspaces/isaac_ros-dev/src/isaac_ros_nvblox/install/nvblox_ros/lib/python3.10/site-packages'
[187.558s] Level 1:colcon.colcon_core.environment:checking '/workspaces/isaac_ros-dev/src/isaac_ros_nvblox/install/nvblox_ros/bin'
[187.559s] INFO:colcon.colcon_core.shell:Creating package script '/workspaces/isaac_ros-dev/src/isaac_ros_nvblox/install/nvblox_ros/share/nvblox_ros/package.ps1'
[187.559s] INFO:colcon.colcon_core.shell:Creating package descriptor '/workspaces/isaac_ros-dev/src/isaac_ros_nvblox/install/nvblox_ros/share/nvblox_ros/package.dsv'
[187.559s] INFO:colcon.colcon_core.shell:Creating package script '/workspaces/isaac_ros-dev/src/isaac_ros_nvblox/install/nvblox_ros/share/nvblox_ros/package.sh'
[187.560s] INFO:colcon.colcon_core.shell:Creating package script '/workspaces/isaac_ros-dev/src/isaac_ros_nvblox/install/nvblox_ros/share/nvblox_ros/package.bash'
[187.560s] INFO:colcon.colcon_core.shell:Creating package script '/workspaces/isaac_ros-dev/src/isaac_ros_nvblox/install/nvblox_ros/share/nvblox_ros/package.zsh'
[187.560s] Level 1:colcon.colcon_core.environment:create_file_with_runtime_dependencies(/workspaces/isaac_ros-dev/src/isaac_ros_nvblox/install/nvblox_ros/share/colcon-core/packages/nvblox_ros)
[189.146s] Level 1:colcon.colcon_core.environment:create_environment_scripts_only(nvblox_ros)
[189.146s] Level 1:colcon.colcon_core.environment:checking '/workspaces/isaac_ros-dev/src/isaac_ros_nvblox/install/nvblox_ros' for CMake module files
[189.147s] Level 1:colcon.colcon_core.environment:checking '/workspaces/isaac_ros-dev/src/isaac_ros_nvblox/install/nvblox_ros' for CMake config files
[189.147s] Level 1:colcon.colcon_core.shell:create_environment_hook('nvblox_ros', 'cmake_prefix_path')
[189.147s] INFO:colcon.colcon_core.shell:Creating environment hook '/workspaces/isaac_ros-dev/src/isaac_ros_nvblox/install/nvblox_ros/share/nvblox_ros/hook/cmake_prefix_path.ps1'
[189.147s] INFO:colcon.colcon_core.shell:Creating environment descriptor '/workspaces/isaac_ros-dev/src/isaac_ros_nvblox/install/nvblox_ros/share/nvblox_ros/hook/cmake_prefix_path.dsv'
[189.148s] INFO:colcon.colcon_core.shell:Creating environment hook '/workspaces/isaac_ros-dev/src/isaac_ros_nvblox/install/nvblox_ros/share/nvblox_ros/hook/cmake_prefix_path.sh'
[189.148s] Level 1:colcon.colcon_core.environment:checking '/workspaces/isaac_ros-dev/src/isaac_ros_nvblox/install/nvblox_ros/lib'
[189.148s] Level 1:colcon.colcon_core.shell:create_environment_hook('nvblox_ros', 'ld_library_path_lib')
[189.148s] INFO:colcon.colcon_core.shell:Creating environment hook '/workspaces/isaac_ros-dev/src/isaac_ros_nvblox/install/nvblox_ros/share/nvblox_ros/hook/ld_library_path_lib.ps1'
[189.148s] INFO:colcon.colcon_core.shell:Creating environment descriptor '/workspaces/isaac_ros-dev/src/isaac_ros_nvblox/install/nvblox_ros/share/nvblox_ros/hook/ld_library_path_lib.dsv'
[189.149s] INFO:colcon.colcon_core.shell:Creating environment hook '/workspaces/isaac_ros-dev/src/isaac_ros_nvblox/install/nvblox_ros/share/nvblox_ros/hook/ld_library_path_lib.sh'
[189.149s] Level 1:colcon.colcon_core.environment:checking '/workspaces/isaac_ros-dev/src/isaac_ros_nvblox/install/nvblox_ros/bin'
[189.149s] Level 1:colcon.colcon_core.environment:checking '/workspaces/isaac_ros-dev/src/isaac_ros_nvblox/install/nvblox_ros/lib/pkgconfig/nvblox_ros.pc'
[189.149s] Level 1:colcon.colcon_core.environment:checking '/workspaces/isaac_ros-dev/src/isaac_ros_nvblox/install/nvblox_ros/lib/python3.10/site-packages'
[189.149s] Level 1:colcon.colcon_core.environment:checking '/workspaces/isaac_ros-dev/src/isaac_ros_nvblox/install/nvblox_ros/bin'
[189.150s] INFO:colcon.colcon_core.shell:Creating package script '/workspaces/isaac_ros-dev/src/isaac_ros_nvblox/install/nvblox_ros/share/nvblox_ros/package.ps1'
[189.150s] INFO:colcon.colcon_core.shell:Creating package descriptor '/workspaces/isaac_ros-dev/src/isaac_ros_nvblox/install/nvblox_ros/share/nvblox_ros/package.dsv'
[189.150s] INFO:colcon.colcon_core.shell:Creating package script '/workspaces/isaac_ros-dev/src/isaac_ros_nvblox/install/nvblox_ros/share/nvblox_ros/package.sh'
[189.151s] INFO:colcon.colcon_core.shell:Creating package script '/workspaces/isaac_ros-dev/src/isaac_ros_nvblox/install/nvblox_ros/share/nvblox_ros/package.bash'
[189.151s] INFO:colcon.colcon_core.shell:Creating package script '/workspaces/isaac_ros-dev/src/isaac_ros_nvblox/install/nvblox_ros/share/nvblox_ros/package.zsh'
[189.151s] Level 1:colcon.colcon_core.environment:create_file_with_runtime_dependencies(/workspaces/isaac_ros-dev/src/isaac_ros_nvblox/install/nvblox_ros/share/colcon-core/packages/nvblox_ros)
[189.151s] INFO:colcon.colcon_ros.task.ament_cmake.build:Building ROS package in '/workspaces/isaac_ros-dev/src/isaac_ros_nvblox/nvblox_examples/nvblox_examples_bringup' with build type 'ament_cmake'
[189.152s] INFO:colcon.colcon_cmake.task.cmake.build:Building CMake package in '/workspaces/isaac_ros-dev/src/isaac_ros_nvblox/nvblox_examples/nvblox_examples_bringup'
[189.152s] INFO:colcon.colcon_core.shell:Skip shell extension 'powershell' for command environment: Not usable outside of PowerShell
[189.152s] DEBUG:colcon.colcon_core.shell:Skip shell extension 'dsv' for command environment
[189.195s] DEBUG:colcon.colcon_core.event_handler.log_command:Invoking command in '/workspaces/isaac_ros-dev/src/isaac_ros_nvblox/build/nvblox_examples_bringup': AMENT_PREFIX_PATH=/workspaces/isaac_ros-dev/src/isaac_ros_nvblox/install/nvblox_ros:/workspaces/isaac_ros-dev/src/isaac_ros_nvblox/install/semantic_label_conversion:/workspaces/isaac_ros-dev/src/isaac_ros_nvblox/install/nvblox_rviz_plugin:/workspaces/isaac_ros-dev/src/isaac_ros_nvblox/install/nvblox_image_padding:/workspaces/isaac_ros-dev/src/isaac_ros_nvblox/install/nvblox_ros_python_utils:/workspaces/isaac_ros-dev/src/isaac_ros_nvblox/install/nvblox_ros_common:/workspaces/isaac_ros-dev/src/isaac_ros_nvblox/install/nvblox_msgs:${AMENT_PREFIX_PATH} CMAKE_PREFIX_PATH=/workspaces/isaac_ros-dev/src/isaac_ros_nvblox/install/nvblox_ros:/workspaces/isaac_ros-dev/src/isaac_ros_nvblox/install/semantic_label_conversion:/workspaces/isaac_ros-dev/src/isaac_ros_nvblox/install/nvblox_rviz_plugin:/workspaces/isaac_ros-dev/src/isaac_ros_nvblox/install/nvblox_image_padding:/workspaces/isaac_ros-dev/src/isaac_ros_nvblox/install/nvblox_ros_common:/workspaces/isaac_ros-dev/src/isaac_ros_nvblox/install/nvblox_msgs:/opt/ros/humble LD_LIBRARY_PATH=/workspaces/isaac_ros-dev/src/isaac_ros_nvblox/install/nvblox_ros/lib:/workspaces/isaac_ros-dev/src/isaac_ros_nvblox/install/nvblox_rviz_plugin/lib:/workspaces/isaac_ros-dev/src/isaac_ros_nvblox/install/nvblox_image_padding/lib:/workspaces/isaac_ros-dev/src/isaac_ros_nvblox/install/nvblox_ros_common/lib:/workspaces/isaac_ros-dev/src/isaac_ros_nvblox/install/nvblox_msgs/lib:${LD_LIBRARY_PATH} PATH=/workspaces/isaac_ros-dev/src/isaac_ros_nvblox/install/nvblox_ros/bin:${PATH} PYTHONPATH=/workspaces/isaac_ros-dev/src/isaac_ros_nvblox/build/nvblox_ros_python_utils:/workspaces/isaac_ros-dev/src/isaac_ros_nvblox/install/nvblox_ros_python_utils/lib/python3.10/site-packages:/workspaces/isaac_ros-dev/src/isaac_ros_nvblox/install/nvblox_msgs/local/lib/python3.10/dist-packages:${PYTHONPATH} _=/usr/bin/env /usr/bin/cmake /workspaces/isaac_ros-dev/src/isaac_ros_nvblox/nvblox_examples/nvblox_examples_bringup -DAMENT_CMAKE_SYMLINK_INSTALL=1 -DCMAKE_INSTALL_PREFIX=/workspaces/isaac_ros-dev/src/isaac_ros_nvblox/install/nvblox_examples_bringup
[190.164s] DEBUG:colcon.colcon_core.event_handler.log_command:Invoked command in '/workspaces/isaac_ros-dev/src/isaac_ros_nvblox/build/nvblox_examples_bringup' returned '0': AMENT_PREFIX_PATH=/workspaces/isaac_ros-dev/src/isaac_ros_nvblox/install/nvblox_ros:/workspaces/isaac_ros-dev/src/isaac_ros_nvblox/install/semantic_label_conversion:/workspaces/isaac_ros-dev/src/isaac_ros_nvblox/install/nvblox_rviz_plugin:/workspaces/isaac_ros-dev/src/isaac_ros_nvblox/install/nvblox_image_padding:/workspaces/isaac_ros-dev/src/isaac_ros_nvblox/install/nvblox_ros_python_utils:/workspaces/isaac_ros-dev/src/isaac_ros_nvblox/install/nvblox_ros_common:/workspaces/isaac_ros-dev/src/isaac_ros_nvblox/install/nvblox_msgs:${AMENT_PREFIX_PATH} CMAKE_PREFIX_PATH=/workspaces/isaac_ros-dev/src/isaac_ros_nvblox/install/nvblox_ros:/workspaces/isaac_ros-dev/src/isaac_ros_nvblox/install/semantic_label_conversion:/workspaces/isaac_ros-dev/src/isaac_ros_nvblox/install/nvblox_rviz_plugin:/workspaces/isaac_ros-dev/src/isaac_ros_nvblox/install/nvblox_image_padding:/workspaces/isaac_ros-dev/src/isaac_ros_nvblox/install/nvblox_ros_common:/workspaces/isaac_ros-dev/src/isaac_ros_nvblox/install/nvblox_msgs:/opt/ros/humble LD_LIBRARY_PATH=/workspaces/isaac_ros-dev/src/isaac_ros_nvblox/install/nvblox_ros/lib:/workspaces/isaac_ros-dev/src/isaac_ros_nvblox/install/nvblox_rviz_plugin/lib:/workspaces/isaac_ros-dev/src/isaac_ros_nvblox/install/nvblox_image_padding/lib:/workspaces/isaac_ros-dev/src/isaac_ros_nvblox/install/nvblox_ros_common/lib:/workspaces/isaac_ros-dev/src/isaac_ros_nvblox/install/nvblox_msgs/lib:${LD_LIBRARY_PATH} PATH=/workspaces/isaac_ros-dev/src/isaac_ros_nvblox/install/nvblox_ros/bin:${PATH} PYTHONPATH=/workspaces/isaac_ros-dev/src/isaac_ros_nvblox/build/nvblox_ros_python_utils:/workspaces/isaac_ros-dev/src/isaac_ros_nvblox/install/nvblox_ros_python_utils/lib/python3.10/site-packages:/workspaces/isaac_ros-dev/src/isaac_ros_nvblox/install/nvblox_msgs/local/lib/python3.10/dist-packages:${PYTHONPATH} _=/usr/bin/env /usr/bin/cmake /workspaces/isaac_ros-dev/src/isaac_ros_nvblox/nvblox_examples/nvblox_examples_bringup -DAMENT_CMAKE_SYMLINK_INSTALL=1 -DCMAKE_INSTALL_PREFIX=/workspaces/isaac_ros-dev/src/isaac_ros_nvblox/install/nvblox_examples_bringup
[190.166s] DEBUG:colcon.colcon_core.event_handler.log_command:Invoking command in '/workspaces/isaac_ros-dev/src/isaac_ros_nvblox/build/nvblox_examples_bringup': AMENT_PREFIX_PATH=/workspaces/isaac_ros-dev/src/isaac_ros_nvblox/install/nvblox_ros:/workspaces/isaac_ros-dev/src/isaac_ros_nvblox/install/semantic_label_conversion:/workspaces/isaac_ros-dev/src/isaac_ros_nvblox/install/nvblox_rviz_plugin:/workspaces/isaac_ros-dev/src/isaac_ros_nvblox/install/nvblox_image_padding:/workspaces/isaac_ros-dev/src/isaac_ros_nvblox/install/nvblox_ros_python_utils:/workspaces/isaac_ros-dev/src/isaac_ros_nvblox/install/nvblox_ros_common:/workspaces/isaac_ros-dev/src/isaac_ros_nvblox/install/nvblox_msgs:${AMENT_PREFIX_PATH} CMAKE_PREFIX_PATH=/workspaces/isaac_ros-dev/src/isaac_ros_nvblox/install/nvblox_ros:/workspaces/isaac_ros-dev/src/isaac_ros_nvblox/install/semantic_label_conversion:/workspaces/isaac_ros-dev/src/isaac_ros_nvblox/install/nvblox_rviz_plugin:/workspaces/isaac_ros-dev/src/isaac_ros_nvblox/install/nvblox_image_padding:/workspaces/isaac_ros-dev/src/isaac_ros_nvblox/install/nvblox_ros_common:/workspaces/isaac_ros-dev/src/isaac_ros_nvblox/install/nvblox_msgs:/opt/ros/humble LD_LIBRARY_PATH=/workspaces/isaac_ros-dev/src/isaac_ros_nvblox/install/nvblox_ros/lib:/workspaces/isaac_ros-dev/src/isaac_ros_nvblox/install/nvblox_rviz_plugin/lib:/workspaces/isaac_ros-dev/src/isaac_ros_nvblox/install/nvblox_image_padding/lib:/workspaces/isaac_ros-dev/src/isaac_ros_nvblox/install/nvblox_ros_common/lib:/workspaces/isaac_ros-dev/src/isaac_ros_nvblox/install/nvblox_msgs/lib:${LD_LIBRARY_PATH} PATH=/workspaces/isaac_ros-dev/src/isaac_ros_nvblox/install/nvblox_ros/bin:${PATH} PYTHONPATH=/workspaces/isaac_ros-dev/src/isaac_ros_nvblox/build/nvblox_ros_python_utils:/workspaces/isaac_ros-dev/src/isaac_ros_nvblox/install/nvblox_ros_python_utils/lib/python3.10/site-packages:/workspaces/isaac_ros-dev/src/isaac_ros_nvblox/install/nvblox_msgs/local/lib/python3.10/dist-packages:${PYTHONPATH} _=/usr/bin/env /usr/bin/cmake --build /workspaces/isaac_ros-dev/src/isaac_ros_nvblox/build/nvblox_examples_bringup -- -j48 -l48
[190.209s] DEBUG:colcon.colcon_core.event_handler.log_command:Invoked command in '/workspaces/isaac_ros-dev/src/isaac_ros_nvblox/build/nvblox_examples_bringup' returned '0': AMENT_PREFIX_PATH=/workspaces/isaac_ros-dev/src/isaac_ros_nvblox/install/nvblox_ros:/workspaces/isaac_ros-dev/src/isaac_ros_nvblox/install/semantic_label_conversion:/workspaces/isaac_ros-dev/src/isaac_ros_nvblox/install/nvblox_rviz_plugin:/workspaces/isaac_ros-dev/src/isaac_ros_nvblox/install/nvblox_image_padding:/workspaces/isaac_ros-dev/src/isaac_ros_nvblox/install/nvblox_ros_python_utils:/workspaces/isaac_ros-dev/src/isaac_ros_nvblox/install/nvblox_ros_common:/workspaces/isaac_ros-dev/src/isaac_ros_nvblox/install/nvblox_msgs:${AMENT_PREFIX_PATH} CMAKE_PREFIX_PATH=/workspaces/isaac_ros-dev/src/isaac_ros_nvblox/install/nvblox_ros:/workspaces/isaac_ros-dev/src/isaac_ros_nvblox/install/semantic_label_conversion:/workspaces/isaac_ros-dev/src/isaac_ros_nvblox/install/nvblox_rviz_plugin:/workspaces/isaac_ros-dev/src/isaac_ros_nvblox/install/nvblox_image_padding:/workspaces/isaac_ros-dev/src/isaac_ros_nvblox/install/nvblox_ros_common:/workspaces/isaac_ros-dev/src/isaac_ros_nvblox/install/nvblox_msgs:/opt/ros/humble LD_LIBRARY_PATH=/workspaces/isaac_ros-dev/src/isaac_ros_nvblox/install/nvblox_ros/lib:/workspaces/isaac_ros-dev/src/isaac_ros_nvblox/install/nvblox_rviz_plugin/lib:/workspaces/isaac_ros-dev/src/isaac_ros_nvblox/install/nvblox_image_padding/lib:/workspaces/isaac_ros-dev/src/isaac_ros_nvblox/install/nvblox_ros_common/lib:/workspaces/isaac_ros-dev/src/isaac_ros_nvblox/install/nvblox_msgs/lib:${LD_LIBRARY_PATH} PATH=/workspaces/isaac_ros-dev/src/isaac_ros_nvblox/install/nvblox_ros/bin:${PATH} PYTHONPATH=/workspaces/isaac_ros-dev/src/isaac_ros_nvblox/build/nvblox_ros_python_utils:/workspaces/isaac_ros-dev/src/isaac_ros_nvblox/install/nvblox_ros_python_utils/lib/python3.10/site-packages:/workspaces/isaac_ros-dev/src/isaac_ros_nvblox/install/nvblox_msgs/local/lib/python3.10/dist-packages:${PYTHONPATH} _=/usr/bin/env /usr/bin/cmake --build /workspaces/isaac_ros-dev/src/isaac_ros_nvblox/build/nvblox_examples_bringup -- -j48 -l48
[190.351s] DEBUG:colcon.colcon_core.event_handler.log_command:Invoking command in '/workspaces/isaac_ros-dev/src/isaac_ros_nvblox/build/nvblox_examples_bringup': AMENT_PREFIX_PATH=/workspaces/isaac_ros-dev/src/isaac_ros_nvblox/install/nvblox_ros:/workspaces/isaac_ros-dev/src/isaac_ros_nvblox/install/semantic_label_conversion:/workspaces/isaac_ros-dev/src/isaac_ros_nvblox/install/nvblox_rviz_plugin:/workspaces/isaac_ros-dev/src/isaac_ros_nvblox/install/nvblox_image_padding:/workspaces/isaac_ros-dev/src/isaac_ros_nvblox/install/nvblox_ros_python_utils:/workspaces/isaac_ros-dev/src/isaac_ros_nvblox/install/nvblox_ros_common:/workspaces/isaac_ros-dev/src/isaac_ros_nvblox/install/nvblox_msgs:${AMENT_PREFIX_PATH} CMAKE_PREFIX_PATH=/workspaces/isaac_ros-dev/src/isaac_ros_nvblox/install/nvblox_ros:/workspaces/isaac_ros-dev/src/isaac_ros_nvblox/install/semantic_label_conversion:/workspaces/isaac_ros-dev/src/isaac_ros_nvblox/install/nvblox_rviz_plugin:/workspaces/isaac_ros-dev/src/isaac_ros_nvblox/install/nvblox_image_padding:/workspaces/isaac_ros-dev/src/isaac_ros_nvblox/install/nvblox_ros_common:/workspaces/isaac_ros-dev/src/isaac_ros_nvblox/install/nvblox_msgs:/opt/ros/humble LD_LIBRARY_PATH=/workspaces/isaac_ros-dev/src/isaac_ros_nvblox/install/nvblox_ros/lib:/workspaces/isaac_ros-dev/src/isaac_ros_nvblox/install/nvblox_rviz_plugin/lib:/workspaces/isaac_ros-dev/src/isaac_ros_nvblox/install/nvblox_image_padding/lib:/workspaces/isaac_ros-dev/src/isaac_ros_nvblox/install/nvblox_ros_common/lib:/workspaces/isaac_ros-dev/src/isaac_ros_nvblox/install/nvblox_msgs/lib:${LD_LIBRARY_PATH} PATH=/workspaces/isaac_ros-dev/src/isaac_ros_nvblox/install/nvblox_ros/bin:${PATH} PYTHONPATH=/workspaces/isaac_ros-dev/src/isaac_ros_nvblox/build/nvblox_ros_python_utils:/workspaces/isaac_ros-dev/src/isaac_ros_nvblox/install/nvblox_ros_python_utils/lib/python3.10/site-packages:/workspaces/isaac_ros-dev/src/isaac_ros_nvblox/install/nvblox_msgs/local/lib/python3.10/dist-packages:${PYTHONPATH} _=/usr/bin/env /usr/bin/cmake --install /workspaces/isaac_ros-dev/src/isaac_ros_nvblox/build/nvblox_examples_bringup
[190.921s] Level 1:colcon.colcon_core.environment:create_environment_scripts_only(nvblox_examples_bringup)
[190.922s] Level 1:colcon.colcon_core.environment:checking '/workspaces/isaac_ros-dev/src/isaac_ros_nvblox/install/nvblox_examples_bringup' for CMake module files
[190.923s] DEBUG:colcon.colcon_core.event_handler.log_command:Invoked command in '/workspaces/isaac_ros-dev/src/isaac_ros_nvblox/build/nvblox_examples_bringup' returned '0': AMENT_PREFIX_PATH=/workspaces/isaac_ros-dev/src/isaac_ros_nvblox/install/nvblox_ros:/workspaces/isaac_ros-dev/src/isaac_ros_nvblox/install/semantic_label_conversion:/workspaces/isaac_ros-dev/src/isaac_ros_nvblox/install/nvblox_rviz_plugin:/workspaces/isaac_ros-dev/src/isaac_ros_nvblox/install/nvblox_image_padding:/workspaces/isaac_ros-dev/src/isaac_ros_nvblox/install/nvblox_ros_python_utils:/workspaces/isaac_ros-dev/src/isaac_ros_nvblox/install/nvblox_ros_common:/workspaces/isaac_ros-dev/src/isaac_ros_nvblox/install/nvblox_msgs:${AMENT_PREFIX_PATH} CMAKE_PREFIX_PATH=/workspaces/isaac_ros-dev/src/isaac_ros_nvblox/install/nvblox_ros:/workspaces/isaac_ros-dev/src/isaac_ros_nvblox/install/semantic_label_conversion:/workspaces/isaac_ros-dev/src/isaac_ros_nvblox/install/nvblox_rviz_plugin:/workspaces/isaac_ros-dev/src/isaac_ros_nvblox/install/nvblox_image_padding:/workspaces/isaac_ros-dev/src/isaac_ros_nvblox/install/nvblox_ros_common:/workspaces/isaac_ros-dev/src/isaac_ros_nvblox/install/nvblox_msgs:/opt/ros/humble LD_LIBRARY_PATH=/workspaces/isaac_ros-dev/src/isaac_ros_nvblox/install/nvblox_ros/lib:/workspaces/isaac_ros-dev/src/isaac_ros_nvblox/install/nvblox_rviz_plugin/lib:/workspaces/isaac_ros-dev/src/isaac_ros_nvblox/install/nvblox_image_padding/lib:/workspaces/isaac_ros-dev/src/isaac_ros_nvblox/install/nvblox_ros_common/lib:/workspaces/isaac_ros-dev/src/isaac_ros_nvblox/install/nvblox_msgs/lib:${LD_LIBRARY_PATH} PATH=/workspaces/isaac_ros-dev/src/isaac_ros_nvblox/install/nvblox_ros/bin:${PATH} PYTHONPATH=/workspaces/isaac_ros-dev/src/isaac_ros_nvblox/build/nvblox_ros_python_utils:/workspaces/isaac_ros-dev/src/isaac_ros_nvblox/install/nvblox_ros_python_utils/lib/python3.10/site-packages:/workspaces/isaac_ros-dev/src/isaac_ros_nvblox/install/nvblox_msgs/local/lib/python3.10/dist-packages:${PYTHONPATH} _=/usr/bin/env /usr/bin/cmake --install /workspaces/isaac_ros-dev/src/isaac_ros_nvblox/build/nvblox_examples_bringup
[190.923s] Level 1:colcon.colcon_core.environment:checking '/workspaces/isaac_ros-dev/src/isaac_ros_nvblox/install/nvblox_examples_bringup' for CMake config files
[190.924s] Level 1:colcon.colcon_core.shell:create_environment_hook('nvblox_examples_bringup', 'cmake_prefix_path')
[190.924s] INFO:colcon.colcon_core.shell:Creating environment hook '/workspaces/isaac_ros-dev/src/isaac_ros_nvblox/install/nvblox_examples_bringup/share/nvblox_examples_bringup/hook/cmake_prefix_path.ps1'
[190.925s] INFO:colcon.colcon_core.shell:Creating environment descriptor '/workspaces/isaac_ros-dev/src/isaac_ros_nvblox/install/nvblox_examples_bringup/share/nvblox_examples_bringup/hook/cmake_prefix_path.dsv'
[190.926s] INFO:colcon.colcon_core.shell:Creating environment hook '/workspaces/isaac_ros-dev/src/isaac_ros_nvblox/install/nvblox_examples_bringup/share/nvblox_examples_bringup/hook/cmake_prefix_path.sh'
[190.927s] Level 1:colcon.colcon_core.environment:checking '/workspaces/isaac_ros-dev/src/isaac_ros_nvblox/install/nvblox_examples_bringup/bin'
[190.927s] Level 1:colcon.colcon_core.environment:checking '/workspaces/isaac_ros-dev/src/isaac_ros_nvblox/install/nvblox_examples_bringup/lib/pkgconfig/nvblox_examples_bringup.pc'
[190.927s] Level 1:colcon.colcon_core.environment:checking '/workspaces/isaac_ros-dev/src/isaac_ros_nvblox/install/nvblox_examples_bringup/lib/python3.10/site-packages'
[190.927s] Level 1:colcon.colcon_core.environment:checking '/workspaces/isaac_ros-dev/src/isaac_ros_nvblox/install/nvblox_examples_bringup/bin'
[190.928s] INFO:colcon.colcon_core.shell:Creating package script '/workspaces/isaac_ros-dev/src/isaac_ros_nvblox/install/nvblox_examples_bringup/share/nvblox_examples_bringup/package.ps1'
[190.929s] INFO:colcon.colcon_core.shell:Creating package descriptor '/workspaces/isaac_ros-dev/src/isaac_ros_nvblox/install/nvblox_examples_bringup/share/nvblox_examples_bringup/package.dsv'
[190.929s] INFO:colcon.colcon_core.shell:Creating package script '/workspaces/isaac_ros-dev/src/isaac_ros_nvblox/install/nvblox_examples_bringup/share/nvblox_examples_bringup/package.sh'
[190.930s] INFO:colcon.colcon_core.shell:Creating package script '/workspaces/isaac_ros-dev/src/isaac_ros_nvblox/install/nvblox_examples_bringup/share/nvblox_examples_bringup/package.bash'
[190.931s] INFO:colcon.colcon_core.shell:Creating package script '/workspaces/isaac_ros-dev/src/isaac_ros_nvblox/install/nvblox_examples_bringup/share/nvblox_examples_bringup/package.zsh'
[190.931s] Level 1:colcon.colcon_core.environment:create_file_with_runtime_dependencies(/workspaces/isaac_ros-dev/src/isaac_ros_nvblox/install/nvblox_examples_bringup/share/colcon-core/packages/nvblox_examples_bringup)
[191.063s] Level 1:colcon.colcon_core.environment:create_environment_scripts_only(nvblox_examples_bringup)
[191.064s] Level 1:colcon.colcon_core.environment:checking '/workspaces/isaac_ros-dev/src/isaac_ros_nvblox/install/nvblox_examples_bringup' for CMake module files
[191.064s] Level 1:colcon.colcon_core.environment:checking '/workspaces/isaac_ros-dev/src/isaac_ros_nvblox/install/nvblox_examples_bringup' for CMake config files
[191.064s] Level 1:colcon.colcon_core.shell:create_environment_hook('nvblox_examples_bringup', 'cmake_prefix_path')
[191.065s] INFO:colcon.colcon_core.shell:Creating environment hook '/workspaces/isaac_ros-dev/src/isaac_ros_nvblox/install/nvblox_examples_bringup/share/nvblox_examples_bringup/hook/cmake_prefix_path.ps1'
[191.065s] INFO:colcon.colcon_core.shell:Creating environment descriptor '/workspaces/isaac_ros-dev/src/isaac_ros_nvblox/install/nvblox_examples_bringup/share/nvblox_examples_bringup/hook/cmake_prefix_path.dsv'
[191.065s] INFO:colcon.colcon_core.shell:Creating environment hook '/workspaces/isaac_ros-dev/src/isaac_ros_nvblox/install/nvblox_examples_bringup/share/nvblox_examples_bringup/hook/cmake_prefix_path.sh'
[191.066s] Level 1:colcon.colcon_core.environment:checking '/workspaces/isaac_ros-dev/src/isaac_ros_nvblox/install/nvblox_examples_bringup/bin'
[191.066s] Level 1:colcon.colcon_core.environment:checking '/workspaces/isaac_ros-dev/src/isaac_ros_nvblox/install/nvblox_examples_bringup/lib/pkgconfig/nvblox_examples_bringup.pc'
[191.066s] Level 1:colcon.colcon_core.environment:checking '/workspaces/isaac_ros-dev/src/isaac_ros_nvblox/install/nvblox_examples_bringup/lib/python3.10/site-packages'
[191.066s] Level 1:colcon.colcon_core.environment:checking '/workspaces/isaac_ros-dev/src/isaac_ros_nvblox/install/nvblox_examples_bringup/bin'
[191.066s] INFO:colcon.colcon_core.shell:Creating package script '/workspaces/isaac_ros-dev/src/isaac_ros_nvblox/install/nvblox_examples_bringup/share/nvblox_examples_bringup/package.ps1'
[191.067s] INFO:colcon.colcon_core.shell:Creating package descriptor '/workspaces/isaac_ros-dev/src/isaac_ros_nvblox/install/nvblox_examples_bringup/share/nvblox_examples_bringup/package.dsv'
[191.067s] INFO:colcon.colcon_core.shell:Creating package script '/workspaces/isaac_ros-dev/src/isaac_ros_nvblox/install/nvblox_examples_bringup/share/nvblox_examples_bringup/package.sh'
[191.067s] INFO:colcon.colcon_core.shell:Creating package script '/workspaces/isaac_ros-dev/src/isaac_ros_nvblox/install/nvblox_examples_bringup/share/nvblox_examples_bringup/package.bash'
[191.068s] INFO:colcon.colcon_core.shell:Creating package script '/workspaces/isaac_ros-dev/src/isaac_ros_nvblox/install/nvblox_examples_bringup/share/nvblox_examples_bringup/package.zsh'
[191.068s] Level 1:colcon.colcon_core.environment:create_file_with_runtime_dependencies(/workspaces/isaac_ros-dev/src/isaac_ros_nvblox/install/nvblox_examples_bringup/share/colcon-core/packages/nvblox_examples_bringup)
[191.068s] INFO:colcon.colcon_ros.task.ament_cmake.build:Building ROS package in '/workspaces/isaac_ros-dev/src/isaac_ros_nvblox/isaac_ros_nvblox' with build type 'ament_cmake'
[191.068s] INFO:colcon.colcon_cmake.task.cmake.build:Building CMake package in '/workspaces/isaac_ros-dev/src/isaac_ros_nvblox/isaac_ros_nvblox'
[191.068s] INFO:colcon.colcon_core.shell:Skip shell extension 'powershell' for command environment: Not usable outside of PowerShell
[191.068s] DEBUG:colcon.colcon_core.shell:Skip shell extension 'dsv' for command environment
[191.115s] DEBUG:colcon.colcon_core.event_handler.log_command:Invoking command in '/workspaces/isaac_ros-dev/src/isaac_ros_nvblox/build/isaac_ros_nvblox': AMENT_PREFIX_PATH=/workspaces/isaac_ros-dev/src/isaac_ros_nvblox/install/nvblox_examples_bringup:/workspaces/isaac_ros-dev/src/isaac_ros_nvblox/install/nvblox_ros:/workspaces/isaac_ros-dev/src/isaac_ros_nvblox/install/semantic_label_conversion:/workspaces/isaac_ros-dev/src/isaac_ros_nvblox/install/nvblox_rviz_plugin:/workspaces/isaac_ros-dev/src/isaac_ros_nvblox/install/nvblox_image_padding:/workspaces/isaac_ros-dev/src/isaac_ros_nvblox/install/nvblox_ros_python_utils:/workspaces/isaac_ros-dev/src/isaac_ros_nvblox/install/nvblox_ros_common:/workspaces/isaac_ros-dev/src/isaac_ros_nvblox/install/nvblox_msgs:${AMENT_PREFIX_PATH} CMAKE_PREFIX_PATH=/workspaces/isaac_ros-dev/src/isaac_ros_nvblox/install/nvblox_examples_bringup:/workspaces/isaac_ros-dev/src/isaac_ros_nvblox/install/nvblox_ros:/workspaces/isaac_ros-dev/src/isaac_ros_nvblox/install/semantic_label_conversion:/workspaces/isaac_ros-dev/src/isaac_ros_nvblox/install/nvblox_rviz_plugin:/workspaces/isaac_ros-dev/src/isaac_ros_nvblox/install/nvblox_image_padding:/workspaces/isaac_ros-dev/src/isaac_ros_nvblox/install/nvblox_ros_common:/workspaces/isaac_ros-dev/src/isaac_ros_nvblox/install/nvblox_msgs:/opt/ros/humble LD_LIBRARY_PATH=/workspaces/isaac_ros-dev/src/isaac_ros_nvblox/install/nvblox_ros/lib:/workspaces/isaac_ros-dev/src/isaac_ros_nvblox/install/nvblox_rviz_plugin/lib:/workspaces/isaac_ros-dev/src/isaac_ros_nvblox/install/nvblox_image_padding/lib:/workspaces/isaac_ros-dev/src/isaac_ros_nvblox/install/nvblox_ros_common/lib:/workspaces/isaac_ros-dev/src/isaac_ros_nvblox/install/nvblox_msgs/lib:${LD_LIBRARY_PATH} PATH=/workspaces/isaac_ros-dev/src/isaac_ros_nvblox/install/nvblox_ros/bin:${PATH} PYTHONPATH=/workspaces/isaac_ros-dev/src/isaac_ros_nvblox/build/nvblox_ros_python_utils:/workspaces/isaac_ros-dev/src/isaac_ros_nvblox/install/nvblox_ros_python_utils/lib/python3.10/site-packages:/workspaces/isaac_ros-dev/src/isaac_ros_nvblox/install/nvblox_msgs/local/lib/python3.10/dist-packages:${PYTHONPATH} _=/usr/bin/env /usr/bin/cmake /workspaces/isaac_ros-dev/src/isaac_ros_nvblox/isaac_ros_nvblox -DAMENT_CMAKE_SYMLINK_INSTALL=1 -DCMAKE_INSTALL_PREFIX=/workspaces/isaac_ros-dev/src/isaac_ros_nvblox/install/isaac_ros_nvblox
[192.298s] DEBUG:colcon.colcon_core.event_handler.log_command:Invoked command in '/workspaces/isaac_ros-dev/src/isaac_ros_nvblox/build/isaac_ros_nvblox' returned '0': AMENT_PREFIX_PATH=/workspaces/isaac_ros-dev/src/isaac_ros_nvblox/install/nvblox_examples_bringup:/workspaces/isaac_ros-dev/src/isaac_ros_nvblox/install/nvblox_ros:/workspaces/isaac_ros-dev/src/isaac_ros_nvblox/install/semantic_label_conversion:/workspaces/isaac_ros-dev/src/isaac_ros_nvblox/install/nvblox_rviz_plugin:/workspaces/isaac_ros-dev/src/isaac_ros_nvblox/install/nvblox_image_padding:/workspaces/isaac_ros-dev/src/isaac_ros_nvblox/install/nvblox_ros_python_utils:/workspaces/isaac_ros-dev/src/isaac_ros_nvblox/install/nvblox_ros_common:/workspaces/isaac_ros-dev/src/isaac_ros_nvblox/install/nvblox_msgs:${AMENT_PREFIX_PATH} CMAKE_PREFIX_PATH=/workspaces/isaac_ros-dev/src/isaac_ros_nvblox/install/nvblox_examples_bringup:/workspaces/isaac_ros-dev/src/isaac_ros_nvblox/install/nvblox_ros:/workspaces/isaac_ros-dev/src/isaac_ros_nvblox/install/semantic_label_conversion:/workspaces/isaac_ros-dev/src/isaac_ros_nvblox/install/nvblox_rviz_plugin:/workspaces/isaac_ros-dev/src/isaac_ros_nvblox/install/nvblox_image_padding:/workspaces/isaac_ros-dev/src/isaac_ros_nvblox/install/nvblox_ros_common:/workspaces/isaac_ros-dev/src/isaac_ros_nvblox/install/nvblox_msgs:/opt/ros/humble LD_LIBRARY_PATH=/workspaces/isaac_ros-dev/src/isaac_ros_nvblox/install/nvblox_ros/lib:/workspaces/isaac_ros-dev/src/isaac_ros_nvblox/install/nvblox_rviz_plugin/lib:/workspaces/isaac_ros-dev/src/isaac_ros_nvblox/install/nvblox_image_padding/lib:/workspaces/isaac_ros-dev/src/isaac_ros_nvblox/install/nvblox_ros_common/lib:/workspaces/isaac_ros-dev/src/isaac_ros_nvblox/install/nvblox_msgs/lib:${LD_LIBRARY_PATH} PATH=/workspaces/isaac_ros-dev/src/isaac_ros_nvblox/install/nvblox_ros/bin:${PATH} PYTHONPATH=/workspaces/isaac_ros-dev/src/isaac_ros_nvblox/build/nvblox_ros_python_utils:/workspaces/isaac_ros-dev/src/isaac_ros_nvblox/install/nvblox_ros_python_utils/lib/python3.10/site-packages:/workspaces/isaac_ros-dev/src/isaac_ros_nvblox/install/nvblox_msgs/local/lib/python3.10/dist-packages:${PYTHONPATH} _=/usr/bin/env /usr/bin/cmake /workspaces/isaac_ros-dev/src/isaac_ros_nvblox/isaac_ros_nvblox -DAMENT_CMAKE_SYMLINK_INSTALL=1 -DCMAKE_INSTALL_PREFIX=/workspaces/isaac_ros-dev/src/isaac_ros_nvblox/install/isaac_ros_nvblox
[192.300s] DEBUG:colcon.colcon_core.event_handler.log_command:Invoking command in '/workspaces/isaac_ros-dev/src/isaac_ros_nvblox/build/isaac_ros_nvblox': AMENT_PREFIX_PATH=/workspaces/isaac_ros-dev/src/isaac_ros_nvblox/install/nvblox_examples_bringup:/workspaces/isaac_ros-dev/src/isaac_ros_nvblox/install/nvblox_ros:/workspaces/isaac_ros-dev/src/isaac_ros_nvblox/install/semantic_label_conversion:/workspaces/isaac_ros-dev/src/isaac_ros_nvblox/install/nvblox_rviz_plugin:/workspaces/isaac_ros-dev/src/isaac_ros_nvblox/install/nvblox_image_padding:/workspaces/isaac_ros-dev/src/isaac_ros_nvblox/install/nvblox_ros_python_utils:/workspaces/isaac_ros-dev/src/isaac_ros_nvblox/install/nvblox_ros_common:/workspaces/isaac_ros-dev/src/isaac_ros_nvblox/install/nvblox_msgs:${AMENT_PREFIX_PATH} CMAKE_PREFIX_PATH=/workspaces/isaac_ros-dev/src/isaac_ros_nvblox/install/nvblox_examples_bringup:/workspaces/isaac_ros-dev/src/isaac_ros_nvblox/install/nvblox_ros:/workspaces/isaac_ros-dev/src/isaac_ros_nvblox/install/semantic_label_conversion:/workspaces/isaac_ros-dev/src/isaac_ros_nvblox/install/nvblox_rviz_plugin:/workspaces/isaac_ros-dev/src/isaac_ros_nvblox/install/nvblox_image_padding:/workspaces/isaac_ros-dev/src/isaac_ros_nvblox/install/nvblox_ros_common:/workspaces/isaac_ros-dev/src/isaac_ros_nvblox/install/nvblox_msgs:/opt/ros/humble LD_LIBRARY_PATH=/workspaces/isaac_ros-dev/src/isaac_ros_nvblox/install/nvblox_ros/lib:/workspaces/isaac_ros-dev/src/isaac_ros_nvblox/install/nvblox_rviz_plugin/lib:/workspaces/isaac_ros-dev/src/isaac_ros_nvblox/install/nvblox_image_padding/lib:/workspaces/isaac_ros-dev/src/isaac_ros_nvblox/install/nvblox_ros_common/lib:/workspaces/isaac_ros-dev/src/isaac_ros_nvblox/install/nvblox_msgs/lib:${LD_LIBRARY_PATH} PATH=/workspaces/isaac_ros-dev/src/isaac_ros_nvblox/install/nvblox_ros/bin:${PATH} PYTHONPATH=/workspaces/isaac_ros-dev/src/isaac_ros_nvblox/build/nvblox_ros_python_utils:/workspaces/isaac_ros-dev/src/isaac_ros_nvblox/install/nvblox_ros_python_utils/lib/python3.10/site-packages:/workspaces/isaac_ros-dev/src/isaac_ros_nvblox/install/nvblox_msgs/local/lib/python3.10/dist-packages:${PYTHONPATH} _=/usr/bin/env /usr/bin/cmake --build /workspaces/isaac_ros-dev/src/isaac_ros_nvblox/build/isaac_ros_nvblox -- -j48 -l48
[192.345s] DEBUG:colcon.colcon_core.event_handler.log_command:Invoked command in '/workspaces/isaac_ros-dev/src/isaac_ros_nvblox/build/isaac_ros_nvblox' returned '0': AMENT_PREFIX_PATH=/workspaces/isaac_ros-dev/src/isaac_ros_nvblox/install/nvblox_examples_bringup:/workspaces/isaac_ros-dev/src/isaac_ros_nvblox/install/nvblox_ros:/workspaces/isaac_ros-dev/src/isaac_ros_nvblox/install/semantic_label_conversion:/workspaces/isaac_ros-dev/src/isaac_ros_nvblox/install/nvblox_rviz_plugin:/workspaces/isaac_ros-dev/src/isaac_ros_nvblox/install/nvblox_image_padding:/workspaces/isaac_ros-dev/src/isaac_ros_nvblox/install/nvblox_ros_python_utils:/workspaces/isaac_ros-dev/src/isaac_ros_nvblox/install/nvblox_ros_common:/workspaces/isaac_ros-dev/src/isaac_ros_nvblox/install/nvblox_msgs:${AMENT_PREFIX_PATH} CMAKE_PREFIX_PATH=/workspaces/isaac_ros-dev/src/isaac_ros_nvblox/install/nvblox_examples_bringup:/workspaces/isaac_ros-dev/src/isaac_ros_nvblox/install/nvblox_ros:/workspaces/isaac_ros-dev/src/isaac_ros_nvblox/install/semantic_label_conversion:/workspaces/isaac_ros-dev/src/isaac_ros_nvblox/install/nvblox_rviz_plugin:/workspaces/isaac_ros-dev/src/isaac_ros_nvblox/install/nvblox_image_padding:/workspaces/isaac_ros-dev/src/isaac_ros_nvblox/install/nvblox_ros_common:/workspaces/isaac_ros-dev/src/isaac_ros_nvblox/install/nvblox_msgs:/opt/ros/humble LD_LIBRARY_PATH=/workspaces/isaac_ros-dev/src/isaac_ros_nvblox/install/nvblox_ros/lib:/workspaces/isaac_ros-dev/src/isaac_ros_nvblox/install/nvblox_rviz_plugin/lib:/workspaces/isaac_ros-dev/src/isaac_ros_nvblox/install/nvblox_image_padding/lib:/workspaces/isaac_ros-dev/src/isaac_ros_nvblox/install/nvblox_ros_common/lib:/workspaces/isaac_ros-dev/src/isaac_ros_nvblox/install/nvblox_msgs/lib:${LD_LIBRARY_PATH} PATH=/workspaces/isaac_ros-dev/src/isaac_ros_nvblox/install/nvblox_ros/bin:${PATH} PYTHONPATH=/workspaces/isaac_ros-dev/src/isaac_ros_nvblox/build/nvblox_ros_python_utils:/workspaces/isaac_ros-dev/src/isaac_ros_nvblox/install/nvblox_ros_python_utils/lib/python3.10/site-packages:/workspaces/isaac_ros-dev/src/isaac_ros_nvblox/install/nvblox_msgs/local/lib/python3.10/dist-packages:${PYTHONPATH} _=/usr/bin/env /usr/bin/cmake --build /workspaces/isaac_ros-dev/src/isaac_ros_nvblox/build/isaac_ros_nvblox -- -j48 -l48
[192.474s] DEBUG:colcon.colcon_core.event_handler.log_command:Invoking command in '/workspaces/isaac_ros-dev/src/isaac_ros_nvblox/build/isaac_ros_nvblox': AMENT_PREFIX_PATH=/workspaces/isaac_ros-dev/src/isaac_ros_nvblox/install/nvblox_examples_bringup:/workspaces/isaac_ros-dev/src/isaac_ros_nvblox/install/nvblox_ros:/workspaces/isaac_ros-dev/src/isaac_ros_nvblox/install/semantic_label_conversion:/workspaces/isaac_ros-dev/src/isaac_ros_nvblox/install/nvblox_rviz_plugin:/workspaces/isaac_ros-dev/src/isaac_ros_nvblox/install/nvblox_image_padding:/workspaces/isaac_ros-dev/src/isaac_ros_nvblox/install/nvblox_ros_python_utils:/workspaces/isaac_ros-dev/src/isaac_ros_nvblox/install/nvblox_ros_common:/workspaces/isaac_ros-dev/src/isaac_ros_nvblox/install/nvblox_msgs:${AMENT_PREFIX_PATH} CMAKE_PREFIX_PATH=/workspaces/isaac_ros-dev/src/isaac_ros_nvblox/install/nvblox_examples_bringup:/workspaces/isaac_ros-dev/src/isaac_ros_nvblox/install/nvblox_ros:/workspaces/isaac_ros-dev/src/isaac_ros_nvblox/install/semantic_label_conversion:/workspaces/isaac_ros-dev/src/isaac_ros_nvblox/install/nvblox_rviz_plugin:/workspaces/isaac_ros-dev/src/isaac_ros_nvblox/install/nvblox_image_padding:/workspaces/isaac_ros-dev/src/isaac_ros_nvblox/install/nvblox_ros_common:/workspaces/isaac_ros-dev/src/isaac_ros_nvblox/install/nvblox_msgs:/opt/ros/humble LD_LIBRARY_PATH=/workspaces/isaac_ros-dev/src/isaac_ros_nvblox/install/nvblox_ros/lib:/workspaces/isaac_ros-dev/src/isaac_ros_nvblox/install/nvblox_rviz_plugin/lib:/workspaces/isaac_ros-dev/src/isaac_ros_nvblox/install/nvblox_image_padding/lib:/workspaces/isaac_ros-dev/src/isaac_ros_nvblox/install/nvblox_ros_common/lib:/workspaces/isaac_ros-dev/src/isaac_ros_nvblox/install/nvblox_msgs/lib:${LD_LIBRARY_PATH} PATH=/workspaces/isaac_ros-dev/src/isaac_ros_nvblox/install/nvblox_ros/bin:${PATH} PYTHONPATH=/workspaces/isaac_ros-dev/src/isaac_ros_nvblox/build/nvblox_ros_python_utils:/workspaces/isaac_ros-dev/src/isaac_ros_nvblox/install/nvblox_ros_python_utils/lib/python3.10/site-packages:/workspaces/isaac_ros-dev/src/isaac_ros_nvblox/install/nvblox_msgs/local/lib/python3.10/dist-packages:${PYTHONPATH} _=/usr/bin/env /usr/bin/cmake --install /workspaces/isaac_ros-dev/src/isaac_ros_nvblox/build/isaac_ros_nvblox
[192.636s] Level 1:colcon.colcon_core.environment:create_environment_scripts_only(isaac_ros_nvblox)
[192.636s] Level 1:colcon.colcon_core.environment:checking '/workspaces/isaac_ros-dev/src/isaac_ros_nvblox/install/isaac_ros_nvblox' for CMake module files
[192.637s] DEBUG:colcon.colcon_core.event_handler.log_command:Invoked command in '/workspaces/isaac_ros-dev/src/isaac_ros_nvblox/build/isaac_ros_nvblox' returned '0': AMENT_PREFIX_PATH=/workspaces/isaac_ros-dev/src/isaac_ros_nvblox/install/nvblox_examples_bringup:/workspaces/isaac_ros-dev/src/isaac_ros_nvblox/install/nvblox_ros:/workspaces/isaac_ros-dev/src/isaac_ros_nvblox/install/semantic_label_conversion:/workspaces/isaac_ros-dev/src/isaac_ros_nvblox/install/nvblox_rviz_plugin:/workspaces/isaac_ros-dev/src/isaac_ros_nvblox/install/nvblox_image_padding:/workspaces/isaac_ros-dev/src/isaac_ros_nvblox/install/nvblox_ros_python_utils:/workspaces/isaac_ros-dev/src/isaac_ros_nvblox/install/nvblox_ros_common:/workspaces/isaac_ros-dev/src/isaac_ros_nvblox/install/nvblox_msgs:${AMENT_PREFIX_PATH} CMAKE_PREFIX_PATH=/workspaces/isaac_ros-dev/src/isaac_ros_nvblox/install/nvblox_examples_bringup:/workspaces/isaac_ros-dev/src/isaac_ros_nvblox/install/nvblox_ros:/workspaces/isaac_ros-dev/src/isaac_ros_nvblox/install/semantic_label_conversion:/workspaces/isaac_ros-dev/src/isaac_ros_nvblox/install/nvblox_rviz_plugin:/workspaces/isaac_ros-dev/src/isaac_ros_nvblox/install/nvblox_image_padding:/workspaces/isaac_ros-dev/src/isaac_ros_nvblox/install/nvblox_ros_common:/workspaces/isaac_ros-dev/src/isaac_ros_nvblox/install/nvblox_msgs:/opt/ros/humble LD_LIBRARY_PATH=/workspaces/isaac_ros-dev/src/isaac_ros_nvblox/install/nvblox_ros/lib:/workspaces/isaac_ros-dev/src/isaac_ros_nvblox/install/nvblox_rviz_plugin/lib:/workspaces/isaac_ros-dev/src/isaac_ros_nvblox/install/nvblox_image_padding/lib:/workspaces/isaac_ros-dev/src/isaac_ros_nvblox/install/nvblox_ros_common/lib:/workspaces/isaac_ros-dev/src/isaac_ros_nvblox/install/nvblox_msgs/lib:${LD_LIBRARY_PATH} PATH=/workspaces/isaac_ros-dev/src/isaac_ros_nvblox/install/nvblox_ros/bin:${PATH} PYTHONPATH=/workspaces/isaac_ros-dev/src/isaac_ros_nvblox/build/nvblox_ros_python_utils:/workspaces/isaac_ros-dev/src/isaac_ros_nvblox/install/nvblox_ros_python_utils/lib/python3.10/site-packages:/workspaces/isaac_ros-dev/src/isaac_ros_nvblox/install/nvblox_msgs/local/lib/python3.10/dist-packages:${PYTHONPATH} _=/usr/bin/env /usr/bin/cmake --install /workspaces/isaac_ros-dev/src/isaac_ros_nvblox/build/isaac_ros_nvblox
[192.637s] Level 1:colcon.colcon_core.environment:checking '/workspaces/isaac_ros-dev/src/isaac_ros_nvblox/install/isaac_ros_nvblox' for CMake config files
[192.638s] Level 1:colcon.colcon_core.shell:create_environment_hook('isaac_ros_nvblox', 'cmake_prefix_path')
[192.638s] INFO:colcon.colcon_core.shell:Creating environment hook '/workspaces/isaac_ros-dev/src/isaac_ros_nvblox/install/isaac_ros_nvblox/share/isaac_ros_nvblox/hook/cmake_prefix_path.ps1'
[192.638s] INFO:colcon.colcon_core.shell:Creating environment descriptor '/workspaces/isaac_ros-dev/src/isaac_ros_nvblox/install/isaac_ros_nvblox/share/isaac_ros_nvblox/hook/cmake_prefix_path.dsv'
[192.638s] INFO:colcon.colcon_core.shell:Creating environment hook '/workspaces/isaac_ros-dev/src/isaac_ros_nvblox/install/isaac_ros_nvblox/share/isaac_ros_nvblox/hook/cmake_prefix_path.sh'
[192.639s] Level 1:colcon.colcon_core.environment:checking '/workspaces/isaac_ros-dev/src/isaac_ros_nvblox/install/isaac_ros_nvblox/bin'
[192.639s] Level 1:colcon.colcon_core.environment:checking '/workspaces/isaac_ros-dev/src/isaac_ros_nvblox/install/isaac_ros_nvblox/lib/pkgconfig/isaac_ros_nvblox.pc'
[192.639s] Level 1:colcon.colcon_core.environment:checking '/workspaces/isaac_ros-dev/src/isaac_ros_nvblox/install/isaac_ros_nvblox/lib/python3.10/site-packages'
[192.639s] Level 1:colcon.colcon_core.environment:checking '/workspaces/isaac_ros-dev/src/isaac_ros_nvblox/install/isaac_ros_nvblox/bin'
[192.639s] INFO:colcon.colcon_core.shell:Creating package script '/workspaces/isaac_ros-dev/src/isaac_ros_nvblox/install/isaac_ros_nvblox/share/isaac_ros_nvblox/package.ps1'
[192.640s] INFO:colcon.colcon_core.shell:Creating package descriptor '/workspaces/isaac_ros-dev/src/isaac_ros_nvblox/install/isaac_ros_nvblox/share/isaac_ros_nvblox/package.dsv'
[192.640s] INFO:colcon.colcon_core.shell:Creating package script '/workspaces/isaac_ros-dev/src/isaac_ros_nvblox/install/isaac_ros_nvblox/share/isaac_ros_nvblox/package.sh'
[192.640s] INFO:colcon.colcon_core.shell:Creating package script '/workspaces/isaac_ros-dev/src/isaac_ros_nvblox/install/isaac_ros_nvblox/share/isaac_ros_nvblox/package.bash'
[192.640s] INFO:colcon.colcon_core.shell:Creating package script '/workspaces/isaac_ros-dev/src/isaac_ros_nvblox/install/isaac_ros_nvblox/share/isaac_ros_nvblox/package.zsh'
[192.641s] Level 1:colcon.colcon_core.environment:create_file_with_runtime_dependencies(/workspaces/isaac_ros-dev/src/isaac_ros_nvblox/install/isaac_ros_nvblox/share/colcon-core/packages/isaac_ros_nvblox)
[192.775s] Level 1:colcon.colcon_core.environment:create_environment_scripts_only(isaac_ros_nvblox)
[192.775s] Level 1:colcon.colcon_core.environment:checking '/workspaces/isaac_ros-dev/src/isaac_ros_nvblox/install/isaac_ros_nvblox' for CMake module files
[192.775s] Level 1:colcon.colcon_core.environment:checking '/workspaces/isaac_ros-dev/src/isaac_ros_nvblox/install/isaac_ros_nvblox' for CMake config files
[192.776s] Level 1:colcon.colcon_core.shell:create_environment_hook('isaac_ros_nvblox', 'cmake_prefix_path')
[192.776s] INFO:colcon.colcon_core.shell:Creating environment hook '/workspaces/isaac_ros-dev/src/isaac_ros_nvblox/install/isaac_ros_nvblox/share/isaac_ros_nvblox/hook/cmake_prefix_path.ps1'
[192.776s] INFO:colcon.colcon_core.shell:Creating environment descriptor '/workspaces/isaac_ros-dev/src/isaac_ros_nvblox/install/isaac_ros_nvblox/share/isaac_ros_nvblox/hook/cmake_prefix_path.dsv'
[192.776s] INFO:colcon.colcon_core.shell:Creating environment hook '/workspaces/isaac_ros-dev/src/isaac_ros_nvblox/install/isaac_ros_nvblox/share/isaac_ros_nvblox/hook/cmake_prefix_path.sh'
[192.777s] Level 1:colcon.colcon_core.environment:checking '/workspaces/isaac_ros-dev/src/isaac_ros_nvblox/install/isaac_ros_nvblox/bin'
[192.777s] Level 1:colcon.colcon_core.environment:checking '/workspaces/isaac_ros-dev/src/isaac_ros_nvblox/install/isaac_ros_nvblox/lib/pkgconfig/isaac_ros_nvblox.pc'
[192.777s] Level 1:colcon.colcon_core.environment:checking '/workspaces/isaac_ros-dev/src/isaac_ros_nvblox/install/isaac_ros_nvblox/lib/python3.10/site-packages'
[192.777s] Level 1:colcon.colcon_core.environment:checking '/workspaces/isaac_ros-dev/src/isaac_ros_nvblox/install/isaac_ros_nvblox/bin'
[192.777s] INFO:colcon.colcon_core.shell:Creating package script '/workspaces/isaac_ros-dev/src/isaac_ros_nvblox/install/isaac_ros_nvblox/share/isaac_ros_nvblox/package.ps1'
[192.778s] INFO:colcon.colcon_core.shell:Creating package descriptor '/workspaces/isaac_ros-dev/src/isaac_ros_nvblox/install/isaac_ros_nvblox/share/isaac_ros_nvblox/package.dsv'
[192.778s] INFO:colcon.colcon_core.shell:Creating package script '/workspaces/isaac_ros-dev/src/isaac_ros_nvblox/install/isaac_ros_nvblox/share/isaac_ros_nvblox/package.sh'
[192.778s] INFO:colcon.colcon_core.shell:Creating package script '/workspaces/isaac_ros-dev/src/isaac_ros_nvblox/install/isaac_ros_nvblox/share/isaac_ros_nvblox/package.bash'
[192.779s] INFO:colcon.colcon_core.shell:Creating package script '/workspaces/isaac_ros-dev/src/isaac_ros_nvblox/install/isaac_ros_nvblox/share/isaac_ros_nvblox/package.zsh'
[192.779s] Level 1:colcon.colcon_core.environment:create_file_with_runtime_dependencies(/workspaces/isaac_ros-dev/src/isaac_ros_nvblox/install/isaac_ros_nvblox/share/colcon-core/packages/isaac_ros_nvblox)
[192.779s] DEBUG:colcon.colcon_parallel_executor.executor.parallel:closing loop
[192.779s] DEBUG:colcon.colcon_parallel_executor.executor.parallel:loop closed
[192.779s] DEBUG:colcon.colcon_parallel_executor.executor.parallel:run_until_complete finished with '0'
[192.779s] DEBUG:colcon.colcon_core.event_reactor:joining thread
[192.784s] INFO:colcon.colcon_core.plugin_system:Skipping extension 'colcon_notification.desktop_notification.notify_send': Could not find 'notify-send'
[192.784s] INFO:colcon.colcon_core.plugin_system:Skipping extension 'colcon_notification.desktop_notification.terminal_notifier': Not used on non-Darwin systems
[192.784s] INFO:colcon.colcon_core.plugin_system:Skipping extension 'colcon_notification.desktop_notification.win32': Not used on non-Windows systems
[192.784s] INFO:colcon.colcon_notification.desktop_notification:Sending desktop notification using 'notify2'
[192.787s] DEBUG:colcon.colcon_notification.desktop_notification.notify2:Failed to initialize notify2: org.freedesktop.DBus.Error.Spawn.ExecFailed: /usr/bin/dbus-launch terminated abnormally without any error message
[192.787s] DEBUG:colcon.colcon_core.event_reactor:joined thread
[192.788s] INFO:colcon.colcon_core.shell:Creating prefix script '/workspaces/isaac_ros-dev/src/isaac_ros_nvblox/install/local_setup.ps1'
[192.789s] INFO:colcon.colcon_core.shell:Creating prefix util module '/workspaces/isaac_ros-dev/src/isaac_ros_nvblox/install/_local_setup_util_ps1.py'
[192.790s] INFO:colcon.colcon_core.shell:Creating prefix chain script '/workspaces/isaac_ros-dev/src/isaac_ros_nvblox/install/setup.ps1'
[192.790s] INFO:colcon.colcon_core.shell:Creating prefix script '/workspaces/isaac_ros-dev/src/isaac_ros_nvblox/install/local_setup.sh'
[192.791s] INFO:colcon.colcon_core.shell:Creating prefix util module '/workspaces/isaac_ros-dev/src/isaac_ros_nvblox/install/_local_setup_util_sh.py'
[192.791s] INFO:colcon.colcon_core.shell:Creating prefix chain script '/workspaces/isaac_ros-dev/src/isaac_ros_nvblox/install/setup.sh'
[192.792s] INFO:colcon.colcon_core.shell:Creating prefix script '/workspaces/isaac_ros-dev/src/isaac_ros_nvblox/install/local_setup.bash'
[192.792s] INFO:colcon.colcon_core.shell:Creating prefix chain script '/workspaces/isaac_ros-dev/src/isaac_ros_nvblox/install/setup.bash'
[192.793s] INFO:colcon.colcon_core.shell:Creating prefix script '/workspaces/isaac_ros-dev/src/isaac_ros_nvblox/install/local_setup.zsh'
[192.793s] INFO:colcon.colcon_core.shell:Creating prefix chain script '/workspaces/isaac_ros-dev/src/isaac_ros_nvblox/install/setup.zsh'
